"TICKET","TRANSACTION DATE","TRANSACTION TYPE","DETAILS","INSTRUMENT","PRICE","UNITS","DIRECTION","SPREAD COST","STOP LOSS","GUARANTEED STOP LOSS","TAKE PROFIT","TRAILING STOP","FINANCING","COMMISSION","GSL FEE","GSL PREMIUM","CONVERSION RATE","PL","AMOUNT","BALANCE"
"59025","2025-09-24 09:25:47 -12","MARKET_IF_TOUCHED_ORDER","CLIENT_ORDER","EUR/USD","1.17426","1000.00","Buy","","1.17406","","1.17439","","","","","","","","",""
"59026","2025-09-24 09:27:48 -12","ORDER_CANCEL","CLIENT_REQUEST","","","","","","","","","","","","","","","","",""
"59027","2025-09-24 09:27:51 -12","MARKET_IF_TOUCHED_ORDER","CLIENT_ORDER","EUR/USD","1.17429","1000.00","Buy","","1.17409","","1.17442","","","","","","","","",""
"59028","2025-09-24 09:29:02 -12","ORDER_CANCEL","CLIENT_REQUEST","","","","","","","","","","","","","","","","",""
"59029","2025-09-24 15:51:40 -12","MARKET_IF_TOUCHED_ORDER","CLIENT_ORDER","EUR/USD","1.17564","1000.00","Buy","","1.17540","","1.17580","","","","","","","","",""
"59030","2025-09-24 15:51:40 -12","MARKET_IF_TOUCHED_ORDER","CLIENT_ORDER","EUR/USD","1.17453","1000.00","Sell","","1.17477","","1.17437","","","","","","","","",""
"59031","2025-09-24 15:51:40 -12","MARKET_IF_TOUCHED_ORDER","CLIENT_ORDER","EUR/USD","1.17614","1000.00","Buy","","1.17590","","1.17630","","","","","","","","",""
"59032","2025-09-24 15:51:40 -12","MARKET_IF_TOUCHED_ORDER","CLIENT_ORDER","EUR/USD","1.17403","1000.00","Sell","","1.17427","","1.17387","","","","","","","","",""
"59033","2025-09-24 15:51:41 -12","MARKET_IF_TOUCHED_ORDER","CLIENT_ORDER","EUR/USD","1.17664","1000.00","Buy","","1.17640","","1.17680","","","","","","","","",""
"59034","2025-09-24 15:51:41 -12","MARKET_IF_TOUCHED_ORDER","CLIENT_ORDER","EUR/USD","1.17353","1000.00","Sell","","1.17377","","1.17337","","","","","","","","",""
"59035","2025-09-24 15:51:41 -12","MARKET_IF_TOUCHED_ORDER","CLIENT_ORDER","EUR/USD","1.17714","1000.00","Buy","","1.17690","","1.17730","","","","","","","","",""
"59036","2025-09-24 15:51:42 -12","MARKET_IF_TOUCHED_ORDER","CLIENT_ORDER","EUR/USD","1.17303","1000.00","Sell","","1.17327","","1.17287","","","","","","","","",""
"59037","2025-09-24 15:51:42 -12","MARKET_IF_TOUCHED_ORDER","CLIENT_ORDER","EUR/USD","1.17764","1000.00","Buy","","1.17740","","1.17780","","","","","","","","",""
"59038","2025-09-24 15:51:42 -12","MARKET_IF_TOUCHED_ORDER","CLIENT_ORDER","EUR/USD","1.17253","1000.00","Sell","","1.17277","","1.17237","","","","","","","","",""
"59039","2025-09-24 15:53:43 -12","ORDER_CANCEL","CLIENT_REQUEST","","","","","","","","","","","","","","","","",""
"59040","2025-09-24 15:53:43 -12","ORDER_CANCEL","CLIENT_REQUEST","","","","","","","","","","","","","","","","",""
"59041","2025-09-24 15:53:43 -12","ORDER_CANCEL","CLIENT_REQUEST","","","","","","","","","","","","","","","","",""
"59042","2025-09-24 15:53:43 -12","ORDER_CANCEL","CLIENT_REQUEST","","","","","","","","","","","","","","","","",""
"59043","2025-09-24 15:53:44 -12","ORDER_CANCEL","CLIENT_REQUEST","","","","","","","","","","","","","","","","",""
"59044","2025-09-24 15:53:44 -12","ORDER_CANCEL","CLIENT_REQUEST","","","","","","","","","","","","","","","","",""
"59045","2025-09-24 15:53:44 -12","ORDER_CANCEL","CLIENT_REQUEST","","","","","","","","","","","","","","","","",""
"59046","2025-09-24 15:53:45 -12","ORDER_CANCEL","CLIENT_REQUEST","","","","","","","","","","","","","","","","",""
"59047","2025-09-24 15:53:45 -12","ORDER_CANCEL","CLIENT_REQUEST","","","","","","","","","","","","","","","","",""
"59048","2025-09-24 15:53:45 -12","ORDER_CANCEL","CLIENT_REQUEST","","","","","","","","","","","","","","","","",""
"59049","2025-09-24 15:53:46 -12","MARKET_IF_TOUCHED_ORDER","CLIENT_ORDER","EUR/USD","1.17564","1000.00","Buy","","1.17540","","1.17580","","","","","","","","",""
"59050","2025-09-24 15:53:47 -12","MARKET_IF_TOUCHED_ORDER","CLIENT_ORDER","EUR/USD","1.17453","1000.00","Sell","","1.17477","","1.17437","","","","","","","","",""
"59051","2025-09-24 15:53:47 -12","MARKET_IF_TOUCHED_ORDER","CLIENT_ORDER","EUR/USD","1.17614","1000.00","Buy","","1.17590","","1.17630","","","","","","","","",""
"59052","2025-09-24 15:53:47 -12","MARKET_IF_TOUCHED_ORDER","CLIENT_ORDER","EUR/USD","1.17403","1000.00","Sell","","1.17427","","1.17387","","","","","","","","",""
"59053","2025-09-24 15:53:47 -12","MARKET_IF_TOUCHED_ORDER","CLIENT_ORDER","EUR/USD","1.17664","1000.00","Buy","","1.17640","","1.17680","","","","","","","","",""
"59054","2025-09-24 15:53:48 -12","MARKET_IF_TOUCHED_ORDER","CLIENT_ORDER","EUR/USD","1.17353","1000.00","Sell","","1.17377","","1.17337","","","","","","","","",""
"59055","2025-09-24 15:53:48 -12","MARKET_IF_TOUCHED_ORDER","CLIENT_ORDER","EUR/USD","1.17714","1000.00","Buy","","1.17690","","1.17730","","","","","","","","",""
"59056","2025-09-24 15:53:48 -12","MARKET_IF_TOUCHED_ORDER","CLIENT_ORDER","EUR/USD","1.17303","1000.00","Sell","","1.17327","","1.17287","","","","","","","","",""
"59057","2025-09-24 15:53:48 -12","MARKET_IF_TOUCHED_ORDER","CLIENT_ORDER","EUR/USD","1.17764","1000.00","Buy","","1.17740","","1.17780","","","","","","","","",""
"59058","2025-09-24 15:53:49 -12","MARKET_IF_TOUCHED_ORDER","CLIENT_ORDER","EUR/USD","1.17253","1000.00","Sell","","1.17277","","1.17237","","","","","","","","",""
"59059","2025-09-24 15:55:49 -12","ORDER_CANCEL","CLIENT_REQUEST","","","","","","","","","","","","","","","","",""
"59060","2025-09-24 15:55:49 -12","ORDER_CANCEL","CLIENT_REQUEST","","","","","","","","","","","","","","","","",""
"59061","2025-09-24 15:55:50 -12","ORDER_CANCEL","CLIENT_REQUEST","","","","","","","","","","","","","","","","",""
"59062","2025-09-24 15:55:50 -12","ORDER_CANCEL","CLIENT_REQUEST","","","","","","","","","","","","","","","","",""
"59063","2025-09-24 15:55:50 -12","ORDER_CANCEL","CLIENT_REQUEST","","","","","","","","","","","","","","","","",""
"59064","2025-09-24 15:55:50 -12","ORDER_CANCEL","CLIENT_REQUEST","","","","","","","","","","","","","","","","",""
"59065","2025-09-24 15:55:51 -12","ORDER_CANCEL","CLIENT_REQUEST","","","","","","","","","","","","","","","","",""
"59066","2025-09-24 15:55:51 -12","ORDER_CANCEL","CLIENT_REQUEST","","","","","","","","","","","","","","","","",""
"59067","2025-09-24 15:55:51 -12","ORDER_CANCEL","CLIENT_REQUEST","","","","","","","","","","","","","","","","",""
"59068","2025-09-24 15:55:51 -12","ORDER_CANCEL","CLIENT_REQUEST","","","","","","","","","","","","","","","","",""
"59069","2025-09-24 15:55:53 -12","MARKET_IF_TOUCHED_ORDER","CLIENT_ORDER","EUR/USD","1.17580","1000.00","Buy","","1.17556","","1.17596","","","","","","","","",""
"59070","2025-09-24 15:55:53 -12","MARKET_IF_TOUCHED_ORDER","CLIENT_ORDER","EUR/USD","1.17469","1000.00","Sell","","1.17493","","1.17453","","","","","","","","",""
"59071","2025-09-24 15:55:53 -12","MARKET_IF_TOUCHED_ORDER","CLIENT_ORDER","EUR/USD","1.17630","1000.00","Buy","","1.17606","","1.17646","","","","","","","","",""
"59072","2025-09-24 15:55:54 -12","MARKET_IF_TOUCHED_ORDER","CLIENT_ORDER","EUR/USD","1.17419","1000.00","Sell","","1.17443","","1.17403","","","","","","","","",""
"59073","2025-09-24 15:55:54 -12","MARKET_IF_TOUCHED_ORDER","CLIENT_ORDER","EUR/USD","1.17680","1000.00","Buy","","1.17656","","1.17696","","","","","","","","",""
"59074","2025-09-24 15:55:54 -12","MARKET_IF_TOUCHED_ORDER","CLIENT_ORDER","EUR/USD","1.17369","1000.00","Sell","","1.17393","","1.17353","","","","","","","","",""
"59075","2025-09-24 15:55:54 -12","MARKET_IF_TOUCHED_ORDER","CLIENT_ORDER","EUR/USD","1.17730","1000.00","Buy","","1.17706","","1.17746","","","","","","","","",""
"59076","2025-09-24 15:55:55 -12","MARKET_IF_TOUCHED_ORDER","CLIENT_ORDER","EUR/USD","1.17319","1000.00","Sell","","1.17343","","1.17303","","","","","","","","",""
"59077","2025-09-24 15:55:55 -12","MARKET_IF_TOUCHED_ORDER","CLIENT_ORDER","EUR/USD","1.17780","1000.00","Buy","","1.17756","","1.17796","","","","","","","","",""
"59078","2025-09-24 15:55:55 -12","MARKET_IF_TOUCHED_ORDER","CLIENT_ORDER","EUR/USD","1.17269","1000.00","Sell","","1.17293","","1.17253","","","","","","","","",""
"59079","2025-09-24 15:57:56 -12","ORDER_CANCEL","CLIENT_REQUEST","","","","","","","","","","","","","","","","",""
"59080","2025-09-24 15:57:56 -12","ORDER_CANCEL","CLIENT_REQUEST","","","","","","","","","","","","","","","","",""
"59081","2025-09-24 15:57:56 -12","ORDER_CANCEL","CLIENT_REQUEST","","","","","","","","","","","","","","","","",""
"59082","2025-09-24 15:57:56 -12","ORDER_CANCEL","CLIENT_REQUEST","","","","","","","","","","","","","","","","",""
"59083","2025-09-24 15:57:57 -12","ORDER_CANCEL","CLIENT_REQUEST","","","","","","","","","","","","","","","","",""
"59084","2025-09-24 15:57:57 -12","ORDER_CANCEL","CLIENT_REQUEST","","","","","","","","","","","","","","","","",""
"59085","2025-09-24 15:57:57 -12","ORDER_CANCEL","CLIENT_REQUEST","","","","","","","","","","","","","","","","",""
"59086","2025-09-24 15:57:57 -12","ORDER_CANCEL","CLIENT_REQUEST","","","","","","","","","","","","","","","","",""
"59087","2025-09-24 15:57:58 -12","ORDER_CANCEL","CLIENT_REQUEST","","","","","","","","","","","","","","","","",""
"59088","2025-09-24 15:57:58 -12","ORDER_CANCEL","CLIENT_REQUEST","","","","","","","","","","","","","","","","",""
"59089","2025-09-24 15:57:59 -12","MARKET_IF_TOUCHED_ORDER","CLIENT_ORDER","EUR/USD","1.17589","1000.00","Buy","","1.17565","","1.17605","","","","","","","","",""
"59090","2025-09-24 15:58:00 -12","MARKET_IF_TOUCHED_ORDER","CLIENT_ORDER","EUR/USD","1.17479","1000.00","Sell","","1.17503","","1.17463","","","","","","","","",""
"59091","2025-09-24 15:58:00 -12","MARKET_IF_TOUCHED_ORDER","CLIENT_ORDER","EUR/USD","1.17639","1000.00","Buy","","1.17615","","1.17655","","","","","","","","",""
"59092","2025-09-24 15:58:00 -12","MARKET_IF_TOUCHED_ORDER","CLIENT_ORDER","EUR/USD","1.17429","1000.00","Sell","","1.17453","","1.17413","","","","","","","","",""
"59093","2025-09-24 15:58:00 -12","MARKET_IF_TOUCHED_ORDER","CLIENT_ORDER","EUR/USD","1.17689","1000.00","Buy","","1.17665","","1.17705","","","","","","","","",""
"59094","2025-09-24 15:58:01 -12","MARKET_IF_TOUCHED_ORDER","CLIENT_ORDER","EUR/USD","1.17379","1000.00","Sell","","1.17403","","1.17363","","","","","","","","",""
"59095","2025-09-24 15:58:01 -12","MARKET_IF_TOUCHED_ORDER","CLIENT_ORDER","EUR/USD","1.17739","1000.00","Buy","","1.17715","","1.17755","","","","","","","","",""
"59096","2025-09-24 15:58:01 -12","MARKET_IF_TOUCHED_ORDER","CLIENT_ORDER","EUR/USD","1.17329","1000.00","Sell","","1.17353","","1.17313","","","","","","","","",""
"59097","2025-09-24 15:58:01 -12","MARKET_IF_TOUCHED_ORDER","CLIENT_ORDER","EUR/USD","1.17789","1000.00","Buy","","1.17765","","1.17805","","","","","","","","",""
"59098","2025-09-24 15:58:02 -12","MARKET_IF_TOUCHED_ORDER","CLIENT_ORDER","EUR/USD","1.17279","1000.00","Sell","","1.17303","","1.17263","","","","","","","","",""
"59099","2025-09-24 16:00:02 -12","ORDER_CANCEL","CLIENT_REQUEST","","","","","","","","","","","","","","","","",""
"59100","2025-09-24 16:00:02 -12","ORDER_CANCEL","CLIENT_REQUEST","","","","","","","","","","","","","","","","",""
"59101","2025-09-24 16:00:03 -12","ORDER_CANCEL","CLIENT_REQUEST","","","","","","","","","","","","","","","","",""
"59102","2025-09-24 16:00:03 -12","ORDER_CANCEL","CLIENT_REQUEST","","","","","","","","","","","","","","","","",""
"59103","2025-09-24 16:00:03 -12","ORDER_CANCEL","CLIENT_REQUEST","","","","","","","","","","","","","","","","",""
"59104","2025-09-24 16:00:04 -12","ORDER_CANCEL","CLIENT_REQUEST","","","","","","","","","","","","","","","","",""
"59105","2025-09-24 16:00:04 -12","ORDER_CANCEL","CLIENT_REQUEST","","","","","","","","","","","","","","","","",""
"59106","2025-09-24 16:00:04 -12","ORDER_CANCEL","CLIENT_REQUEST","","","","","","","","","","","","","","","","",""
"59107","2025-09-24 16:00:04 -12","ORDER_CANCEL","CLIENT_REQUEST","","","","","","","","","","","","","","","","",""
"59108","2025-09-24 16:00:04 -12","ORDER_CANCEL","CLIENT_REQUEST","","","","","","","","","","","","","","","","",""
"59109","2025-09-24 16:00:06 -12","MARKET_IF_TOUCHED_ORDER","CLIENT_ORDER","EUR/USD","1.17583","1000.00","Buy","","1.17559","","1.17599","","","","","","","","",""
"59110","2025-09-24 16:00:06 -12","MARKET_IF_TOUCHED_ORDER","CLIENT_ORDER","EUR/USD","1.17472","1000.00","Sell","","1.17496","","1.17456","","","","","","","","",""
"59111","2025-09-24 16:00:06 -12","MARKET_IF_TOUCHED_ORDER","CLIENT_ORDER","EUR/USD","1.17633","1000.00","Buy","","1.17609","","1.17649","","","","","","","","",""
"59112","2025-09-24 16:00:07 -12","MARKET_IF_TOUCHED_ORDER","CLIENT_ORDER","EUR/USD","1.17422","1000.00","Sell","","1.17446","","1.17406","","","","","","","","",""
"59113","2025-09-24 16:00:07 -12","MARKET_IF_TOUCHED_ORDER","CLIENT_ORDER","EUR/USD","1.17683","1000.00","Buy","","1.17659","","1.17699","","","","","","","","",""
"59114","2025-09-24 16:00:07 -12","MARKET_IF_TOUCHED_ORDER","CLIENT_ORDER","EUR/USD","1.17372","1000.00","Sell","","1.17396","","1.17356","","","","","","","","",""
"59115","2025-09-24 16:00:07 -12","MARKET_IF_TOUCHED_ORDER","CLIENT_ORDER","EUR/USD","1.17733","1000.00","Buy","","1.17709","","1.17749","","","","","","","","",""
"59116","2025-09-24 16:00:08 -12","MARKET_IF_TOUCHED_ORDER","CLIENT_ORDER","EUR/USD","1.17322","1000.00","Sell","","1.17346","","1.17306","","","","","","","","",""
"59117","2025-09-24 16:00:08 -12","MARKET_IF_TOUCHED_ORDER","CLIENT_ORDER","EUR/USD","1.17783","1000.00","Buy","","1.17759","","1.17799","","","","","","","","",""
"59118","2025-09-24 16:00:08 -12","MARKET_IF_TOUCHED_ORDER","CLIENT_ORDER","EUR/USD","1.17272","1000.00","Sell","","1.17296","","1.17256","","","","","","","","",""
"59119","2025-09-24 16:02:09 -12","ORDER_CANCEL","CLIENT_REQUEST","","","","","","","","","","","","","","","","",""
"59120","2025-09-24 16:02:09 -12","ORDER_CANCEL","CLIENT_REQUEST","","","","","","","","","","","","","","","","",""
"59121","2025-09-24 16:02:09 -12","ORDER_CANCEL","CLIENT_REQUEST","","","","","","","","","","","","","","","","",""
"59122","2025-09-24 16:02:10 -12","ORDER_CANCEL","CLIENT_REQUEST","","","","","","","","","","","","","","","","",""
"59123","2025-09-24 16:02:10 -12","ORDER_CANCEL","CLIENT_REQUEST","","","","","","","","","","","","","","","","",""
"59124","2025-09-24 16:02:10 -12","ORDER_CANCEL","CLIENT_REQUEST","","","","","","","","","","","","","","","","",""
"59125","2025-09-24 16:02:10 -12","ORDER_CANCEL","CLIENT_REQUEST","","","","","","","","","","","","","","","","",""
"59126","2025-09-24 16:02:11 -12","ORDER_CANCEL","CLIENT_REQUEST","","","","","","","","","","","","","","","","",""
"59127","2025-09-24 16:02:11 -12","ORDER_CANCEL","CLIENT_REQUEST","","","","","","","","","","","","","","","","",""
"59128","2025-09-24 16:02:11 -12","ORDER_CANCEL","CLIENT_REQUEST","","","","","","","","","","","","","","","","",""
"59129","2025-09-24 16:02:12 -12","MARKET_IF_TOUCHED_ORDER","CLIENT_ORDER","EUR/USD","1.17581","1000.00","Buy","","1.17557","","1.17597","","","","","","","","",""
"59130","2025-09-24 16:02:13 -12","MARKET_IF_TOUCHED_ORDER","CLIENT_ORDER","EUR/USD","1.17472","1000.00","Sell","","1.17496","","1.17456","","","","","","","","",""
"59131","2025-09-24 16:02:13 -12","MARKET_IF_TOUCHED_ORDER","CLIENT_ORDER","EUR/USD","1.17631","1000.00","Buy","","1.17607","","1.17647","","","","","","","","",""
"59132","2025-09-24 16:02:13 -12","MARKET_IF_TOUCHED_ORDER","CLIENT_ORDER","EUR/USD","1.17422","1000.00","Sell","","1.17446","","1.17406","","","","","","","","",""
"59133","2025-09-24 16:02:13 -12","MARKET_IF_TOUCHED_ORDER","CLIENT_ORDER","EUR/USD","1.17681","1000.00","Buy","","1.17657","","1.17697","","","","","","","","",""
"59134","2025-09-24 16:02:14 -12","MARKET_IF_TOUCHED_ORDER","CLIENT_ORDER","EUR/USD","1.17372","1000.00","Sell","","1.17396","","1.17356","","","","","","","","",""
"59135","2025-09-24 16:02:14 -12","MARKET_IF_TOUCHED_ORDER","CLIENT_ORDER","EUR/USD","1.17731","1000.00","Buy","","1.17707","","1.17747","","","","","","","","",""
"59136","2025-09-24 16:02:14 -12","MARKET_IF_TOUCHED_ORDER","CLIENT_ORDER","EUR/USD","1.17322","1000.00","Sell","","1.17346","","1.17306","","","","","","","","",""
"59137","2025-09-24 16:02:14 -12","MARKET_IF_TOUCHED_ORDER","CLIENT_ORDER","EUR/USD","1.17781","1000.00","Buy","","1.17757","","1.17797","","","","","","","","",""
"59138","2025-09-24 16:02:15 -12","MARKET_IF_TOUCHED_ORDER","CLIENT_ORDER","EUR/USD","1.17272","1000.00","Sell","","1.17296","","1.17256","","","","","","","","",""
"59139","2025-09-24 16:04:15 -12","ORDER_CANCEL","CLIENT_REQUEST","","","","","","","","","","","","","","","","",""
"59140","2025-09-24 16:04:15 -12","ORDER_CANCEL","CLIENT_REQUEST","","","","","","","","","","","","","","","","",""
"59141","2025-09-24 16:04:16 -12","ORDER_CANCEL","CLIENT_REQUEST","","","","","","","","","","","","","","","","",""
"59142","2025-09-24 16:04:16 -12","ORDER_CANCEL","CLIENT_REQUEST","","","","","","","","","","","","","","","","",""
"59143","2025-09-24 16:04:16 -12","ORDER_CANCEL","CLIENT_REQUEST","","","","","","","","","","","","","","","","",""
"59144","2025-09-24 16:04:16 -12","ORDER_CANCEL","CLIENT_REQUEST","","","","","","","","","","","","","","","","",""
"59145","2025-09-24 16:04:17 -12","ORDER_CANCEL","CLIENT_REQUEST","","","","","","","","","","","","","","","","",""
"59146","2025-09-24 16:04:17 -12","ORDER_CANCEL","CLIENT_REQUEST","","","","","","","","","","","","","","","","",""
"59147","2025-09-24 16:04:17 -12","ORDER_CANCEL","CLIENT_REQUEST","","","","","","","","","","","","","","","","",""
"59148","2025-09-24 16:04:17 -12","ORDER_CANCEL","CLIENT_REQUEST","","","","","","","","","","","","","","","","",""
"59149","2025-09-24 16:04:19 -12","MARKET_IF_TOUCHED_ORDER","CLIENT_ORDER","EUR/USD","1.17564","1000.00","Buy","","1.17540","","1.17580","","","","","","","","",""
"59150","2025-09-24 16:04:19 -12","MARKET_IF_TOUCHED_ORDER","CLIENT_ORDER","EUR/USD","1.17456","1000.00","Sell","","1.17480","","1.17440","","","","","","","","",""
"59151","2025-09-24 16:04:19 -12","MARKET_IF_TOUCHED_ORDER","CLIENT_ORDER","EUR/USD","1.17614","1000.00","Buy","","1.17590","","1.17630","","","","","","","","",""
"59152","2025-09-24 16:04:20 -12","MARKET_IF_TOUCHED_ORDER","CLIENT_ORDER","EUR/USD","1.17406","1000.00","Sell","","1.17430","","1.17390","","","","","","","","",""
"59153","2025-09-24 16:04:20 -12","MARKET_IF_TOUCHED_ORDER","CLIENT_ORDER","EUR/USD","1.17664","1000.00","Buy","","1.17640","","1.17680","","","","","","","","",""
"59154","2025-09-24 16:04:20 -12","MARKET_IF_TOUCHED_ORDER","CLIENT_ORDER","EUR/USD","1.17356","1000.00","Sell","","1.17380","","1.17340","","","","","","","","",""
"59155","2025-09-24 16:04:20 -12","MARKET_IF_TOUCHED_ORDER","CLIENT_ORDER","EUR/USD","1.17714","1000.00","Buy","","1.17690","","1.17730","","","","","","","","",""
"59156","2025-09-24 16:04:21 -12","MARKET_IF_TOUCHED_ORDER","CLIENT_ORDER","EUR/USD","1.17306","1000.00","Sell","","1.17330","","1.17290","","","","","","","","",""
"59157","2025-09-24 16:04:21 -12","MARKET_IF_TOUCHED_ORDER","CLIENT_ORDER","EUR/USD","1.17764","1000.00","Buy","","1.17740","","1.17780","","","","","","","","",""
"59158","2025-09-24 16:04:21 -12","MARKET_IF_TOUCHED_ORDER","CLIENT_ORDER","EUR/USD","1.17256","1000.00","Sell","","1.17280","","1.17240","","","","","","","","",""
"59159","2025-09-24 16:06:22 -12","ORDER_CANCEL","CLIENT_REQUEST","","","","","","","","","","","","","","","","",""
"59160","2025-09-24 16:06:22 -12","ORDER_CANCEL","CLIENT_REQUEST","","","","","","","","","","","","","","","","",""
"59161","2025-09-24 16:06:22 -12","ORDER_CANCEL","CLIENT_REQUEST","","","","","","","","","","","","","","","","",""
"59162","2025-09-24 16:06:22 -12","ORDER_CANCEL","CLIENT_REQUEST","","","","","","","","","","","","","","","","",""
"59163","2025-09-24 16:06:23 -12","ORDER_CANCEL","CLIENT_REQUEST","","","","","","","","","","","","","","","","",""
"59164","2025-09-24 16:06:23 -12","ORDER_CANCEL","CLIENT_REQUEST","","","","","","","","","","","","","","","","",""
"59165","2025-09-24 16:06:23 -12","ORDER_CANCEL","CLIENT_REQUEST","","","","","","","","","","","","","","","","",""
"59166","2025-09-24 16:06:23 -12","ORDER_CANCEL","CLIENT_REQUEST","","","","","","","","","","","","","","","","",""
"59167","2025-09-24 16:06:24 -12","ORDER_CANCEL","CLIENT_REQUEST","","","","","","","","","","","","","","","","",""
"59168","2025-09-24 16:06:24 -12","ORDER_CANCEL","CLIENT_REQUEST","","","","","","","","","","","","","","","","",""
"59169","2025-09-24 16:06:25 -12","MARKET_IF_TOUCHED_ORDER","CLIENT_ORDER","EUR/USD","1.17551","1000.00","Buy","","1.17527","","1.17567","","","","","","","","",""
"59170","2025-09-24 16:06:26 -12","MARKET_IF_TOUCHED_ORDER","CLIENT_ORDER","EUR/USD","1.17443","1000.00","Sell","","1.17467","","1.17427","","","","","","","","",""
"59171","2025-09-24 16:06:26 -12","MARKET_IF_TOUCHED_ORDER","CLIENT_ORDER","EUR/USD","1.17601","1000.00","Buy","","1.17577","","1.17617","","","","","","","","",""
"59172","2025-09-24 16:06:26 -12","MARKET_IF_TOUCHED_ORDER","CLIENT_ORDER","EUR/USD","1.17393","1000.00","Sell","","1.17417","","1.17377","","","","","","","","",""
"59173","2025-09-24 16:06:26 -12","MARKET_IF_TOUCHED_ORDER","CLIENT_ORDER","EUR/USD","1.17651","1000.00","Buy","","1.17627","","1.17667","","","","","","","","",""
"59174","2025-09-24 16:06:27 -12","MARKET_IF_TOUCHED_ORDER","CLIENT_ORDER","EUR/USD","1.17343","1000.00","Sell","","1.17367","","1.17327","","","","","","","","",""
"59175","2025-09-24 16:06:27 -12","MARKET_IF_TOUCHED_ORDER","CLIENT_ORDER","EUR/USD","1.17701","1000.00","Buy","","1.17677","","1.17717","","","","","","","","",""
"59176","2025-09-24 16:06:27 -12","MARKET_IF_TOUCHED_ORDER","CLIENT_ORDER","EUR/USD","1.17293","1000.00","Sell","","1.17317","","1.17277","","","","","","","","",""
"59177","2025-09-24 16:06:27 -12","MARKET_IF_TOUCHED_ORDER","CLIENT_ORDER","EUR/USD","1.17751","1000.00","Buy","","1.17727","","1.17767","","","","","","","","",""
"59178","2025-09-24 16:06:28 -12","MARKET_IF_TOUCHED_ORDER","CLIENT_ORDER","EUR/USD","1.17243","1000.00","Sell","","1.17267","","1.17227","","","","","","","","",""
"59179","2025-09-24 16:08:29 -12","ORDER_CANCEL","CLIENT_REQUEST","","","","","","","","","","","","","","","","",""
"59180","2025-09-24 16:08:30 -12","ORDER_CANCEL","CLIENT_REQUEST","","","","","","","","","","","","","","","","",""
"59181","2025-09-24 16:08:30 -12","ORDER_CANCEL","CLIENT_REQUEST","","","","","","","","","","","","","","","","",""
"59182","2025-09-24 16:08:31 -12","ORDER_CANCEL","CLIENT_REQUEST","","","","","","","","","","","","","","","","",""
"59183","2025-09-24 16:08:31 -12","ORDER_CANCEL","CLIENT_REQUEST","","","","","","","","","","","","","","","","",""
"59184","2025-09-24 16:08:31 -12","ORDER_CANCEL","CLIENT_REQUEST","","","","","","","","","","","","","","","","",""
"59185","2025-09-24 16:08:32 -12","ORDER_CANCEL","CLIENT_REQUEST","","","","","","","","","","","","","","","","",""
"59186","2025-09-24 16:08:32 -12","ORDER_CANCEL","CLIENT_REQUEST","","","","","","","","","","","","","","","","",""
"59187","2025-09-24 16:08:32 -12","ORDER_CANCEL","CLIENT_REQUEST","","","","","","","","","","","","","","","","",""
"59188","2025-09-24 16:08:33 -12","ORDER_CANCEL","CLIENT_REQUEST","","","","","","","","","","","","","","","","",""
"59189","2025-09-24 16:08:34 -12","MARKET_IF_TOUCHED_ORDER","CLIENT_ORDER","EUR/USD","1.17552","1000.00","Buy","","1.17528","","1.17568","","","","","","","","",""
"59190","2025-09-24 16:08:34 -12","MARKET_IF_TOUCHED_ORDER","CLIENT_ORDER","EUR/USD","1.17443","1000.00","Sell","","1.17467","","1.17427","","","","","","","","",""
"59191","2025-09-24 16:08:34 -12","MARKET_IF_TOUCHED_ORDER","CLIENT_ORDER","EUR/USD","1.17602","1000.00","Buy","","1.17578","","1.17618","","","","","","","","",""
"59192","2025-09-24 16:08:35 -12","MARKET_IF_TOUCHED_ORDER","CLIENT_ORDER","EUR/USD","1.17393","1000.00","Sell","","1.17417","","1.17377","","","","","","","","",""
"59193","2025-09-24 16:08:35 -12","MARKET_IF_TOUCHED_ORDER","CLIENT_ORDER","EUR/USD","1.17652","1000.00","Buy","","1.17628","","1.17668","","","","","","","","",""
"59194","2025-09-24 16:08:35 -12","MARKET_IF_TOUCHED_ORDER","CLIENT_ORDER","EUR/USD","1.17343","1000.00","Sell","","1.17367","","1.17327","","","","","","","","",""
"59195","2025-09-24 16:08:35 -12","MARKET_IF_TOUCHED_ORDER","CLIENT_ORDER","EUR/USD","1.17702","1000.00","Buy","","1.17678","","1.17718","","","","","","","","",""
"59196","2025-09-24 16:08:36 -12","MARKET_IF_TOUCHED_ORDER","CLIENT_ORDER","EUR/USD","1.17293","1000.00","Sell","","1.17317","","1.17277","","","","","","","","",""
"59197","2025-09-24 16:08:36 -12","MARKET_IF_TOUCHED_ORDER","CLIENT_ORDER","EUR/USD","1.17752","1000.00","Buy","","1.17728","","1.17768","","","","","","","","",""
"59198","2025-09-24 16:08:36 -12","MARKET_IF_TOUCHED_ORDER","CLIENT_ORDER","EUR/USD","1.17243","1000.00","Sell","","1.17267","","1.17227","","","","","","","","",""
"59199","2025-09-24 16:10:37 -12","ORDER_CANCEL","CLIENT_REQUEST","","","","","","","","","","","","","","","","",""
"59200","2025-09-24 16:10:37 -12","ORDER_CANCEL","CLIENT_REQUEST","","","","","","","","","","","","","","","","",""
"59201","2025-09-24 16:10:37 -12","ORDER_CANCEL","CLIENT_REQUEST","","","","","","","","","","","","","","","","",""
"59202","2025-09-24 16:10:38 -12","ORDER_CANCEL","CLIENT_REQUEST","","","","","","","","","","","","","","","","",""
"59203","2025-09-24 16:10:38 -12","ORDER_CANCEL","CLIENT_REQUEST","","","","","","","","","","","","","","","","",""
"59204","2025-09-24 16:10:38 -12","ORDER_CANCEL","CLIENT_REQUEST","","","","","","","","","","","","","","","","",""
"59205","2025-09-24 16:10:38 -12","ORDER_CANCEL","CLIENT_REQUEST","","","","","","","","","","","","","","","","",""
"59206","2025-09-24 16:10:39 -12","ORDER_CANCEL","CLIENT_REQUEST","","","","","","","","","","","","","","","","",""
"59207","2025-09-24 16:10:39 -12","ORDER_CANCEL","CLIENT_REQUEST","","","","","","","","","","","","","","","","",""
"59208","2025-09-24 16:10:39 -12","ORDER_CANCEL","CLIENT_REQUEST","","","","","","","","","","","","","","","","",""
"59209","2025-09-24 16:10:41 -12","MARKET_IF_TOUCHED_ORDER","CLIENT_ORDER","EUR/USD","1.17551","1000.00","Buy","","1.17526","","1.17568","","","","","","","","",""
"59210","2025-09-24 16:10:41 -12","MARKET_IF_TOUCHED_ORDER","CLIENT_ORDER","EUR/USD","1.17442","1000.00","Sell","","1.17467","","1.17425","","","","","","","","",""
"59211","2025-09-24 16:10:41 -12","MARKET_IF_TOUCHED_ORDER","CLIENT_ORDER","EUR/USD","1.17601","1000.00","Buy","","1.17576","","1.17618","","","","","","","","",""
"59212","2025-09-24 16:10:41 -12","MARKET_IF_TOUCHED_ORDER","CLIENT_ORDER","EUR/USD","1.17392","1000.00","Sell","","1.17417","","1.17375","","","","","","","","",""
"59213","2025-09-24 16:10:42 -12","MARKET_IF_TOUCHED_ORDER","CLIENT_ORDER","EUR/USD","1.17651","1000.00","Buy","","1.17626","","1.17668","","","","","","","","",""
"59214","2025-09-24 16:10:42 -12","MARKET_IF_TOUCHED_ORDER","CLIENT_ORDER","EUR/USD","1.17342","1000.00","Sell","","1.17367","","1.17325","","","","","","","","",""
"59215","2025-09-24 16:10:42 -12","MARKET_IF_TOUCHED_ORDER","CLIENT_ORDER","EUR/USD","1.17701","1000.00","Buy","","1.17676","","1.17718","","","","","","","","",""
"59216","2025-09-24 16:10:42 -12","MARKET_IF_TOUCHED_ORDER","CLIENT_ORDER","EUR/USD","1.17292","1000.00","Sell","","1.17317","","1.17275","","","","","","","","",""
"59217","2025-09-24 16:10:43 -12","MARKET_IF_TOUCHED_ORDER","CLIENT_ORDER","EUR/USD","1.17751","1000.00","Buy","","1.17726","","1.17768","","","","","","","","",""
"59218","2025-09-24 16:10:43 -12","MARKET_IF_TOUCHED_ORDER","CLIENT_ORDER","EUR/USD","1.17242","1000.00","Sell","","1.17267","","1.17225","","","","","","","","",""
"59219","2025-09-24 16:12:43 -12","ORDER_CANCEL","CLIENT_REQUEST","","","","","","","","","","","","","","","","",""
"59220","2025-09-24 16:12:44 -12","ORDER_CANCEL","CLIENT_REQUEST","","","","","","","","","","","","","","","","",""
"59221","2025-09-24 16:12:44 -12","ORDER_CANCEL","CLIENT_REQUEST","","","","","","","","","","","","","","","","",""
"59222","2025-09-24 16:12:44 -12","ORDER_CANCEL","CLIENT_REQUEST","","","","","","","","","","","","","","","","",""
"59223","2025-09-24 16:12:44 -12","ORDER_CANCEL","CLIENT_REQUEST","","","","","","","","","","","","","","","","",""
"59224","2025-09-24 16:12:45 -12","ORDER_CANCEL","CLIENT_REQUEST","","","","","","","","","","","","","","","","",""
"59225","2025-09-24 16:12:45 -12","ORDER_CANCEL","CLIENT_REQUEST","","","","","","","","","","","","","","","","",""
"59226","2025-09-24 16:12:45 -12","ORDER_CANCEL","CLIENT_REQUEST","","","","","","","","","","","","","","","","",""
"59227","2025-09-24 16:12:45 -12","ORDER_CANCEL","CLIENT_REQUEST","","","","","","","","","","","","","","","","",""
"59228","2025-09-24 16:12:46 -12","ORDER_CANCEL","CLIENT_REQUEST","","","","","","","","","","","","","","","","",""
"59229","2025-09-24 16:12:47 -12","MARKET_IF_TOUCHED_ORDER","CLIENT_ORDER","EUR/USD","1.17548","1000.00","Buy","","1.17523","","1.17565","","","","","","","","",""
"59230","2025-09-24 16:12:47 -12","MARKET_IF_TOUCHED_ORDER","CLIENT_ORDER","EUR/USD","1.17440","1000.00","Sell","","1.17465","","1.17423","","","","","","","","",""
"59231","2025-09-24 16:12:47 -12","MARKET_IF_TOUCHED_ORDER","CLIENT_ORDER","EUR/USD","1.17598","1000.00","Buy","","1.17573","","1.17615","","","","","","","","",""
"59232","2025-09-24 16:12:48 -12","MARKET_IF_TOUCHED_ORDER","CLIENT_ORDER","EUR/USD","1.17390","1000.00","Sell","","1.17415","","1.17373","","","","","","","","",""
"59233","2025-09-24 16:12:48 -12","MARKET_IF_TOUCHED_ORDER","CLIENT_ORDER","EUR/USD","1.17648","1000.00","Buy","","1.17623","","1.17665","","","","","","","","",""
"59234","2025-09-24 16:12:48 -12","MARKET_IF_TOUCHED_ORDER","CLIENT_ORDER","EUR/USD","1.17340","1000.00","Sell","","1.17365","","1.17323","","","","","","","","",""
"59235","2025-09-24 16:12:48 -12","MARKET_IF_TOUCHED_ORDER","CLIENT_ORDER","EUR/USD","1.17698","1000.00","Buy","","1.17673","","1.17715","","","","","","","","",""
"59236","2025-09-24 16:12:49 -12","MARKET_IF_TOUCHED_ORDER","CLIENT_ORDER","EUR/USD","1.17290","1000.00","Sell","","1.17315","","1.17273","","","","","","","","",""
"59237","2025-09-24 16:12:49 -12","MARKET_IF_TOUCHED_ORDER","CLIENT_ORDER","EUR/USD","1.17748","1000.00","Buy","","1.17723","","1.17765","","","","","","","","",""
"59238","2025-09-24 16:12:49 -12","MARKET_IF_TOUCHED_ORDER","CLIENT_ORDER","EUR/USD","1.17240","1000.00","Sell","","1.17265","","1.17223","","","","","","","","",""
"59239","2025-09-24 16:14:50 -12","ORDER_CANCEL","CLIENT_REQUEST","","","","","","","","","","","","","","","","",""
"59240","2025-09-24 16:14:50 -12","ORDER_CANCEL","CLIENT_REQUEST","","","","","","","","","","","","","","","","",""
"59241","2025-09-24 16:14:50 -12","ORDER_CANCEL","CLIENT_REQUEST","","","","","","","","","","","","","","","","",""
"59242","2025-09-24 16:14:50 -12","ORDER_CANCEL","CLIENT_REQUEST","","","","","","","","","","","","","","","","",""
"59243","2025-09-24 16:14:51 -12","ORDER_CANCEL","CLIENT_REQUEST","","","","","","","","","","","","","","","","",""
"59244","2025-09-24 16:14:51 -12","ORDER_CANCEL","CLIENT_REQUEST","","","","","","","","","","","","","","","","",""
"59245","2025-09-24 16:14:51 -12","ORDER_CANCEL","CLIENT_REQUEST","","","","","","","","","","","","","","","","",""
"59246","2025-09-24 16:14:51 -12","ORDER_CANCEL","CLIENT_REQUEST","","","","","","","","","","","","","","","","",""
"59247","2025-09-24 16:14:52 -12","ORDER_CANCEL","CLIENT_REQUEST","","","","","","","","","","","","","","","","",""
"59248","2025-09-24 16:14:52 -12","ORDER_CANCEL","CLIENT_REQUEST","","","","","","","","","","","","","","","","",""
"59249","2025-09-24 16:14:53 -12","MARKET_IF_TOUCHED_ORDER","CLIENT_ORDER","EUR/USD","1.17548","1000.00","Buy","","1.17523","","1.17565","","","","","","","","",""
"59250","2025-09-24 16:14:54 -12","MARKET_IF_TOUCHED_ORDER","CLIENT_ORDER","EUR/USD","1.17440","1000.00","Sell","","1.17465","","1.17423","","","","","","","","",""
"59251","2025-09-24 16:14:54 -12","MARKET_IF_TOUCHED_ORDER","CLIENT_ORDER","EUR/USD","1.17598","1000.00","Buy","","1.17573","","1.17615","","","","","","","","",""
"59252","2025-09-24 16:14:54 -12","MARKET_IF_TOUCHED_ORDER","CLIENT_ORDER","EUR/USD","1.17390","1000.00","Sell","","1.17415","","1.17373","","","","","","","","",""
"59253","2025-09-24 16:14:54 -12","MARKET_IF_TOUCHED_ORDER","CLIENT_ORDER","EUR/USD","1.17648","1000.00","Buy","","1.17623","","1.17665","","","","","","","","",""
"59254","2025-09-24 16:14:54 -12","MARKET_IF_TOUCHED_ORDER","CLIENT_ORDER","EUR/USD","1.17340","1000.00","Sell","","1.17365","","1.17323","","","","","","","","",""
"59255","2025-09-24 16:14:55 -12","MARKET_IF_TOUCHED_ORDER","CLIENT_ORDER","EUR/USD","1.17698","1000.00","Buy","","1.17673","","1.17715","","","","","","","","",""
"59256","2025-09-24 16:14:55 -12","MARKET_IF_TOUCHED_ORDER","CLIENT_ORDER","EUR/USD","1.17290","1000.00","Sell","","1.17315","","1.17273","","","","","","","","",""
"59257","2025-09-24 16:14:55 -12","MARKET_IF_TOUCHED_ORDER","CLIENT_ORDER","EUR/USD","1.17748","1000.00","Buy","","1.17723","","1.17765","","","","","","","","",""
"59258","2025-09-24 16:14:55 -12","MARKET_IF_TOUCHED_ORDER","CLIENT_ORDER","EUR/USD","1.17240","1000.00","Sell","","1.17265","","1.17223","","","","","","","","",""
"59259","2025-09-24 16:16:56 -12","ORDER_CANCEL","CLIENT_REQUEST","","","","","","","","","","","","","","","","",""
"59260","2025-09-24 16:16:56 -12","ORDER_CANCEL","CLIENT_REQUEST","","","","","","","","","","","","","","","","",""
"59261","2025-09-24 16:16:57 -12","ORDER_CANCEL","CLIENT_REQUEST","","","","","","","","","","","","","","","","",""
"59262","2025-09-24 16:16:57 -12","ORDER_CANCEL","CLIENT_REQUEST","","","","","","","","","","","","","","","","",""
"59263","2025-09-24 16:16:57 -12","ORDER_CANCEL","CLIENT_REQUEST","","","","","","","","","","","","","","","","",""
"59264","2025-09-24 16:16:57 -12","ORDER_CANCEL","CLIENT_REQUEST","","","","","","","","","","","","","","","","",""
"59265","2025-09-24 16:16:58 -12","ORDER_CANCEL","CLIENT_REQUEST","","","","","","","","","","","","","","","","",""
"59266","2025-09-24 16:16:58 -12","ORDER_CANCEL","CLIENT_REQUEST","","","","","","","","","","","","","","","","",""
"59267","2025-09-24 16:16:58 -12","ORDER_CANCEL","CLIENT_REQUEST","","","","","","","","","","","","","","","","",""
"59268","2025-09-24 16:16:58 -12","ORDER_CANCEL","CLIENT_REQUEST","","","","","","","","","","","","","","","","",""
"59269","2025-09-24 16:17:00 -12","MARKET_IF_TOUCHED_ORDER","CLIENT_ORDER","EUR/USD","1.17548","1000.00","Buy","","1.17523","","1.17564","","","","","","","","",""
"59270","2025-09-24 16:17:00 -12","MARKET_IF_TOUCHED_ORDER","CLIENT_ORDER","EUR/USD","1.17440","1000.00","Sell","","1.17465","","1.17424","","","","","","","","",""
"59271","2025-09-24 16:17:00 -12","MARKET_IF_TOUCHED_ORDER","CLIENT_ORDER","EUR/USD","1.17598","1000.00","Buy","","1.17573","","1.17614","","","","","","","","",""
"59272","2025-09-24 16:17:01 -12","MARKET_IF_TOUCHED_ORDER","CLIENT_ORDER","EUR/USD","1.17390","1000.00","Sell","","1.17415","","1.17374","","","","","","","","",""
"59273","2025-09-24 16:17:01 -12","MARKET_IF_TOUCHED_ORDER","CLIENT_ORDER","EUR/USD","1.17648","1000.00","Buy","","1.17623","","1.17664","","","","","","","","",""
"59274","2025-09-24 16:17:01 -12","MARKET_IF_TOUCHED_ORDER","CLIENT_ORDER","EUR/USD","1.17340","1000.00","Sell","","1.17365","","1.17324","","","","","","","","",""
"59275","2025-09-24 16:17:01 -12","MARKET_IF_TOUCHED_ORDER","CLIENT_ORDER","EUR/USD","1.17698","1000.00","Buy","","1.17673","","1.17714","","","","","","","","",""
"59276","2025-09-24 16:17:02 -12","MARKET_IF_TOUCHED_ORDER","CLIENT_ORDER","EUR/USD","1.17290","1000.00","Sell","","1.17315","","1.17274","","","","","","","","",""
"59277","2025-09-24 16:17:02 -12","MARKET_IF_TOUCHED_ORDER","CLIENT_ORDER","EUR/USD","1.17748","1000.00","Buy","","1.17723","","1.17764","","","","","","","","",""
"59278","2025-09-24 16:17:02 -12","MARKET_IF_TOUCHED_ORDER","CLIENT_ORDER","EUR/USD","1.17240","1000.00","Sell","","1.17265","","1.17224","","","","","","","","",""
"59279","2025-09-24 16:19:03 -12","ORDER_CANCEL","CLIENT_REQUEST","","","","","","","","","","","","","","","","",""
"59280","2025-09-24 16:19:03 -12","ORDER_CANCEL","CLIENT_REQUEST","","","","","","","","","","","","","","","","",""
"59281","2025-09-24 16:19:03 -12","ORDER_CANCEL","CLIENT_REQUEST","","","","","","","","","","","","","","","","",""
"59282","2025-09-24 16:19:03 -12","ORDER_CANCEL","CLIENT_REQUEST","","","","","","","","","","","","","","","","",""
"59283","2025-09-24 16:19:04 -12","ORDER_CANCEL","CLIENT_REQUEST","","","","","","","","","","","","","","","","",""
"59284","2025-09-24 16:19:04 -12","ORDER_CANCEL","CLIENT_REQUEST","","","","","","","","","","","","","","","","",""
"59285","2025-09-24 16:19:04 -12","ORDER_CANCEL","CLIENT_REQUEST","","","","","","","","","","","","","","","","",""
"59286","2025-09-24 16:19:05 -12","ORDER_CANCEL","CLIENT_REQUEST","","","","","","","","","","","","","","","","",""
"59287","2025-09-24 16:19:05 -12","ORDER_CANCEL","CLIENT_REQUEST","","","","","","","","","","","","","","","","",""
"59288","2025-09-24 16:19:05 -12","ORDER_CANCEL","CLIENT_REQUEST","","","","","","","","","","","","","","","","",""
"59289","2025-09-24 16:19:07 -12","MARKET_IF_TOUCHED_ORDER","CLIENT_ORDER","EUR/USD","1.17548","1000.00","Buy","","1.17523","","1.17564","","","","","","","","",""
"59290","2025-09-24 16:19:07 -12","MARKET_IF_TOUCHED_ORDER","CLIENT_ORDER","EUR/USD","1.17440","1000.00","Sell","","1.17465","","1.17424","","","","","","","","",""
"59291","2025-09-24 16:19:07 -12","MARKET_IF_TOUCHED_ORDER","CLIENT_ORDER","EUR/USD","1.17598","1000.00","Buy","","1.17573","","1.17614","","","","","","","","",""
"59292","2025-09-24 16:19:07 -12","MARKET_IF_TOUCHED_ORDER","CLIENT_ORDER","EUR/USD","1.17390","1000.00","Sell","","1.17415","","1.17374","","","","","","","","",""
"59293","2025-09-24 16:19:08 -12","MARKET_IF_TOUCHED_ORDER","CLIENT_ORDER","EUR/USD","1.17648","1000.00","Buy","","1.17623","","1.17664","","","","","","","","",""
"59294","2025-09-24 16:19:08 -12","MARKET_IF_TOUCHED_ORDER","CLIENT_ORDER","EUR/USD","1.17340","1000.00","Sell","","1.17365","","1.17324","","","","","","","","",""
"59295","2025-09-24 16:19:08 -12","MARKET_IF_TOUCHED_ORDER","CLIENT_ORDER","EUR/USD","1.17698","1000.00","Buy","","1.17673","","1.17714","","","","","","","","",""
"59296","2025-09-24 16:19:08 -12","MARKET_IF_TOUCHED_ORDER","CLIENT_ORDER","EUR/USD","1.17290","1000.00","Sell","","1.17315","","1.17274","","","","","","","","",""
"59297","2025-09-24 16:19:09 -12","MARKET_IF_TOUCHED_ORDER","CLIENT_ORDER","EUR/USD","1.17748","1000.00","Buy","","1.17723","","1.17764","","","","","","","","",""
"59298","2025-09-24 16:19:09 -12","MARKET_IF_TOUCHED_ORDER","CLIENT_ORDER","EUR/USD","1.17240","1000.00","Sell","","1.17265","","1.17224","","","","","","","","",""
"59299","2025-09-24 16:21:09 -12","ORDER_CANCEL","CLIENT_REQUEST","","","","","","","","","","","","","","","","",""
"59300","2025-09-24 16:21:10 -12","ORDER_CANCEL","CLIENT_REQUEST","","","","","","","","","","","","","","","","",""
"59301","2025-09-24 16:21:10 -12","ORDER_CANCEL","CLIENT_REQUEST","","","","","","","","","","","","","","","","",""
"59302","2025-09-24 16:21:10 -12","ORDER_CANCEL","CLIENT_REQUEST","","","","","","","","","","","","","","","","",""
"59303","2025-09-24 16:21:10 -12","ORDER_CANCEL","CLIENT_REQUEST","","","","","","","","","","","","","","","","",""
"59304","2025-09-24 16:21:11 -12","ORDER_CANCEL","CLIENT_REQUEST","","","","","","","","","","","","","","","","",""
"59305","2025-09-24 16:21:11 -12","ORDER_CANCEL","CLIENT_REQUEST","","","","","","","","","","","","","","","","",""
"59306","2025-09-24 16:21:11 -12","ORDER_CANCEL","CLIENT_REQUEST","","","","","","","","","","","","","","","","",""
"59307","2025-09-24 16:21:13 -12","ORDER_CANCEL","CLIENT_REQUEST","","","","","","","","","","","","","","","","",""
"59308","2025-09-24 16:21:13 -12","ORDER_CANCEL","CLIENT_REQUEST","","","","","","","","","","","","","","","","",""
"59309","2025-09-24 16:21:15 -12","MARKET_IF_TOUCHED_ORDER","CLIENT_ORDER","EUR/USD","1.17548","1000.00","Buy","","1.17524","","1.17564","","","","","","","","",""
"59310","2025-09-24 16:21:15 -12","MARKET_IF_TOUCHED_ORDER","CLIENT_ORDER","EUR/USD","1.17440","1000.00","Sell","","1.17464","","1.17424","","","","","","","","",""
"59311","2025-09-24 16:21:15 -12","MARKET_IF_TOUCHED_ORDER","CLIENT_ORDER","EUR/USD","1.17598","1000.00","Buy","","1.17574","","1.17614","","","","","","","","",""
"59312","2025-09-24 16:21:15 -12","MARKET_IF_TOUCHED_ORDER","CLIENT_ORDER","EUR/USD","1.17390","1000.00","Sell","","1.17414","","1.17374","","","","","","","","",""
"59313","2025-09-24 16:21:16 -12","MARKET_IF_TOUCHED_ORDER","CLIENT_ORDER","EUR/USD","1.17648","1000.00","Buy","","1.17624","","1.17664","","","","","","","","",""
"59314","2025-09-24 16:21:16 -12","MARKET_IF_TOUCHED_ORDER","CLIENT_ORDER","EUR/USD","1.17340","1000.00","Sell","","1.17364","","1.17324","","","","","","","","",""
"59315","2025-09-24 16:21:16 -12","MARKET_IF_TOUCHED_ORDER","CLIENT_ORDER","EUR/USD","1.17698","1000.00","Buy","","1.17674","","1.17714","","","","","","","","",""
"59316","2025-09-24 16:21:16 -12","MARKET_IF_TOUCHED_ORDER","CLIENT_ORDER","EUR/USD","1.17290","1000.00","Sell","","1.17314","","1.17274","","","","","","","","",""
"59317","2025-09-24 16:21:17 -12","MARKET_IF_TOUCHED_ORDER","CLIENT_ORDER","EUR/USD","1.17748","1000.00","Buy","","1.17724","","1.17764","","","","","","","","",""
"59318","2025-09-24 16:21:17 -12","MARKET_IF_TOUCHED_ORDER","CLIENT_ORDER","EUR/USD","1.17240","1000.00","Sell","","1.17264","","1.17224","","","","","","","","",""
"59319","2025-09-24 16:23:17 -12","ORDER_CANCEL","CLIENT_REQUEST","","","","","","","","","","","","","","","","",""
"59320","2025-09-24 16:23:18 -12","ORDER_CANCEL","CLIENT_REQUEST","","","","","","","","","","","","","","","","",""
"59321","2025-09-24 16:23:18 -12","ORDER_CANCEL","CLIENT_REQUEST","","","","","","","","","","","","","","","","",""
"59322","2025-09-24 16:23:18 -12","ORDER_CANCEL","CLIENT_REQUEST","","","","","","","","","","","","","","","","",""
"59323","2025-09-24 16:23:18 -12","ORDER_CANCEL","CLIENT_REQUEST","","","","","","","","","","","","","","","","",""
"59324","2025-09-24 16:23:19 -12","ORDER_CANCEL","CLIENT_REQUEST","","","","","","","","","","","","","","","","",""
"59325","2025-09-24 16:23:19 -12","ORDER_CANCEL","CLIENT_REQUEST","","","","","","","","","","","","","","","","",""
"59326","2025-09-24 16:23:19 -12","ORDER_CANCEL","CLIENT_REQUEST","","","","","","","","","","","","","","","","",""
"59327","2025-09-24 16:23:19 -12","ORDER_CANCEL","CLIENT_REQUEST","","","","","","","","","","","","","","","","",""
"59328","2025-09-24 16:23:20 -12","ORDER_CANCEL","CLIENT_REQUEST","","","","","","","","","","","","","","","","",""
"59329","2025-09-24 16:23:21 -12","MARKET_IF_TOUCHED_ORDER","CLIENT_ORDER","EUR/USD","1.17548","1000.00","Buy","","1.17524","","1.17564","","","","","","","","",""
"59330","2025-09-24 16:23:21 -12","MARKET_IF_TOUCHED_ORDER","CLIENT_ORDER","EUR/USD","1.17440","1000.00","Sell","","1.17464","","1.17424","","","","","","","","",""
"59331","2025-09-24 16:23:22 -12","MARKET_IF_TOUCHED_ORDER","CLIENT_ORDER","EUR/USD","1.17598","1000.00","Buy","","1.17574","","1.17614","","","","","","","","",""
"59332","2025-09-24 16:23:22 -12","MARKET_IF_TOUCHED_ORDER","CLIENT_ORDER","EUR/USD","1.17390","1000.00","Sell","","1.17414","","1.17374","","","","","","","","",""
"59333","2025-09-24 16:23:22 -12","MARKET_IF_TOUCHED_ORDER","CLIENT_ORDER","EUR/USD","1.17648","1000.00","Buy","","1.17624","","1.17664","","","","","","","","",""
"59334","2025-09-24 16:23:22 -12","MARKET_IF_TOUCHED_ORDER","CLIENT_ORDER","EUR/USD","1.17340","1000.00","Sell","","1.17364","","1.17324","","","","","","","","",""
"59335","2025-09-24 16:23:23 -12","MARKET_IF_TOUCHED_ORDER","CLIENT_ORDER","EUR/USD","1.17698","1000.00","Buy","","1.17674","","1.17714","","","","","","","","",""
"59336","2025-09-24 16:23:23 -12","MARKET_IF_TOUCHED_ORDER","CLIENT_ORDER","EUR/USD","1.17290","1000.00","Sell","","1.17314","","1.17274","","","","","","","","",""
"59337","2025-09-24 16:23:23 -12","MARKET_IF_TOUCHED_ORDER","CLIENT_ORDER","EUR/USD","1.17748","1000.00","Buy","","1.17724","","1.17764","","","","","","","","",""
"59338","2025-09-24 16:23:23 -12","MARKET_IF_TOUCHED_ORDER","CLIENT_ORDER","EUR/USD","1.17240","1000.00","Sell","","1.17264","","1.17224","","","","","","","","",""
"59339","2025-09-24 16:25:25 -12","ORDER_CANCEL","CLIENT_REQUEST","","","","","","","","","","","","","","","","",""
"59340","2025-09-24 16:25:25 -12","ORDER_CANCEL","CLIENT_REQUEST","","","","","","","","","","","","","","","","",""
"59341","2025-09-24 16:25:25 -12","ORDER_CANCEL","CLIENT_REQUEST","","","","","","","","","","","","","","","","",""
"59342","2025-09-24 16:25:26 -12","ORDER_CANCEL","CLIENT_REQUEST","","","","","","","","","","","","","","","","",""
"59343","2025-09-24 16:25:26 -12","ORDER_CANCEL","CLIENT_REQUEST","","","","","","","","","","","","","","","","",""
"59344","2025-09-24 16:25:26 -12","ORDER_CANCEL","CLIENT_REQUEST","","","","","","","","","","","","","","","","",""
"59345","2025-09-24 16:25:27 -12","ORDER_CANCEL","CLIENT_REQUEST","","","","","","","","","","","","","","","","",""
"59346","2025-09-24 16:25:27 -12","ORDER_CANCEL","CLIENT_REQUEST","","","","","","","","","","","","","","","","",""
"59347","2025-09-24 16:25:27 -12","ORDER_CANCEL","CLIENT_REQUEST","","","","","","","","","","","","","","","","",""
"59348","2025-09-24 16:25:27 -12","ORDER_CANCEL","CLIENT_REQUEST","","","","","","","","","","","","","","","","",""
"59349","2025-09-24 16:25:29 -12","MARKET_IF_TOUCHED_ORDER","CLIENT_ORDER","EUR/USD","1.17548","1000.00","Buy","","1.17524","","1.17564","","","","","","","","",""
"59350","2025-09-24 16:25:30 -12","MARKET_IF_TOUCHED_ORDER","CLIENT_ORDER","EUR/USD","1.17440","1000.00","Sell","","1.17464","","1.17424","","","","","","","","",""
"59351","2025-09-24 16:25:30 -12","MARKET_IF_TOUCHED_ORDER","CLIENT_ORDER","EUR/USD","1.17598","1000.00","Buy","","1.17574","","1.17614","","","","","","","","",""
"59352","2025-09-24 16:25:30 -12","MARKET_IF_TOUCHED_ORDER","CLIENT_ORDER","EUR/USD","1.17390","1000.00","Sell","","1.17414","","1.17374","","","","","","","","",""
"59353","2025-09-24 16:25:30 -12","MARKET_IF_TOUCHED_ORDER","CLIENT_ORDER","EUR/USD","1.17648","1000.00","Buy","","1.17624","","1.17664","","","","","","","","",""
"59354","2025-09-24 16:25:30 -12","MARKET_IF_TOUCHED_ORDER","CLIENT_ORDER","EUR/USD","1.17340","1000.00","Sell","","1.17364","","1.17324","","","","","","","","",""
"59355","2025-09-24 16:25:31 -12","MARKET_IF_TOUCHED_ORDER","CLIENT_ORDER","EUR/USD","1.17698","1000.00","Buy","","1.17674","","1.17714","","","","","","","","",""
"59356","2025-09-24 16:25:31 -12","MARKET_IF_TOUCHED_ORDER","CLIENT_ORDER","EUR/USD","1.17290","1000.00","Sell","","1.17314","","1.17274","","","","","","","","",""
"59357","2025-09-24 16:25:31 -12","MARKET_IF_TOUCHED_ORDER","CLIENT_ORDER","EUR/USD","1.17748","1000.00","Buy","","1.17724","","1.17764","","","","","","","","",""
"59358","2025-09-24 16:25:32 -12","MARKET_IF_TOUCHED_ORDER","CLIENT_ORDER","EUR/USD","1.17240","1000.00","Sell","","1.17264","","1.17224","","","","","","","","",""
"59359","2025-09-24 16:27:32 -12","ORDER_CANCEL","CLIENT_REQUEST","","","","","","","","","","","","","","","","",""
"59360","2025-09-24 16:27:32 -12","ORDER_CANCEL","CLIENT_REQUEST","","","","","","","","","","","","","","","","",""
"59361","2025-09-24 16:27:33 -12","ORDER_CANCEL","CLIENT_REQUEST","","","","","","","","","","","","","","","","",""
"59362","2025-09-24 16:27:33 -12","ORDER_CANCEL","CLIENT_REQUEST","","","","","","","","","","","","","","","","",""
"59363","2025-09-24 16:27:33 -12","ORDER_CANCEL","CLIENT_REQUEST","","","","","","","","","","","","","","","","",""
"59364","2025-09-24 16:27:33 -12","ORDER_CANCEL","CLIENT_REQUEST","","","","","","","","","","","","","","","","",""
"59365","2025-09-24 16:27:34 -12","ORDER_CANCEL","CLIENT_REQUEST","","","","","","","","","","","","","","","","",""
"59366","2025-09-24 16:27:34 -12","ORDER_CANCEL","CLIENT_REQUEST","","","","","","","","","","","","","","","","",""
"59367","2025-09-24 16:27:34 -12","ORDER_CANCEL","CLIENT_REQUEST","","","","","","","","","","","","","","","","",""
"59368","2025-09-24 16:27:34 -12","ORDER_CANCEL","CLIENT_REQUEST","","","","","","","","","","","","","","","","",""
"59369","2025-09-24 16:27:36 -12","MARKET_IF_TOUCHED_ORDER","CLIENT_ORDER","EUR/USD","1.17548","1000.00","Buy","","1.17524","","1.17564","","","","","","","","",""
"59370","2025-09-24 16:27:36 -12","MARKET_IF_TOUCHED_ORDER","CLIENT_ORDER","EUR/USD","1.17440","1000.00","Sell","","1.17464","","1.17424","","","","","","","","",""
"59371","2025-09-24 16:27:36 -12","MARKET_IF_TOUCHED_ORDER","CLIENT_ORDER","EUR/USD","1.17598","1000.00","Buy","","1.17574","","1.17614","","","","","","","","",""
"59372","2025-09-24 16:27:37 -12","MARKET_IF_TOUCHED_ORDER","CLIENT_ORDER","EUR/USD","1.17390","1000.00","Sell","","1.17414","","1.17374","","","","","","","","",""
"59373","2025-09-24 16:27:37 -12","MARKET_IF_TOUCHED_ORDER","CLIENT_ORDER","EUR/USD","1.17648","1000.00","Buy","","1.17624","","1.17664","","","","","","","","",""
"59374","2025-09-24 16:27:37 -12","MARKET_IF_TOUCHED_ORDER","CLIENT_ORDER","EUR/USD","1.17340","1000.00","Sell","","1.17364","","1.17324","","","","","","","","",""
"59375","2025-09-24 16:27:37 -12","MARKET_IF_TOUCHED_ORDER","CLIENT_ORDER","EUR/USD","1.17698","1000.00","Buy","","1.17674","","1.17714","","","","","","","","",""
"59376","2025-09-24 16:27:38 -12","MARKET_IF_TOUCHED_ORDER","CLIENT_ORDER","EUR/USD","1.17290","1000.00","Sell","","1.17314","","1.17274","","","","","","","","",""
"59377","2025-09-24 16:27:38 -12","MARKET_IF_TOUCHED_ORDER","CLIENT_ORDER","EUR/USD","1.17748","1000.00","Buy","","1.17724","","1.17764","","","","","","","","",""
"59378","2025-09-24 16:27:38 -12","MARKET_IF_TOUCHED_ORDER","CLIENT_ORDER","EUR/USD","1.17240","1000.00","Sell","","1.17264","","1.17224","","","","","","","","",""
"59379","2025-09-24 16:29:39 -12","ORDER_CANCEL","CLIENT_REQUEST","","","","","","","","","","","","","","","","",""
"59380","2025-09-24 16:29:39 -12","ORDER_CANCEL","CLIENT_REQUEST","","","","","","","","","","","","","","","","",""
"59381","2025-09-24 16:29:39 -12","ORDER_CANCEL","CLIENT_REQUEST","","","","","","","","","","","","","","","","",""
"59382","2025-09-24 16:29:39 -12","ORDER_CANCEL","CLIENT_REQUEST","","","","","","","","","","","","","","","","",""
"59383","2025-09-24 16:29:40 -12","ORDER_CANCEL","CLIENT_REQUEST","","","","","","","","","","","","","","","","",""
"59384","2025-09-24 16:29:40 -12","ORDER_CANCEL","CLIENT_REQUEST","","","","","","","","","","","","","","","","",""
"59385","2025-09-24 16:29:40 -12","ORDER_CANCEL","CLIENT_REQUEST","","","","","","","","","","","","","","","","",""
"59386","2025-09-24 16:29:40 -12","ORDER_CANCEL","CLIENT_REQUEST","","","","","","","","","","","","","","","","",""
"59387","2025-09-24 16:29:41 -12","ORDER_CANCEL","CLIENT_REQUEST","","","","","","","","","","","","","","","","",""
"59388","2025-09-24 16:29:41 -12","ORDER_CANCEL","CLIENT_REQUEST","","","","","","","","","","","","","","","","",""
"59389","2025-09-24 16:29:42 -12","MARKET_IF_TOUCHED_ORDER","CLIENT_ORDER","EUR/USD","1.17548","1000.00","Buy","","1.17524","","1.17564","","","","","","","","",""
"59390","2025-09-24 16:29:42 -12","MARKET_IF_TOUCHED_ORDER","CLIENT_ORDER","EUR/USD","1.17440","1000.00","Sell","","1.17464","","1.17424","","","","","","","","",""
"59391","2025-09-24 16:29:43 -12","MARKET_IF_TOUCHED_ORDER","CLIENT_ORDER","EUR/USD","1.17598","1000.00","Buy","","1.17574","","1.17614","","","","","","","","",""
"59392","2025-09-24 16:29:43 -12","MARKET_IF_TOUCHED_ORDER","CLIENT_ORDER","EUR/USD","1.17390","1000.00","Sell","","1.17414","","1.17374","","","","","","","","",""
"59393","2025-09-24 16:29:43 -12","MARKET_IF_TOUCHED_ORDER","CLIENT_ORDER","EUR/USD","1.17648","1000.00","Buy","","1.17624","","1.17664","","","","","","","","",""
"59394","2025-09-24 16:29:43 -12","MARKET_IF_TOUCHED_ORDER","CLIENT_ORDER","EUR/USD","1.17340","1000.00","Sell","","1.17364","","1.17324","","","","","","","","",""
"59395","2025-09-24 16:29:44 -12","MARKET_IF_TOUCHED_ORDER","CLIENT_ORDER","EUR/USD","1.17698","1000.00","Buy","","1.17674","","1.17714","","","","","","","","",""
"59396","2025-09-24 16:29:44 -12","MARKET_IF_TOUCHED_ORDER","CLIENT_ORDER","EUR/USD","1.17290","1000.00","Sell","","1.17314","","1.17274","","","","","","","","",""
"59397","2025-09-24 16:29:44 -12","MARKET_IF_TOUCHED_ORDER","CLIENT_ORDER","EUR/USD","1.17748","1000.00","Buy","","1.17724","","1.17764","","","","","","","","",""
"59398","2025-09-24 16:29:44 -12","MARKET_IF_TOUCHED_ORDER","CLIENT_ORDER","EUR/USD","1.17240","1000.00","Sell","","1.17264","","1.17224","","","","","","","","",""
"59399","2025-09-24 16:31:45 -12","ORDER_CANCEL","CLIENT_REQUEST","","","","","","","","","","","","","","","","",""
"59400","2025-09-24 16:31:45 -12","ORDER_CANCEL","CLIENT_REQUEST","","","","","","","","","","","","","","","","",""
"59401","2025-09-24 16:31:45 -12","ORDER_CANCEL","CLIENT_REQUEST","","","","","","","","","","","","","","","","",""
"59402","2025-09-24 16:31:46 -12","ORDER_CANCEL","CLIENT_REQUEST","","","","","","","","","","","","","","","","",""
"59403","2025-09-24 16:31:46 -12","ORDER_CANCEL","CLIENT_REQUEST","","","","","","","","","","","","","","","","",""
"59404","2025-09-24 16:31:46 -12","ORDER_CANCEL","CLIENT_REQUEST","","","","","","","","","","","","","","","","",""
"59405","2025-09-24 16:31:46 -12","ORDER_CANCEL","CLIENT_REQUEST","","","","","","","","","","","","","","","","",""
"59406","2025-09-24 16:31:47 -12","ORDER_CANCEL","CLIENT_REQUEST","","","","","","","","","","","","","","","","",""
"59407","2025-09-24 16:31:47 -12","ORDER_CANCEL","CLIENT_REQUEST","","","","","","","","","","","","","","","","",""
"59408","2025-09-24 16:31:47 -12","ORDER_CANCEL","CLIENT_REQUEST","","","","","","","","","","","","","","","","",""
"59409","2025-09-24 16:31:49 -12","MARKET_IF_TOUCHED_ORDER","CLIENT_ORDER","EUR/USD","1.17548","1000.00","Buy","","1.17525","","1.17563","","","","","","","","",""
"59410","2025-09-24 16:31:49 -12","MARKET_IF_TOUCHED_ORDER","CLIENT_ORDER","EUR/USD","1.17440","1000.00","Sell","","1.17463","","1.17425","","","","","","","","",""
"59411","2025-09-24 16:31:49 -12","MARKET_IF_TOUCHED_ORDER","CLIENT_ORDER","EUR/USD","1.17598","1000.00","Buy","","1.17575","","1.17613","","","","","","","","",""
"59412","2025-09-24 16:31:49 -12","MARKET_IF_TOUCHED_ORDER","CLIENT_ORDER","EUR/USD","1.17390","1000.00","Sell","","1.17413","","1.17375","","","","","","","","",""
"59413","2025-09-24 16:31:50 -12","MARKET_IF_TOUCHED_ORDER","CLIENT_ORDER","EUR/USD","1.17648","1000.00","Buy","","1.17625","","1.17663","","","","","","","","",""
"59414","2025-09-24 16:31:50 -12","MARKET_IF_TOUCHED_ORDER","CLIENT_ORDER","EUR/USD","1.17340","1000.00","Sell","","1.17363","","1.17325","","","","","","","","",""
"59415","2025-09-24 16:31:50 -12","MARKET_IF_TOUCHED_ORDER","CLIENT_ORDER","EUR/USD","1.17698","1000.00","Buy","","1.17675","","1.17713","","","","","","","","",""
"59416","2025-09-24 16:31:50 -12","MARKET_IF_TOUCHED_ORDER","CLIENT_ORDER","EUR/USD","1.17290","1000.00","Sell","","1.17313","","1.17275","","","","","","","","",""
"59417","2025-09-24 16:31:51 -12","MARKET_IF_TOUCHED_ORDER","CLIENT_ORDER","EUR/USD","1.17748","1000.00","Buy","","1.17725","","1.17763","","","","","","","","",""
"59418","2025-09-24 16:31:51 -12","MARKET_IF_TOUCHED_ORDER","CLIENT_ORDER","EUR/USD","1.17240","1000.00","Sell","","1.17263","","1.17225","","","","","","","","",""
"59419","2025-09-24 16:33:51 -12","ORDER_CANCEL","CLIENT_REQUEST","","","","","","","","","","","","","","","","",""
"59420","2025-09-24 16:33:52 -12","ORDER_CANCEL","CLIENT_REQUEST","","","","","","","","","","","","","","","","",""
"59421","2025-09-24 16:33:52 -12","ORDER_CANCEL","CLIENT_REQUEST","","","","","","","","","","","","","","","","",""
"59422","2025-09-24 16:33:52 -12","ORDER_CANCEL","CLIENT_REQUEST","","","","","","","","","","","","","","","","",""
"59423","2025-09-24 16:33:52 -12","ORDER_CANCEL","CLIENT_REQUEST","","","","","","","","","","","","","","","","",""
"59424","2025-09-24 16:33:53 -12","ORDER_CANCEL","CLIENT_REQUEST","","","","","","","","","","","","","","","","",""
"59425","2025-09-24 16:33:53 -12","ORDER_CANCEL","CLIENT_REQUEST","","","","","","","","","","","","","","","","",""
"59426","2025-09-24 16:33:53 -12","ORDER_CANCEL","CLIENT_REQUEST","","","","","","","","","","","","","","","","",""
"59427","2025-09-24 16:33:53 -12","ORDER_CANCEL","CLIENT_REQUEST","","","","","","","","","","","","","","","","",""
"59428","2025-09-24 16:33:54 -12","ORDER_CANCEL","CLIENT_REQUEST","","","","","","","","","","","","","","","","",""
"59429","2025-09-24 16:33:55 -12","MARKET_IF_TOUCHED_ORDER","CLIENT_ORDER","EUR/USD","1.17548","1000.00","Buy","","1.17525","","1.17563","","","","","","","","",""
"59430","2025-09-24 16:33:55 -12","MARKET_IF_TOUCHED_ORDER","CLIENT_ORDER","EUR/USD","1.17440","1000.00","Sell","","1.17463","","1.17425","","","","","","","","",""
"59431","2025-09-24 16:33:55 -12","MARKET_IF_TOUCHED_ORDER","CLIENT_ORDER","EUR/USD","1.17598","1000.00","Buy","","1.17575","","1.17613","","","","","","","","",""
"59432","2025-09-24 16:33:56 -12","MARKET_IF_TOUCHED_ORDER","CLIENT_ORDER","EUR/USD","1.17390","1000.00","Sell","","1.17413","","1.17375","","","","","","","","",""
"59433","2025-09-24 16:33:56 -12","MARKET_IF_TOUCHED_ORDER","CLIENT_ORDER","EUR/USD","1.17648","1000.00","Buy","","1.17625","","1.17663","","","","","","","","",""
"59434","2025-09-24 16:33:56 -12","MARKET_IF_TOUCHED_ORDER","CLIENT_ORDER","EUR/USD","1.17340","1000.00","Sell","","1.17363","","1.17325","","","","","","","","",""
"59435","2025-09-24 16:33:56 -12","MARKET_IF_TOUCHED_ORDER","CLIENT_ORDER","EUR/USD","1.17698","1000.00","Buy","","1.17675","","1.17713","","","","","","","","",""
"59436","2025-09-24 16:33:57 -12","MARKET_IF_TOUCHED_ORDER","CLIENT_ORDER","EUR/USD","1.17290","1000.00","Sell","","1.17313","","1.17275","","","","","","","","",""
"59437","2025-09-24 16:33:57 -12","MARKET_IF_TOUCHED_ORDER","CLIENT_ORDER","EUR/USD","1.17748","1000.00","Buy","","1.17725","","1.17763","","","","","","","","",""
"59438","2025-09-24 16:33:57 -12","MARKET_IF_TOUCHED_ORDER","CLIENT_ORDER","EUR/USD","1.17240","1000.00","Sell","","1.17263","","1.17225","","","","","","","","",""
"59439","2025-09-24 16:35:58 -12","ORDER_CANCEL","CLIENT_REQUEST","","","","","","","","","","","","","","","","",""
"59440","2025-09-24 16:35:58 -12","ORDER_CANCEL","CLIENT_REQUEST","","","","","","","","","","","","","","","","",""
"59441","2025-09-24 16:35:58 -12","ORDER_CANCEL","CLIENT_REQUEST","","","","","","","","","","","","","","","","",""
"59442","2025-09-24 16:35:58 -12","ORDER_CANCEL","CLIENT_REQUEST","","","","","","","","","","","","","","","","",""
"59443","2025-09-24 16:35:59 -12","ORDER_CANCEL","CLIENT_REQUEST","","","","","","","","","","","","","","","","",""
"59444","2025-09-24 16:35:59 -12","ORDER_CANCEL","CLIENT_REQUEST","","","","","","","","","","","","","","","","",""
"59445","2025-09-24 16:35:59 -12","ORDER_CANCEL","CLIENT_REQUEST","","","","","","","","","","","","","","","","",""
"59446","2025-09-24 16:35:59 -12","ORDER_CANCEL","CLIENT_REQUEST","","","","","","","","","","","","","","","","",""
"59447","2025-09-24 16:36:00 -12","ORDER_CANCEL","CLIENT_REQUEST","","","","","","","","","","","","","","","","",""
"59448","2025-09-24 16:36:00 -12","ORDER_CANCEL","CLIENT_REQUEST","","","","","","","","","","","","","","","","",""
"59449","2025-09-24 16:36:01 -12","MARKET_IF_TOUCHED_ORDER","CLIENT_ORDER","EUR/USD","1.17548","1000.00","Buy","","1.17526","","1.17563","","","","","","","","",""
"59450","2025-09-24 16:36:02 -12","MARKET_IF_TOUCHED_ORDER","CLIENT_ORDER","EUR/USD","1.17440","1000.00","Sell","","1.17462","","1.17425","","","","","","","","",""
"59451","2025-09-24 16:36:02 -12","MARKET_IF_TOUCHED_ORDER","CLIENT_ORDER","EUR/USD","1.17598","1000.00","Buy","","1.17575","","1.17613","","","","","","","","",""
"59452","2025-09-24 16:36:02 -12","MARKET_IF_TOUCHED_ORDER","CLIENT_ORDER","EUR/USD","1.17390","1000.00","Sell","","1.17413","","1.17375","","","","","","","","",""
"59453","2025-09-24 16:36:02 -12","MARKET_IF_TOUCHED_ORDER","CLIENT_ORDER","EUR/USD","1.17648","1000.00","Buy","","1.17626","","1.17663","","","","","","","","",""
"59454","2025-09-24 16:36:03 -12","MARKET_IF_TOUCHED_ORDER","CLIENT_ORDER","EUR/USD","1.17340","1000.00","Sell","","1.17362","","1.17325","","","","","","","","",""
"59455","2025-09-24 16:36:03 -12","MARKET_IF_TOUCHED_ORDER","CLIENT_ORDER","EUR/USD","1.17698","1000.00","Buy","","1.17676","","1.17713","","","","","","","","",""
"59456","2025-09-24 16:36:03 -12","MARKET_IF_TOUCHED_ORDER","CLIENT_ORDER","EUR/USD","1.17290","1000.00","Sell","","1.17312","","1.17275","","","","","","","","",""
"59457","2025-09-24 16:36:03 -12","MARKET_IF_TOUCHED_ORDER","CLIENT_ORDER","EUR/USD","1.17748","1000.00","Buy","","1.17726","","1.17763","","","","","","","","",""
"59458","2025-09-24 16:36:04 -12","MARKET_IF_TOUCHED_ORDER","CLIENT_ORDER","EUR/USD","1.17240","1000.00","Sell","","1.17262","","1.17225","","","","","","","","",""
"59459","2025-09-24 16:38:04 -12","ORDER_CANCEL","CLIENT_REQUEST","","","","","","","","","","","","","","","","",""
"59460","2025-09-24 16:38:04 -12","ORDER_CANCEL","CLIENT_REQUEST","","","","","","","","","","","","","","","","",""
"59461","2025-09-24 16:38:05 -12","ORDER_CANCEL","CLIENT_REQUEST","","","","","","","","","","","","","","","","",""
"59462","2025-09-24 16:38:05 -12","ORDER_CANCEL","CLIENT_REQUEST","","","","","","","","","","","","","","","","",""
"59463","2025-09-24 16:38:05 -12","ORDER_CANCEL","CLIENT_REQUEST","","","","","","","","","","","","","","","","",""
"59464","2025-09-24 16:38:05 -12","ORDER_CANCEL","CLIENT_REQUEST","","","","","","","","","","","","","","","","",""
"59465","2025-09-24 16:38:06 -12","ORDER_CANCEL","CLIENT_REQUEST","","","","","","","","","","","","","","","","",""
"59466","2025-09-24 16:38:06 -12","ORDER_CANCEL","CLIENT_REQUEST","","","","","","","","","","","","","","","","",""
"59467","2025-09-24 16:38:06 -12","ORDER_CANCEL","CLIENT_REQUEST","","","","","","","","","","","","","","","","",""
"59468","2025-09-24 16:38:06 -12","ORDER_CANCEL","CLIENT_REQUEST","","","","","","","","","","","","","","","","",""
"59469","2025-09-24 16:38:08 -12","MARKET_IF_TOUCHED_ORDER","CLIENT_ORDER","EUR/USD","1.17548","1000.00","Buy","","1.17526","","1.17563","","","","","","","","",""
"59470","2025-09-24 16:38:08 -12","MARKET_IF_TOUCHED_ORDER","CLIENT_ORDER","EUR/USD","1.17440","1000.00","Sell","","1.17462","","1.17425","","","","","","","","",""
"59471","2025-09-24 16:38:08 -12","MARKET_IF_TOUCHED_ORDER","CLIENT_ORDER","EUR/USD","1.17598","1000.00","Buy","","1.17575","","1.17613","","","","","","","","",""
"59472","2025-09-24 16:38:09 -12","MARKET_IF_TOUCHED_ORDER","CLIENT_ORDER","EUR/USD","1.17390","1000.00","Sell","","1.17413","","1.17375","","","","","","","","",""
"59473","2025-09-24 16:38:09 -12","MARKET_IF_TOUCHED_ORDER","CLIENT_ORDER","EUR/USD","1.17648","1000.00","Buy","","1.17626","","1.17663","","","","","","","","",""
"59474","2025-09-24 16:38:09 -12","MARKET_IF_TOUCHED_ORDER","CLIENT_ORDER","EUR/USD","1.17340","1000.00","Sell","","1.17362","","1.17325","","","","","","","","",""
"59475","2025-09-24 16:38:10 -12","MARKET_IF_TOUCHED_ORDER","CLIENT_ORDER","EUR/USD","1.17698","1000.00","Buy","","1.17676","","1.17713","","","","","","","","",""
"59476","2025-09-24 16:38:10 -12","MARKET_IF_TOUCHED_ORDER","CLIENT_ORDER","EUR/USD","1.17290","1000.00","Sell","","1.17312","","1.17275","","","","","","","","",""
"59477","2025-09-24 16:38:10 -12","MARKET_IF_TOUCHED_ORDER","CLIENT_ORDER","EUR/USD","1.17748","1000.00","Buy","","1.17726","","1.17763","","","","","","","","",""
"59478","2025-09-24 16:38:10 -12","MARKET_IF_TOUCHED_ORDER","CLIENT_ORDER","EUR/USD","1.17240","1000.00","Sell","","1.17262","","1.17225","","","","","","","","",""
"59479","2025-09-24 16:40:11 -12","ORDER_CANCEL","CLIENT_REQUEST","","","","","","","","","","","","","","","","",""
"59480","2025-09-24 16:40:11 -12","ORDER_CANCEL","CLIENT_REQUEST","","","","","","","","","","","","","","","","",""
"59481","2025-09-24 16:40:11 -12","ORDER_CANCEL","CLIENT_REQUEST","","","","","","","","","","","","","","","","",""
"59482","2025-09-24 16:40:12 -12","ORDER_CANCEL","CLIENT_REQUEST","","","","","","","","","","","","","","","","",""
"59483","2025-09-24 16:40:12 -12","ORDER_CANCEL","CLIENT_REQUEST","","","","","","","","","","","","","","","","",""
"59484","2025-09-24 16:40:12 -12","ORDER_CANCEL","CLIENT_REQUEST","","","","","","","","","","","","","","","","",""
"59485","2025-09-24 16:40:12 -12","ORDER_CANCEL","CLIENT_REQUEST","","","","","","","","","","","","","","","","",""
"59486","2025-09-24 16:40:13 -12","ORDER_CANCEL","CLIENT_REQUEST","","","","","","","","","","","","","","","","",""
"59487","2025-09-24 16:40:13 -12","ORDER_CANCEL","CLIENT_REQUEST","","","","","","","","","","","","","","","","",""
"59488","2025-09-24 16:40:13 -12","ORDER_CANCEL","CLIENT_REQUEST","","","","","","","","","","","","","","","","",""
"59489","2025-09-24 16:40:14 -12","MARKET_IF_TOUCHED_ORDER","CLIENT_ORDER","EUR/USD","1.17548","1000.00","Buy","","1.17527","","1.17562","","","","","","","","",""
"59490","2025-09-24 16:40:15 -12","MARKET_IF_TOUCHED_ORDER","CLIENT_ORDER","EUR/USD","1.17440","1000.00","Sell","","1.17461","","1.17426","","","","","","","","",""
"59491","2025-09-24 16:40:15 -12","MARKET_IF_TOUCHED_ORDER","CLIENT_ORDER","EUR/USD","1.17598","1000.00","Buy","","1.17577","","1.17612","","","","","","","","",""
"59492","2025-09-24 16:40:15 -12","MARKET_IF_TOUCHED_ORDER","CLIENT_ORDER","EUR/USD","1.17390","1000.00","Sell","","1.17411","","1.17376","","","","","","","","",""
"59493","2025-09-24 16:40:16 -12","MARKET_IF_TOUCHED_ORDER","CLIENT_ORDER","EUR/USD","1.17648","1000.00","Buy","","1.17627","","1.17662","","","","","","","","",""
"59494","2025-09-24 16:40:16 -12","MARKET_IF_TOUCHED_ORDER","CLIENT_ORDER","EUR/USD","1.17340","1000.00","Sell","","1.17361","","1.17326","","","","","","","","",""
"59495","2025-09-24 16:40:16 -12","MARKET_IF_TOUCHED_ORDER","CLIENT_ORDER","EUR/USD","1.17698","1000.00","Buy","","1.17677","","1.17712","","","","","","","","",""
"59496","2025-09-24 16:40:16 -12","MARKET_IF_TOUCHED_ORDER","CLIENT_ORDER","EUR/USD","1.17290","1000.00","Sell","","1.17311","","1.17276","","","","","","","","",""
"59497","2025-09-24 16:40:17 -12","MARKET_IF_TOUCHED_ORDER","CLIENT_ORDER","EUR/USD","1.17748","1000.00","Buy","","1.17727","","1.17762","","","","","","","","",""
"59498","2025-09-24 16:40:17 -12","MARKET_IF_TOUCHED_ORDER","CLIENT_ORDER","EUR/USD","1.17240","1000.00","Sell","","1.17261","","1.17226","","","","","","","","",""
"59499","2025-09-24 16:42:18 -12","ORDER_CANCEL","CLIENT_REQUEST","","","","","","","","","","","","","","","","",""
"59500","2025-09-24 16:42:19 -12","ORDER_CANCEL","CLIENT_REQUEST","","","","","","","","","","","","","","","","",""
"59501","2025-09-24 16:42:19 -12","ORDER_CANCEL","CLIENT_REQUEST","","","","","","","","","","","","","","","","",""
"59502","2025-09-24 16:42:20 -12","ORDER_CANCEL","CLIENT_REQUEST","","","","","","","","","","","","","","","","",""
"59503","2025-09-24 16:42:20 -12","ORDER_CANCEL","CLIENT_REQUEST","","","","","","","","","","","","","","","","",""
"59504","2025-09-24 16:42:20 -12","ORDER_CANCEL","CLIENT_REQUEST","","","","","","","","","","","","","","","","",""
"59505","2025-09-24 16:42:21 -12","ORDER_CANCEL","CLIENT_REQUEST","","","","","","","","","","","","","","","","",""
"59506","2025-09-24 16:42:21 -12","ORDER_CANCEL","CLIENT_REQUEST","","","","","","","","","","","","","","","","",""
"59507","2025-09-24 16:42:21 -12","ORDER_CANCEL","CLIENT_REQUEST","","","","","","","","","","","","","","","","",""
"59508","2025-09-24 16:42:22 -12","ORDER_CANCEL","CLIENT_REQUEST","","","","","","","","","","","","","","","","",""
"59509","2025-09-24 16:42:23 -12","MARKET_IF_TOUCHED_ORDER","CLIENT_ORDER","EUR/USD","1.17548","1000.00","Buy","","1.17527","","1.17562","","","","","","","","",""
"59510","2025-09-24 16:42:23 -12","MARKET_IF_TOUCHED_ORDER","CLIENT_ORDER","EUR/USD","1.17440","1000.00","Sell","","1.17461","","1.17426","","","","","","","","",""
"59511","2025-09-24 16:42:23 -12","MARKET_IF_TOUCHED_ORDER","CLIENT_ORDER","EUR/USD","1.17598","1000.00","Buy","","1.17577","","1.17612","","","","","","","","",""
"59512","2025-09-24 16:42:24 -12","MARKET_IF_TOUCHED_ORDER","CLIENT_ORDER","EUR/USD","1.17390","1000.00","Sell","","1.17411","","1.17376","","","","","","","","",""
"59513","2025-09-24 16:42:24 -12","MARKET_IF_TOUCHED_ORDER","CLIENT_ORDER","EUR/USD","1.17648","1000.00","Buy","","1.17627","","1.17662","","","","","","","","",""
"59514","2025-09-24 16:42:24 -12","MARKET_IF_TOUCHED_ORDER","CLIENT_ORDER","EUR/USD","1.17340","1000.00","Sell","","1.17361","","1.17326","","","","","","","","",""
"59515","2025-09-24 16:42:24 -12","MARKET_IF_TOUCHED_ORDER","CLIENT_ORDER","EUR/USD","1.17698","1000.00","Buy","","1.17677","","1.17712","","","","","","","","",""
"59516","2025-09-24 16:42:25 -12","MARKET_IF_TOUCHED_ORDER","CLIENT_ORDER","EUR/USD","1.17290","1000.00","Sell","","1.17311","","1.17276","","","","","","","","",""
"59517","2025-09-24 16:42:25 -12","MARKET_IF_TOUCHED_ORDER","CLIENT_ORDER","EUR/USD","1.17748","1000.00","Buy","","1.17727","","1.17762","","","","","","","","",""
"59518","2025-09-24 16:42:25 -12","MARKET_IF_TOUCHED_ORDER","CLIENT_ORDER","EUR/USD","1.17240","1000.00","Sell","","1.17261","","1.17226","","","","","","","","",""
"59519","2025-09-24 16:44:26 -12","ORDER_CANCEL","CLIENT_REQUEST","","","","","","","","","","","","","","","","",""
"59520","2025-09-24 16:44:26 -12","ORDER_CANCEL","CLIENT_REQUEST","","","","","","","","","","","","","","","","",""
"59521","2025-09-24 16:44:26 -12","ORDER_CANCEL","CLIENT_REQUEST","","","","","","","","","","","","","","","","",""
"59522","2025-09-24 16:44:26 -12","ORDER_CANCEL","CLIENT_REQUEST","","","","","","","","","","","","","","","","",""
"59523","2025-09-24 16:44:27 -12","ORDER_CANCEL","CLIENT_REQUEST","","","","","","","","","","","","","","","","",""
"59524","2025-09-24 16:44:27 -12","ORDER_CANCEL","CLIENT_REQUEST","","","","","","","","","","","","","","","","",""
"59525","2025-09-24 16:44:27 -12","ORDER_CANCEL","CLIENT_REQUEST","","","","","","","","","","","","","","","","",""
"59526","2025-09-24 16:44:28 -12","ORDER_CANCEL","CLIENT_REQUEST","","","","","","","","","","","","","","","","",""
"59527","2025-09-24 16:44:28 -12","ORDER_CANCEL","CLIENT_REQUEST","","","","","","","","","","","","","","","","",""
"59528","2025-09-24 16:44:28 -12","ORDER_CANCEL","CLIENT_REQUEST","","","","","","","","","","","","","","","","",""
"59529","2025-09-24 16:44:29 -12","MARKET_IF_TOUCHED_ORDER","CLIENT_ORDER","EUR/USD","1.17548","1000.00","Buy","","1.17527","","1.17562","","","","","","","","",""
"59530","2025-09-24 16:44:30 -12","MARKET_IF_TOUCHED_ORDER","CLIENT_ORDER","EUR/USD","1.17440","1000.00","Sell","","1.17461","","1.17426","","","","","","","","",""
"59531","2025-09-24 16:44:30 -12","MARKET_IF_TOUCHED_ORDER","CLIENT_ORDER","EUR/USD","1.17598","1000.00","Buy","","1.17577","","1.17612","","","","","","","","",""
"59532","2025-09-24 16:44:30 -12","MARKET_IF_TOUCHED_ORDER","CLIENT_ORDER","EUR/USD","1.17390","1000.00","Sell","","1.17411","","1.17376","","","","","","","","",""
"59533","2025-09-24 16:44:30 -12","MARKET_IF_TOUCHED_ORDER","CLIENT_ORDER","EUR/USD","1.17648","1000.00","Buy","","1.17627","","1.17662","","","","","","","","",""
"59534","2025-09-24 16:44:31 -12","MARKET_IF_TOUCHED_ORDER","CLIENT_ORDER","EUR/USD","1.17340","1000.00","Sell","","1.17361","","1.17326","","","","","","","","",""
"59535","2025-09-24 16:44:31 -12","MARKET_IF_TOUCHED_ORDER","CLIENT_ORDER","EUR/USD","1.17698","1000.00","Buy","","1.17677","","1.17712","","","","","","","","",""
"59536","2025-09-24 16:44:31 -12","MARKET_IF_TOUCHED_ORDER","CLIENT_ORDER","EUR/USD","1.17290","1000.00","Sell","","1.17311","","1.17276","","","","","","","","",""
"59537","2025-09-24 16:44:31 -12","MARKET_IF_TOUCHED_ORDER","CLIENT_ORDER","EUR/USD","1.17748","1000.00","Buy","","1.17727","","1.17762","","","","","","","","",""
"59538","2025-09-24 16:44:32 -12","MARKET_IF_TOUCHED_ORDER","CLIENT_ORDER","EUR/USD","1.17240","1000.00","Sell","","1.17261","","1.17226","","","","","","","","",""
"59539","2025-09-24 16:46:32 -12","ORDER_CANCEL","CLIENT_REQUEST","","","","","","","","","","","","","","","","",""
"59540","2025-09-24 16:46:32 -12","ORDER_CANCEL","CLIENT_REQUEST","","","","","","","","","","","","","","","","",""
"59541","2025-09-24 16:46:33 -12","ORDER_CANCEL","CLIENT_REQUEST","","","","","","","","","","","","","","","","",""
"59542","2025-09-24 16:46:33 -12","ORDER_CANCEL","CLIENT_REQUEST","","","","","","","","","","","","","","","","",""
"59543","2025-09-24 16:46:33 -12","ORDER_CANCEL","CLIENT_REQUEST","","","","","","","","","","","","","","","","",""
"59544","2025-09-24 16:46:33 -12","ORDER_CANCEL","CLIENT_REQUEST","","","","","","","","","","","","","","","","",""
"59545","2025-09-24 16:46:34 -12","ORDER_CANCEL","CLIENT_REQUEST","","","","","","","","","","","","","","","","",""
"59546","2025-09-24 16:46:34 -12","ORDER_CANCEL","CLIENT_REQUEST","","","","","","","","","","","","","","","","",""
"59547","2025-09-24 16:46:34 -12","ORDER_CANCEL","CLIENT_REQUEST","","","","","","","","","","","","","","","","",""
"59548","2025-09-24 16:46:34 -12","ORDER_CANCEL","CLIENT_REQUEST","","","","","","","","","","","","","","","","",""
"59549","2025-09-24 16:46:36 -12","MARKET_IF_TOUCHED_ORDER","CLIENT_ORDER","EUR/USD","1.17548","1000.00","Buy","","1.17526","","1.17563","","","","","","","","",""
"59550","2025-09-24 16:46:36 -12","MARKET_IF_TOUCHED_ORDER","CLIENT_ORDER","EUR/USD","1.17440","1000.00","Sell","","1.17462","","1.17425","","","","","","","","",""
"59551","2025-09-24 16:46:36 -12","MARKET_IF_TOUCHED_ORDER","CLIENT_ORDER","EUR/USD","1.17598","1000.00","Buy","","1.17576","","1.17613","","","","","","","","",""
"59552","2025-09-24 16:46:36 -12","MARKET_IF_TOUCHED_ORDER","CLIENT_ORDER","EUR/USD","1.17390","1000.00","Sell","","1.17412","","1.17375","","","","","","","","",""
"59553","2025-09-24 16:46:37 -12","MARKET_IF_TOUCHED_ORDER","CLIENT_ORDER","EUR/USD","1.17648","1000.00","Buy","","1.17626","","1.17663","","","","","","","","",""
"59554","2025-09-24 16:46:37 -12","MARKET_IF_TOUCHED_ORDER","CLIENT_ORDER","EUR/USD","1.17340","1000.00","Sell","","1.17362","","1.17325","","","","","","","","",""
"59555","2025-09-24 16:46:37 -12","MARKET_IF_TOUCHED_ORDER","CLIENT_ORDER","EUR/USD","1.17698","1000.00","Buy","","1.17676","","1.17713","","","","","","","","",""
"59556","2025-09-24 16:46:38 -12","MARKET_IF_TOUCHED_ORDER","CLIENT_ORDER","EUR/USD","1.17290","1000.00","Sell","","1.17312","","1.17275","","","","","","","","",""
"59557","2025-09-24 16:46:38 -12","MARKET_IF_TOUCHED_ORDER","CLIENT_ORDER","EUR/USD","1.17748","1000.00","Buy","","1.17726","","1.17763","","","","","","","","",""
"59558","2025-09-24 16:46:38 -12","MARKET_IF_TOUCHED_ORDER","CLIENT_ORDER","EUR/USD","1.17240","1000.00","Sell","","1.17262","","1.17225","","","","","","","","",""
"59559","2025-09-24 16:48:39 -12","ORDER_CANCEL","CLIENT_REQUEST","","","","","","","","","","","","","","","","",""
"59560","2025-09-24 16:48:39 -12","ORDER_CANCEL","CLIENT_REQUEST","","","","","","","","","","","","","","","","",""
"59561","2025-09-24 16:48:39 -12","ORDER_CANCEL","CLIENT_REQUEST","","","","","","","","","","","","","","","","",""
"59562","2025-09-24 16:48:39 -12","ORDER_CANCEL","CLIENT_REQUEST","","","","","","","","","","","","","","","","",""
"59563","2025-09-24 16:48:40 -12","ORDER_CANCEL","CLIENT_REQUEST","","","","","","","","","","","","","","","","",""
"59564","2025-09-24 16:48:40 -12","ORDER_CANCEL","CLIENT_REQUEST","","","","","","","","","","","","","","","","",""
"59565","2025-09-24 16:48:40 -12","ORDER_CANCEL","CLIENT_REQUEST","","","","","","","","","","","","","","","","",""
"59566","2025-09-24 16:48:40 -12","ORDER_CANCEL","CLIENT_REQUEST","","","","","","","","","","","","","","","","",""
"59567","2025-09-24 16:48:41 -12","ORDER_CANCEL","CLIENT_REQUEST","","","","","","","","","","","","","","","","",""
"59568","2025-09-24 16:48:41 -12","ORDER_CANCEL","CLIENT_REQUEST","","","","","","","","","","","","","","","","",""
"59569","2025-09-24 16:48:42 -12","MARKET_IF_TOUCHED_ORDER","CLIENT_ORDER","EUR/USD","1.17548","1000.00","Buy","","1.17526","","1.17563","","","","","","","","",""
"59570","2025-09-24 16:48:43 -12","MARKET_IF_TOUCHED_ORDER","CLIENT_ORDER","EUR/USD","1.17440","1000.00","Sell","","1.17462","","1.17425","","","","","","","","",""
"59571","2025-09-24 16:48:43 -12","MARKET_IF_TOUCHED_ORDER","CLIENT_ORDER","EUR/USD","1.17598","1000.00","Buy","","1.17576","","1.17613","","","","","","","","",""
"59572","2025-09-24 16:48:43 -12","MARKET_IF_TOUCHED_ORDER","CLIENT_ORDER","EUR/USD","1.17390","1000.00","Sell","","1.17412","","1.17375","","","","","","","","",""
"59573","2025-09-24 16:48:43 -12","MARKET_IF_TOUCHED_ORDER","CLIENT_ORDER","EUR/USD","1.17648","1000.00","Buy","","1.17626","","1.17663","","","","","","","","",""
"59574","2025-09-24 16:48:44 -12","MARKET_IF_TOUCHED_ORDER","CLIENT_ORDER","EUR/USD","1.17340","1000.00","Sell","","1.17362","","1.17325","","","","","","","","",""
"59575","2025-09-24 16:48:44 -12","MARKET_IF_TOUCHED_ORDER","CLIENT_ORDER","EUR/USD","1.17698","1000.00","Buy","","1.17676","","1.17713","","","","","","","","",""
"59576","2025-09-24 16:48:44 -12","MARKET_IF_TOUCHED_ORDER","CLIENT_ORDER","EUR/USD","1.17290","1000.00","Sell","","1.17312","","1.17275","","","","","","","","",""
"59577","2025-09-24 16:48:44 -12","MARKET_IF_TOUCHED_ORDER","CLIENT_ORDER","EUR/USD","1.17748","1000.00","Buy","","1.17726","","1.17763","","","","","","","","",""
"59578","2025-09-24 16:48:45 -12","MARKET_IF_TOUCHED_ORDER","CLIENT_ORDER","EUR/USD","1.17240","1000.00","Sell","","1.17262","","1.17225","","","","","","","","",""
"59579","2025-09-24 16:50:45 -12","ORDER_CANCEL","CLIENT_REQUEST","","","","","","","","","","","","","","","","",""
"59580","2025-09-24 16:50:45 -12","ORDER_CANCEL","CLIENT_REQUEST","","","","","","","","","","","","","","","","",""
"59581","2025-09-24 16:50:46 -12","ORDER_CANCEL","CLIENT_REQUEST","","","","","","","","","","","","","","","","",""
"59582","2025-09-24 16:50:46 -12","ORDER_CANCEL","CLIENT_REQUEST","","","","","","","","","","","","","","","","",""
"59583","2025-09-24 16:50:46 -12","ORDER_CANCEL","CLIENT_REQUEST","","","","","","","","","","","","","","","","",""
"59584","2025-09-24 16:50:46 -12","ORDER_CANCEL","CLIENT_REQUEST","","","","","","","","","","","","","","","","",""
"59585","2025-09-24 16:50:47 -12","ORDER_CANCEL","CLIENT_REQUEST","","","","","","","","","","","","","","","","",""
"59586","2025-09-24 16:50:47 -12","ORDER_CANCEL","CLIENT_REQUEST","","","","","","","","","","","","","","","","",""
"59587","2025-09-24 16:50:47 -12","ORDER_CANCEL","CLIENT_REQUEST","","","","","","","","","","","","","","","","",""
"59588","2025-09-24 16:50:47 -12","ORDER_CANCEL","CLIENT_REQUEST","","","","","","","","","","","","","","","","",""
"59589","2025-09-24 16:50:49 -12","MARKET_IF_TOUCHED_ORDER","CLIENT_ORDER","EUR/USD","1.17548","1000.00","Buy","","1.17526","","1.17563","","","","","","","","",""
"59590","2025-09-24 16:50:49 -12","MARKET_IF_TOUCHED_ORDER","CLIENT_ORDER","EUR/USD","1.17440","1000.00","Sell","","1.17462","","1.17425","","","","","","","","",""
"59591","2025-09-24 16:50:49 -12","MARKET_IF_TOUCHED_ORDER","CLIENT_ORDER","EUR/USD","1.17598","1000.00","Buy","","1.17576","","1.17613","","","","","","","","",""
"59592","2025-09-24 16:50:50 -12","MARKET_IF_TOUCHED_ORDER","CLIENT_ORDER","EUR/USD","1.17390","1000.00","Sell","","1.17412","","1.17375","","","","","","","","",""
"59593","2025-09-24 16:50:50 -12","MARKET_IF_TOUCHED_ORDER","CLIENT_ORDER","EUR/USD","1.17648","1000.00","Buy","","1.17626","","1.17663","","","","","","","","",""
"59594","2025-09-24 16:50:50 -12","MARKET_IF_TOUCHED_ORDER","CLIENT_ORDER","EUR/USD","1.17340","1000.00","Sell","","1.17362","","1.17325","","","","","","","","",""
"59595","2025-09-24 16:50:50 -12","MARKET_IF_TOUCHED_ORDER","CLIENT_ORDER","EUR/USD","1.17698","1000.00","Buy","","1.17676","","1.17713","","","","","","","","",""
"59596","2025-09-24 16:50:51 -12","MARKET_IF_TOUCHED_ORDER","CLIENT_ORDER","EUR/USD","1.17290","1000.00","Sell","","1.17312","","1.17275","","","","","","","","",""
"59597","2025-09-24 16:50:51 -12","MARKET_IF_TOUCHED_ORDER","CLIENT_ORDER","EUR/USD","1.17748","1000.00","Buy","","1.17726","","1.17763","","","","","","","","",""
"59598","2025-09-24 16:50:51 -12","MARKET_IF_TOUCHED_ORDER","CLIENT_ORDER","EUR/USD","1.17240","1000.00","Sell","","1.17262","","1.17225","","","","","","","","",""
"59599","2025-09-24 16:52:52 -12","ORDER_CANCEL","CLIENT_REQUEST","","","","","","","","","","","","","","","","",""
"59600","2025-09-24 16:52:52 -12","ORDER_CANCEL","CLIENT_REQUEST","","","","","","","","","","","","","","","","",""
"59601","2025-09-24 16:52:52 -12","ORDER_CANCEL","CLIENT_REQUEST","","","","","","","","","","","","","","","","",""
"59602","2025-09-24 16:52:52 -12","ORDER_CANCEL","CLIENT_REQUEST","","","","","","","","","","","","","","","","",""
"59603","2025-09-24 16:52:53 -12","ORDER_CANCEL","CLIENT_REQUEST","","","","","","","","","","","","","","","","",""
"59604","2025-09-24 16:52:53 -12","ORDER_CANCEL","CLIENT_REQUEST","","","","","","","","","","","","","","","","",""
"59605","2025-09-24 16:52:53 -12","ORDER_CANCEL","CLIENT_REQUEST","","","","","","","","","","","","","","","","",""
"59606","2025-09-24 16:52:53 -12","ORDER_CANCEL","CLIENT_REQUEST","","","","","","","","","","","","","","","","",""
"59607","2025-09-24 16:52:54 -12","ORDER_CANCEL","CLIENT_REQUEST","","","","","","","","","","","","","","","","",""
"59608","2025-09-24 16:52:54 -12","ORDER_CANCEL","CLIENT_REQUEST","","","","","","","","","","","","","","","","",""
"59609","2025-09-24 16:52:55 -12","MARKET_IF_TOUCHED_ORDER","CLIENT_ORDER","EUR/USD","1.17548","1000.00","Buy","","1.17526","","1.17563","","","","","","","","",""
"59610","2025-09-24 16:52:55 -12","MARKET_IF_TOUCHED_ORDER","CLIENT_ORDER","EUR/USD","1.17440","1000.00","Sell","","1.17462","","1.17425","","","","","","","","",""
"59611","2025-09-24 16:52:56 -12","MARKET_IF_TOUCHED_ORDER","CLIENT_ORDER","EUR/USD","1.17598","1000.00","Buy","","1.17576","","1.17613","","","","","","","","",""
"59612","2025-09-24 16:52:56 -12","MARKET_IF_TOUCHED_ORDER","CLIENT_ORDER","EUR/USD","1.17390","1000.00","Sell","","1.17412","","1.17375","","","","","","","","",""
"59613","2025-09-24 16:52:56 -12","MARKET_IF_TOUCHED_ORDER","CLIENT_ORDER","EUR/USD","1.17648","1000.00","Buy","","1.17626","","1.17663","","","","","","","","",""
"59614","2025-09-24 16:52:57 -12","MARKET_IF_TOUCHED_ORDER","CLIENT_ORDER","EUR/USD","1.17340","1000.00","Sell","","1.17362","","1.17325","","","","","","","","",""
"59615","2025-09-24 16:52:57 -12","MARKET_IF_TOUCHED_ORDER","CLIENT_ORDER","EUR/USD","1.17698","1000.00","Buy","","1.17676","","1.17713","","","","","","","","",""
"59616","2025-09-24 16:52:57 -12","MARKET_IF_TOUCHED_ORDER","CLIENT_ORDER","EUR/USD","1.17290","1000.00","Sell","","1.17312","","1.17275","","","","","","","","",""
"59617","2025-09-24 16:52:57 -12","MARKET_IF_TOUCHED_ORDER","CLIENT_ORDER","EUR/USD","1.17748","1000.00","Buy","","1.17726","","1.17763","","","","","","","","",""
"59618","2025-09-24 16:52:58 -12","MARKET_IF_TOUCHED_ORDER","CLIENT_ORDER","EUR/USD","1.17240","1000.00","Sell","","1.17262","","1.17225","","","","","","","","",""
"59619","2025-09-24 16:54:58 -12","ORDER_CANCEL","CLIENT_REQUEST","","","","","","","","","","","","","","","","",""
"59620","2025-09-24 16:54:58 -12","ORDER_CANCEL","CLIENT_REQUEST","","","","","","","","","","","","","","","","",""
"59621","2025-09-24 16:54:59 -12","ORDER_CANCEL","CLIENT_REQUEST","","","","","","","","","","","","","","","","",""
"59622","2025-09-24 16:54:59 -12","ORDER_CANCEL","CLIENT_REQUEST","","","","","","","","","","","","","","","","",""
"59623","2025-09-24 16:54:59 -12","ORDER_CANCEL","CLIENT_REQUEST","","","","","","","","","","","","","","","","",""
"59624","2025-09-24 16:54:59 -12","ORDER_CANCEL","CLIENT_REQUEST","","","","","","","","","","","","","","","","",""
"59625","2025-09-24 16:55:00 -12","ORDER_CANCEL","CLIENT_REQUEST","","","","","","","","","","","","","","","","",""
"59626","2025-09-24 16:55:00 -12","ORDER_CANCEL","CLIENT_REQUEST","","","","","","","","","","","","","","","","",""
"59627","2025-09-24 16:55:00 -12","ORDER_CANCEL","CLIENT_REQUEST","","","","","","","","","","","","","","","","",""
"59628","2025-09-24 16:55:00 -12","ORDER_CANCEL","CLIENT_REQUEST","","","","","","","","","","","","","","","","",""
"59629","2025-09-24 16:55:02 -12","MARKET_IF_TOUCHED_ORDER","CLIENT_ORDER","EUR/USD","1.17548","1000.00","Buy","","1.17526","","1.17563","","","","","","","","",""
"59630","2025-09-24 16:55:02 -12","MARKET_IF_TOUCHED_ORDER","CLIENT_ORDER","EUR/USD","1.17440","1000.00","Sell","","1.17462","","1.17425","","","","","","","","",""
"59631","2025-09-24 16:55:02 -12","MARKET_IF_TOUCHED_ORDER","CLIENT_ORDER","EUR/USD","1.17598","1000.00","Buy","","1.17576","","1.17613","","","","","","","","",""
"59632","2025-09-24 16:55:03 -12","MARKET_IF_TOUCHED_ORDER","CLIENT_ORDER","EUR/USD","1.17390","1000.00","Sell","","1.17412","","1.17375","","","","","","","","",""
"59633","2025-09-24 16:55:03 -12","MARKET_IF_TOUCHED_ORDER","CLIENT_ORDER","EUR/USD","1.17648","1000.00","Buy","","1.17626","","1.17663","","","","","","","","",""
"59634","2025-09-24 16:55:03 -12","MARKET_IF_TOUCHED_ORDER","CLIENT_ORDER","EUR/USD","1.17340","1000.00","Sell","","1.17362","","1.17325","","","","","","","","",""
"59635","2025-09-24 16:55:03 -12","MARKET_IF_TOUCHED_ORDER","CLIENT_ORDER","EUR/USD","1.17698","1000.00","Buy","","1.17676","","1.17713","","","","","","","","",""
"59636","2025-09-24 16:55:04 -12","MARKET_IF_TOUCHED_ORDER","CLIENT_ORDER","EUR/USD","1.17290","1000.00","Sell","","1.17312","","1.17275","","","","","","","","",""
"59637","2025-09-24 16:55:04 -12","MARKET_IF_TOUCHED_ORDER","CLIENT_ORDER","EUR/USD","1.17748","1000.00","Buy","","1.17726","","1.17763","","","","","","","","",""
"59638","2025-09-24 16:55:04 -12","MARKET_IF_TOUCHED_ORDER","CLIENT_ORDER","EUR/USD","1.17240","1000.00","Sell","","1.17262","","1.17225","","","","","","","","",""
"59639","2025-09-24 16:57:05 -12","ORDER_CANCEL","CLIENT_REQUEST","","","","","","","","","","","","","","","","",""
"59640","2025-09-24 16:57:05 -12","ORDER_CANCEL","CLIENT_REQUEST","","","","","","","","","","","","","","","","",""
"59641","2025-09-24 16:57:05 -12","ORDER_CANCEL","CLIENT_REQUEST","","","","","","","","","","","","","","","","",""
"59642","2025-09-24 16:57:05 -12","ORDER_CANCEL","CLIENT_REQUEST","","","","","","","","","","","","","","","","",""
"59643","2025-09-24 16:57:06 -12","ORDER_CANCEL","CLIENT_REQUEST","","","","","","","","","","","","","","","","",""
"59644","2025-09-24 16:57:06 -12","ORDER_CANCEL","CLIENT_REQUEST","","","","","","","","","","","","","","","","",""
"59645","2025-09-24 16:57:06 -12","ORDER_CANCEL","CLIENT_REQUEST","","","","","","","","","","","","","","","","",""
"59646","2025-09-24 16:57:06 -12","ORDER_CANCEL","CLIENT_REQUEST","","","","","","","","","","","","","","","","",""
"59647","2025-09-24 16:57:07 -12","ORDER_CANCEL","CLIENT_REQUEST","","","","","","","","","","","","","","","","",""
"59648","2025-09-24 16:57:07 -12","ORDER_CANCEL","CLIENT_REQUEST","","","","","","","","","","","","","","","","",""
"59649","2025-09-24 16:57:08 -12","MARKET_IF_TOUCHED_ORDER","CLIENT_ORDER","EUR/USD","1.17548","1000.00","Buy","","1.17525","","1.17563","","","","","","","","",""
"59650","2025-09-24 16:57:08 -12","MARKET_IF_TOUCHED_ORDER","CLIENT_ORDER","EUR/USD","1.17440","1000.00","Sell","","1.17463","","1.17425","","","","","","","","",""
"59651","2025-09-24 16:57:09 -12","MARKET_IF_TOUCHED_ORDER","CLIENT_ORDER","EUR/USD","1.17598","1000.00","Buy","","1.17575","","1.17613","","","","","","","","",""
"59652","2025-09-24 16:57:09 -12","MARKET_IF_TOUCHED_ORDER","CLIENT_ORDER","EUR/USD","1.17390","1000.00","Sell","","1.17413","","1.17375","","","","","","","","",""
"59653","2025-09-24 16:57:09 -12","MARKET_IF_TOUCHED_ORDER","CLIENT_ORDER","EUR/USD","1.17648","1000.00","Buy","","1.17625","","1.17663","","","","","","","","",""
"59654","2025-09-24 16:57:09 -12","MARKET_IF_TOUCHED_ORDER","CLIENT_ORDER","EUR/USD","1.17340","1000.00","Sell","","1.17363","","1.17325","","","","","","","","",""
"59655","2025-09-24 16:57:10 -12","MARKET_IF_TOUCHED_ORDER","CLIENT_ORDER","EUR/USD","1.17698","1000.00","Buy","","1.17675","","1.17713","","","","","","","","",""
"59656","2025-09-24 16:57:10 -12","MARKET_IF_TOUCHED_ORDER","CLIENT_ORDER","EUR/USD","1.17290","1000.00","Sell","","1.17313","","1.17275","","","","","","","","",""
"59657","2025-09-24 16:57:10 -12","MARKET_IF_TOUCHED_ORDER","CLIENT_ORDER","EUR/USD","1.17748","1000.00","Buy","","1.17725","","1.17763","","","","","","","","",""
"59658","2025-09-24 16:57:10 -12","MARKET_IF_TOUCHED_ORDER","CLIENT_ORDER","EUR/USD","1.17240","1000.00","Sell","","1.17263","","1.17225","","","","","","","","",""
"59659","2025-09-24 16:59:12 -12","ORDER_CANCEL","CLIENT_REQUEST","","","","","","","","","","","","","","","","",""
"59660","2025-09-24 16:59:12 -12","ORDER_CANCEL","CLIENT_REQUEST","","","","","","","","","","","","","","","","",""
"59661","2025-09-24 16:59:12 -12","ORDER_CANCEL","CLIENT_REQUEST","","","","","","","","","","","","","","","","",""
"59662","2025-09-24 16:59:13 -12","ORDER_CANCEL","CLIENT_REQUEST","","","","","","","","","","","","","","","","",""
"59663","2025-09-24 16:59:14 -12","ORDER_CANCEL","CLIENT_REQUEST","","","","","","","","","","","","","","","","",""
"59664","2025-09-24 16:59:14 -12","ORDER_CANCEL","CLIENT_REQUEST","","","","","","","","","","","","","","","","",""
"59665","2025-09-24 16:59:14 -12","ORDER_CANCEL","CLIENT_REQUEST","","","","","","","","","","","","","","","","",""
"59666","2025-09-24 16:59:14 -12","ORDER_CANCEL","CLIENT_REQUEST","","","","","","","","","","","","","","","","",""
"59667","2025-09-24 16:59:15 -12","ORDER_CANCEL","CLIENT_REQUEST","","","","","","","","","","","","","","","","",""
"59668","2025-09-24 16:59:15 -12","ORDER_CANCEL","CLIENT_REQUEST","","","","","","","","","","","","","","","","",""
"59669","2025-09-24 16:59:16 -12","MARKET_IF_TOUCHED_ORDER","CLIENT_ORDER","EUR/USD","1.17548","1000.00","Buy","","1.17525","","1.17563","","","","","","","","",""
"59670","2025-09-24 16:59:17 -12","MARKET_IF_TOUCHED_ORDER","CLIENT_ORDER","EUR/USD","1.17440","1000.00","Sell","","1.17463","","1.17425","","","","","","","","",""
"59671","2025-09-24 16:59:17 -12","MARKET_IF_TOUCHED_ORDER","CLIENT_ORDER","EUR/USD","1.17598","1000.00","Buy","","1.17575","","1.17613","","","","","","","","",""
"59672","2025-09-24 16:59:17 -12","MARKET_IF_TOUCHED_ORDER","CLIENT_ORDER","EUR/USD","1.17390","1000.00","Sell","","1.17413","","1.17375","","","","","","","","",""
"59673","2025-09-24 16:59:17 -12","MARKET_IF_TOUCHED_ORDER","CLIENT_ORDER","EUR/USD","1.17648","1000.00","Buy","","1.17625","","1.17663","","","","","","","","",""
"59674","2025-09-24 16:59:18 -12","MARKET_IF_TOUCHED_ORDER","CLIENT_ORDER","EUR/USD","1.17340","1000.00","Sell","","1.17363","","1.17325","","","","","","","","",""
"59675","2025-09-24 16:59:18 -12","MARKET_IF_TOUCHED_ORDER","CLIENT_ORDER","EUR/USD","1.17698","1000.00","Buy","","1.17675","","1.17713","","","","","","","","",""
"59676","2025-09-24 16:59:18 -12","MARKET_IF_TOUCHED_ORDER","CLIENT_ORDER","EUR/USD","1.17290","1000.00","Sell","","1.17313","","1.17275","","","","","","","","",""
"59677","2025-09-24 16:59:18 -12","MARKET_IF_TOUCHED_ORDER","CLIENT_ORDER","EUR/USD","1.17748","1000.00","Buy","","1.17725","","1.17763","","","","","","","","",""
"59678","2025-09-24 16:59:19 -12","MARKET_IF_TOUCHED_ORDER","CLIENT_ORDER","EUR/USD","1.17240","1000.00","Sell","","1.17263","","1.17225","","","","","","","","",""
"59679","2025-09-24 17:01:19 -12","ORDER_CANCEL","CLIENT_REQUEST","","","","","","","","","","","","","","","","",""
"59680","2025-09-24 17:01:19 -12","ORDER_CANCEL","CLIENT_REQUEST","","","","","","","","","","","","","","","","",""
"59681","2025-09-24 17:01:20 -12","ORDER_CANCEL","CLIENT_REQUEST","","","","","","","","","","","","","","","","",""
"59682","2025-09-24 17:01:20 -12","ORDER_CANCEL","CLIENT_REQUEST","","","","","","","","","","","","","","","","",""
"59683","2025-09-24 17:01:20 -12","ORDER_CANCEL","CLIENT_REQUEST","","","","","","","","","","","","","","","","",""
"59684","2025-09-24 17:01:21 -12","ORDER_CANCEL","CLIENT_REQUEST","","","","","","","","","","","","","","","","",""
"59685","2025-09-24 17:01:21 -12","ORDER_CANCEL","CLIENT_REQUEST","","","","","","","","","","","","","","","","",""
"59686","2025-09-24 17:01:21 -12","ORDER_CANCEL","CLIENT_REQUEST","","","","","","","","","","","","","","","","",""
"59687","2025-09-24 17:01:21 -12","ORDER_CANCEL","CLIENT_REQUEST","","","","","","","","","","","","","","","","",""
"59688","2025-09-24 17:01:22 -12","ORDER_CANCEL","CLIENT_REQUEST","","","","","","","","","","","","","","","","",""
"59689","2025-09-24 17:01:23 -12","MARKET_IF_TOUCHED_ORDER","CLIENT_ORDER","EUR/USD","1.17548","1000.00","Buy","","1.17525","","1.17563","","","","","","","","",""
"59690","2025-09-24 17:01:23 -12","MARKET_IF_TOUCHED_ORDER","CLIENT_ORDER","EUR/USD","1.17440","1000.00","Sell","","1.17463","","1.17425","","","","","","","","",""
"59691","2025-09-24 17:01:24 -12","MARKET_IF_TOUCHED_ORDER","CLIENT_ORDER","EUR/USD","1.17598","1000.00","Buy","","1.17575","","1.17613","","","","","","","","",""
"59692","2025-09-24 17:01:24 -12","MARKET_IF_TOUCHED_ORDER","CLIENT_ORDER","EUR/USD","1.17390","1000.00","Sell","","1.17413","","1.17375","","","","","","","","",""
"59693","2025-09-24 17:01:24 -12","MARKET_IF_TOUCHED_ORDER","CLIENT_ORDER","EUR/USD","1.17648","1000.00","Buy","","1.17625","","1.17663","","","","","","","","",""
"59694","2025-09-24 17:01:24 -12","MARKET_IF_TOUCHED_ORDER","CLIENT_ORDER","EUR/USD","1.17340","1000.00","Sell","","1.17363","","1.17325","","","","","","","","",""
"59695","2025-09-24 17:01:25 -12","MARKET_IF_TOUCHED_ORDER","CLIENT_ORDER","EUR/USD","1.17698","1000.00","Buy","","1.17675","","1.17713","","","","","","","","",""
"59696","2025-09-24 17:01:25 -12","MARKET_IF_TOUCHED_ORDER","CLIENT_ORDER","EUR/USD","1.17290","1000.00","Sell","","1.17313","","1.17275","","","","","","","","",""
"59697","2025-09-24 17:01:25 -12","MARKET_IF_TOUCHED_ORDER","CLIENT_ORDER","EUR/USD","1.17748","1000.00","Buy","","1.17725","","1.17763","","","","","","","","",""
"59698","2025-09-24 17:01:25 -12","MARKET_IF_TOUCHED_ORDER","CLIENT_ORDER","EUR/USD","1.17240","1000.00","Sell","","1.17263","","1.17225","","","","","","","","",""
"59699","2025-09-24 17:03:26 -12","ORDER_CANCEL","CLIENT_REQUEST","","","","","","","","","","","","","","","","",""
"59700","2025-09-24 17:03:26 -12","ORDER_CANCEL","CLIENT_REQUEST","","","","","","","","","","","","","","","","",""
"59701","2025-09-24 17:03:26 -12","ORDER_CANCEL","CLIENT_REQUEST","","","","","","","","","","","","","","","","",""
"59702","2025-09-24 17:03:27 -12","ORDER_CANCEL","CLIENT_REQUEST","","","","","","","","","","","","","","","","",""
"59703","2025-09-24 17:03:27 -12","ORDER_CANCEL","CLIENT_REQUEST","","","","","","","","","","","","","","","","",""
"59704","2025-09-24 17:03:27 -12","ORDER_CANCEL","CLIENT_REQUEST","","","","","","","","","","","","","","","","",""
"59705","2025-09-24 17:03:27 -12","ORDER_CANCEL","CLIENT_REQUEST","","","","","","","","","","","","","","","","",""
"59706","2025-09-24 17:03:28 -12","ORDER_CANCEL","CLIENT_REQUEST","","","","","","","","","","","","","","","","",""
"59707","2025-09-24 17:03:28 -12","ORDER_CANCEL","CLIENT_REQUEST","","","","","","","","","","","","","","","","",""
"59708","2025-09-24 17:03:28 -12","ORDER_CANCEL","CLIENT_REQUEST","","","","","","","","","","","","","","","","",""
"59709","2025-09-24 17:03:30 -12","MARKET_IF_TOUCHED_ORDER","CLIENT_ORDER","EUR/USD","1.17548","1000.00","Buy","","1.17525","","1.17563","","","","","","","","",""
"59710","2025-09-24 17:03:30 -12","MARKET_IF_TOUCHED_ORDER","CLIENT_ORDER","EUR/USD","1.17440","1000.00","Sell","","1.17463","","1.17425","","","","","","","","",""
"59711","2025-09-24 17:03:30 -12","MARKET_IF_TOUCHED_ORDER","CLIENT_ORDER","EUR/USD","1.17598","1000.00","Buy","","1.17575","","1.17613","","","","","","","","",""
"59712","2025-09-24 17:03:30 -12","MARKET_IF_TOUCHED_ORDER","CLIENT_ORDER","EUR/USD","1.17390","1000.00","Sell","","1.17413","","1.17375","","","","","","","","",""
"59713","2025-09-24 17:03:31 -12","MARKET_IF_TOUCHED_ORDER","CLIENT_ORDER","EUR/USD","1.17648","1000.00","Buy","","1.17625","","1.17663","","","","","","","","",""
"59714","2025-09-24 17:03:31 -12","MARKET_IF_TOUCHED_ORDER","CLIENT_ORDER","EUR/USD","1.17340","1000.00","Sell","","1.17363","","1.17325","","","","","","","","",""
"59715","2025-09-24 17:03:31 -12","MARKET_IF_TOUCHED_ORDER","CLIENT_ORDER","EUR/USD","1.17698","1000.00","Buy","","1.17675","","1.17713","","","","","","","","",""
"59716","2025-09-24 17:03:31 -12","MARKET_IF_TOUCHED_ORDER","CLIENT_ORDER","EUR/USD","1.17290","1000.00","Sell","","1.17313","","1.17275","","","","","","","","",""
"59717","2025-09-24 17:03:32 -12","MARKET_IF_TOUCHED_ORDER","CLIENT_ORDER","EUR/USD","1.17748","1000.00","Buy","","1.17725","","1.17763","","","","","","","","",""
"59718","2025-09-24 17:03:32 -12","MARKET_IF_TOUCHED_ORDER","CLIENT_ORDER","EUR/USD","1.17240","1000.00","Sell","","1.17263","","1.17225","","","","","","","","",""
"59719","2025-09-24 17:05:33 -12","ORDER_CANCEL","CLIENT_REQUEST","","","","","","","","","","","","","","","","",""
"59720","2025-09-24 17:05:33 -12","ORDER_CANCEL","CLIENT_REQUEST","","","","","","","","","","","","","","","","",""
"59721","2025-09-24 17:05:33 -12","ORDER_CANCEL","CLIENT_REQUEST","","","","","","","","","","","","","","","","",""
"59722","2025-09-24 17:05:33 -12","ORDER_CANCEL","CLIENT_REQUEST","","","","","","","","","","","","","","","","",""
"59723","2025-09-24 17:05:34 -12","ORDER_CANCEL","CLIENT_REQUEST","","","","","","","","","","","","","","","","",""
"59724","2025-09-24 17:05:34 -12","ORDER_CANCEL","CLIENT_REQUEST","","","","","","","","","","","","","","","","",""
"59725","2025-09-24 17:05:34 -12","ORDER_CANCEL","CLIENT_REQUEST","","","","","","","","","","","","","","","","",""
"59726","2025-09-24 17:05:34 -12","ORDER_CANCEL","CLIENT_REQUEST","","","","","","","","","","","","","","","","",""
"59727","2025-09-24 17:05:35 -12","ORDER_CANCEL","CLIENT_REQUEST","","","","","","","","","","","","","","","","",""
"59728","2025-09-24 17:05:35 -12","ORDER_CANCEL","CLIENT_REQUEST","","","","","","","","","","","","","","","","",""
"59729","2025-09-24 17:05:36 -12","MARKET_IF_TOUCHED_ORDER","CLIENT_ORDER","EUR/USD","1.17548","1000.00","Buy","","1.17525","","1.17563","","","","","","","","",""
"59730","2025-09-24 17:05:36 -12","MARKET_IF_TOUCHED_ORDER","CLIENT_ORDER","EUR/USD","1.17440","1000.00","Sell","","1.17463","","1.17425","","","","","","","","",""
"59731","2025-09-24 17:05:37 -12","MARKET_IF_TOUCHED_ORDER","CLIENT_ORDER","EUR/USD","1.17598","1000.00","Buy","","1.17575","","1.17613","","","","","","","","",""
"59732","2025-09-24 17:05:37 -12","MARKET_IF_TOUCHED_ORDER","CLIENT_ORDER","EUR/USD","1.17390","1000.00","Sell","","1.17413","","1.17375","","","","","","","","",""
"59733","2025-09-24 17:05:37 -12","MARKET_IF_TOUCHED_ORDER","CLIENT_ORDER","EUR/USD","1.17648","1000.00","Buy","","1.17625","","1.17663","","","","","","","","",""
"59734","2025-09-24 17:05:37 -12","MARKET_IF_TOUCHED_ORDER","CLIENT_ORDER","EUR/USD","1.17340","1000.00","Sell","","1.17363","","1.17325","","","","","","","","",""
"59735","2025-09-24 17:05:38 -12","MARKET_IF_TOUCHED_ORDER","CLIENT_ORDER","EUR/USD","1.17698","1000.00","Buy","","1.17675","","1.17713","","","","","","","","",""
"59736","2025-09-24 17:05:38 -12","MARKET_IF_TOUCHED_ORDER","CLIENT_ORDER","EUR/USD","1.17290","1000.00","Sell","","1.17313","","1.17275","","","","","","","","",""
"59737","2025-09-24 17:05:38 -12","MARKET_IF_TOUCHED_ORDER","CLIENT_ORDER","EUR/USD","1.17748","1000.00","Buy","","1.17725","","1.17763","","","","","","","","",""
"59738","2025-09-24 17:05:38 -12","MARKET_IF_TOUCHED_ORDER","CLIENT_ORDER","EUR/USD","1.17240","1000.00","Sell","","1.17263","","1.17225","","","","","","","","",""
"59739","2025-09-24 17:07:39 -12","ORDER_CANCEL","CLIENT_REQUEST","","","","","","","","","","","","","","","","",""
"59740","2025-09-24 17:07:39 -12","ORDER_CANCEL","CLIENT_REQUEST","","","","","","","","","","","","","","","","",""
"59741","2025-09-24 17:07:39 -12","ORDER_CANCEL","CLIENT_REQUEST","","","","","","","","","","","","","","","","",""
"59742","2025-09-24 17:07:40 -12","ORDER_CANCEL","CLIENT_REQUEST","","","","","","","","","","","","","","","","",""
"59743","2025-09-24 17:07:40 -12","ORDER_CANCEL","CLIENT_REQUEST","","","","","","","","","","","","","","","","",""
"59744","2025-09-24 17:07:40 -12","ORDER_CANCEL","CLIENT_REQUEST","","","","","","","","","","","","","","","","",""
"59745","2025-09-24 17:07:40 -12","ORDER_CANCEL","CLIENT_REQUEST","","","","","","","","","","","","","","","","",""
"59746","2025-09-24 17:07:41 -12","ORDER_CANCEL","CLIENT_REQUEST","","","","","","","","","","","","","","","","",""
"59747","2025-09-24 17:07:41 -12","ORDER_CANCEL","CLIENT_REQUEST","","","","","","","","","","","","","","","","",""
"59748","2025-09-24 17:07:41 -12","ORDER_CANCEL","CLIENT_REQUEST","","","","","","","","","","","","","","","","",""
"59749","2025-09-24 17:07:43 -12","MARKET_IF_TOUCHED_ORDER","CLIENT_ORDER","EUR/USD","1.17548","1000.00","Buy","","1.17525","","1.17563","","","","","","","","",""
"59750","2025-09-24 17:07:43 -12","MARKET_IF_TOUCHED_ORDER","CLIENT_ORDER","EUR/USD","1.17440","1000.00","Sell","","1.17463","","1.17425","","","","","","","","",""
"59751","2025-09-24 17:07:43 -12","MARKET_IF_TOUCHED_ORDER","CLIENT_ORDER","EUR/USD","1.17598","1000.00","Buy","","1.17575","","1.17613","","","","","","","","",""
"59752","2025-09-24 17:07:43 -12","MARKET_IF_TOUCHED_ORDER","CLIENT_ORDER","EUR/USD","1.17390","1000.00","Sell","","1.17413","","1.17375","","","","","","","","",""
"59753","2025-09-24 17:07:44 -12","MARKET_IF_TOUCHED_ORDER","CLIENT_ORDER","EUR/USD","1.17648","1000.00","Buy","","1.17625","","1.17663","","","","","","","","",""
"59754","2025-09-24 17:07:44 -12","MARKET_IF_TOUCHED_ORDER","CLIENT_ORDER","EUR/USD","1.17340","1000.00","Sell","","1.17363","","1.17325","","","","","","","","",""
"59755","2025-09-24 17:07:44 -12","MARKET_IF_TOUCHED_ORDER","CLIENT_ORDER","EUR/USD","1.17698","1000.00","Buy","","1.17675","","1.17713","","","","","","","","",""
"59756","2025-09-24 17:07:44 -12","MARKET_IF_TOUCHED_ORDER","CLIENT_ORDER","EUR/USD","1.17290","1000.00","Sell","","1.17313","","1.17275","","","","","","","","",""
"59757","2025-09-24 17:07:45 -12","MARKET_IF_TOUCHED_ORDER","CLIENT_ORDER","EUR/USD","1.17748","1000.00","Buy","","1.17725","","1.17763","","","","","","","","",""
"59758","2025-09-24 17:07:45 -12","MARKET_IF_TOUCHED_ORDER","CLIENT_ORDER","EUR/USD","1.17240","1000.00","Sell","","1.17263","","1.17225","","","","","","","","",""
"59759","2025-09-24 17:09:45 -12","ORDER_CANCEL","CLIENT_REQUEST","","","","","","","","","","","","","","","","",""
"59760","2025-09-24 17:09:46 -12","ORDER_CANCEL","CLIENT_REQUEST","","","","","","","","","","","","","","","","",""
"59761","2025-09-24 17:09:46 -12","ORDER_CANCEL","CLIENT_REQUEST","","","","","","","","","","","","","","","","",""
"59762","2025-09-24 17:09:46 -12","ORDER_CANCEL","CLIENT_REQUEST","","","","","","","","","","","","","","","","",""
"59763","2025-09-24 17:09:46 -12","ORDER_CANCEL","CLIENT_REQUEST","","","","","","","","","","","","","","","","",""
"59764","2025-09-24 17:09:47 -12","ORDER_CANCEL","CLIENT_REQUEST","","","","","","","","","","","","","","","","",""
"59765","2025-09-24 17:09:47 -12","ORDER_CANCEL","CLIENT_REQUEST","","","","","","","","","","","","","","","","",""
"59766","2025-09-24 17:09:47 -12","ORDER_CANCEL","CLIENT_REQUEST","","","","","","","","","","","","","","","","",""
"59767","2025-09-24 17:09:47 -12","ORDER_CANCEL","CLIENT_REQUEST","","","","","","","","","","","","","","","","",""
"59768","2025-09-24 17:09:48 -12","ORDER_CANCEL","CLIENT_REQUEST","","","","","","","","","","","","","","","","",""
"59769","2025-09-24 17:09:49 -12","MARKET_IF_TOUCHED_ORDER","CLIENT_ORDER","EUR/USD","1.17548","1000.00","Buy","","1.17525","","1.17563","","","","","","","","",""
"59770","2025-09-24 17:09:49 -12","MARKET_IF_TOUCHED_ORDER","CLIENT_ORDER","EUR/USD","1.17440","1000.00","Sell","","1.17463","","1.17425","","","","","","","","",""
"59771","2025-09-24 17:09:50 -12","MARKET_IF_TOUCHED_ORDER","CLIENT_ORDER","EUR/USD","1.17598","1000.00","Buy","","1.17575","","1.17613","","","","","","","","",""
"59772","2025-09-24 17:09:50 -12","MARKET_IF_TOUCHED_ORDER","CLIENT_ORDER","EUR/USD","1.17390","1000.00","Sell","","1.17413","","1.17375","","","","","","","","",""
"59773","2025-09-24 17:09:50 -12","MARKET_IF_TOUCHED_ORDER","CLIENT_ORDER","EUR/USD","1.17648","1000.00","Buy","","1.17625","","1.17663","","","","","","","","",""
"59774","2025-09-24 17:09:50 -12","MARKET_IF_TOUCHED_ORDER","CLIENT_ORDER","EUR/USD","1.17340","1000.00","Sell","","1.17363","","1.17325","","","","","","","","",""
"59775","2025-09-24 17:09:51 -12","MARKET_IF_TOUCHED_ORDER","CLIENT_ORDER","EUR/USD","1.17698","1000.00","Buy","","1.17675","","1.17713","","","","","","","","",""
"59776","2025-09-24 17:09:51 -12","MARKET_IF_TOUCHED_ORDER","CLIENT_ORDER","EUR/USD","1.17290","1000.00","Sell","","1.17313","","1.17275","","","","","","","","",""
"59777","2025-09-24 17:09:51 -12","MARKET_IF_TOUCHED_ORDER","CLIENT_ORDER","EUR/USD","1.17748","1000.00","Buy","","1.17725","","1.17763","","","","","","","","",""
"59778","2025-09-24 17:09:51 -12","MARKET_IF_TOUCHED_ORDER","CLIENT_ORDER","EUR/USD","1.17240","1000.00","Sell","","1.17263","","1.17225","","","","","","","","",""
"59779","2025-09-24 17:11:52 -12","ORDER_CANCEL","CLIENT_REQUEST","","","","","","","","","","","","","","","","",""
"59780","2025-09-24 17:11:52 -12","ORDER_CANCEL","CLIENT_REQUEST","","","","","","","","","","","","","","","","",""
"59781","2025-09-24 17:11:52 -12","ORDER_CANCEL","CLIENT_REQUEST","","","","","","","","","","","","","","","","",""
"59782","2025-09-24 17:11:53 -12","ORDER_CANCEL","CLIENT_REQUEST","","","","","","","","","","","","","","","","",""
"59783","2025-09-24 17:11:53 -12","ORDER_CANCEL","CLIENT_REQUEST","","","","","","","","","","","","","","","","",""
"59784","2025-09-24 17:11:53 -12","ORDER_CANCEL","CLIENT_REQUEST","","","","","","","","","","","","","","","","",""
"59785","2025-09-24 17:11:53 -12","ORDER_CANCEL","CLIENT_REQUEST","","","","","","","","","","","","","","","","",""
"59786","2025-09-24 17:11:54 -12","ORDER_CANCEL","CLIENT_REQUEST","","","","","","","","","","","","","","","","",""
"59787","2025-09-24 17:11:54 -12","ORDER_CANCEL","CLIENT_REQUEST","","","","","","","","","","","","","","","","",""
"59788","2025-09-24 17:11:54 -12","ORDER_CANCEL","CLIENT_REQUEST","","","","","","","","","","","","","","","","",""
"59789","2025-09-24 17:11:56 -12","MARKET_IF_TOUCHED_ORDER","CLIENT_ORDER","EUR/USD","1.17548","1000.00","Buy","","1.17526","","1.17563","","","","","","","","",""
"59790","2025-09-24 17:11:56 -12","MARKET_IF_TOUCHED_ORDER","CLIENT_ORDER","EUR/USD","1.17440","1000.00","Sell","","1.17462","","1.17425","","","","","","","","",""
"59791","2025-09-24 17:11:56 -12","MARKET_IF_TOUCHED_ORDER","CLIENT_ORDER","EUR/USD","1.17598","1000.00","Buy","","1.17576","","1.17613","","","","","","","","",""
"59792","2025-09-24 17:11:56 -12","MARKET_IF_TOUCHED_ORDER","CLIENT_ORDER","EUR/USD","1.17390","1000.00","Sell","","1.17412","","1.17375","","","","","","","","",""
"59793","2025-09-24 17:11:57 -12","MARKET_IF_TOUCHED_ORDER","CLIENT_ORDER","EUR/USD","1.17648","1000.00","Buy","","1.17626","","1.17663","","","","","","","","",""
"59794","2025-09-24 17:11:57 -12","MARKET_IF_TOUCHED_ORDER","CLIENT_ORDER","EUR/USD","1.17340","1000.00","Sell","","1.17362","","1.17325","","","","","","","","",""
"59795","2025-09-24 17:11:57 -12","MARKET_IF_TOUCHED_ORDER","CLIENT_ORDER","EUR/USD","1.17698","1000.00","Buy","","1.17676","","1.17713","","","","","","","","",""
"59796","2025-09-24 17:11:57 -12","MARKET_IF_TOUCHED_ORDER","CLIENT_ORDER","EUR/USD","1.17290","1000.00","Sell","","1.17312","","1.17275","","","","","","","","",""
"59797","2025-09-24 17:11:58 -12","MARKET_IF_TOUCHED_ORDER","CLIENT_ORDER","EUR/USD","1.17748","1000.00","Buy","","1.17726","","1.17763","","","","","","","","",""
"59798","2025-09-24 17:11:58 -12","MARKET_IF_TOUCHED_ORDER","CLIENT_ORDER","EUR/USD","1.17240","1000.00","Sell","","1.17262","","1.17225","","","","","","","","",""
"59799","2025-09-24 17:13:58 -12","ORDER_CANCEL","CLIENT_REQUEST","","","","","","","","","","","","","","","","",""
"59800","2025-09-24 17:13:59 -12","ORDER_CANCEL","CLIENT_REQUEST","","","","","","","","","","","","","","","","",""
"59801","2025-09-24 17:13:59 -12","ORDER_CANCEL","CLIENT_REQUEST","","","","","","","","","","","","","","","","",""
"59802","2025-09-24 17:13:59 -12","ORDER_CANCEL","CLIENT_REQUEST","","","","","","","","","","","","","","","","",""
"59803","2025-09-24 17:13:59 -12","ORDER_CANCEL","CLIENT_REQUEST","","","","","","","","","","","","","","","","",""
"59804","2025-09-24 17:14:00 -12","ORDER_CANCEL","CLIENT_REQUEST","","","","","","","","","","","","","","","","",""
"59805","2025-09-24 17:14:00 -12","ORDER_CANCEL","CLIENT_REQUEST","","","","","","","","","","","","","","","","",""
"59806","2025-09-24 17:14:00 -12","ORDER_CANCEL","CLIENT_REQUEST","","","","","","","","","","","","","","","","",""
"59807","2025-09-24 17:14:01 -12","ORDER_CANCEL","CLIENT_REQUEST","","","","","","","","","","","","","","","","",""
"59808","2025-09-24 17:14:01 -12","ORDER_CANCEL","CLIENT_REQUEST","","","","","","","","","","","","","","","","",""
"59809","2025-09-24 17:14:02 -12","MARKET_IF_TOUCHED_ORDER","CLIENT_ORDER","EUR/USD","1.17548","1000.00","Buy","","1.17526","","1.17563","","","","","","","","",""
"59810","2025-09-24 17:14:02 -12","MARKET_IF_TOUCHED_ORDER","CLIENT_ORDER","EUR/USD","1.17440","1000.00","Sell","","1.17462","","1.17425","","","","","","","","",""
"59811","2025-09-24 17:14:03 -12","MARKET_IF_TOUCHED_ORDER","CLIENT_ORDER","EUR/USD","1.17598","1000.00","Buy","","1.17576","","1.17613","","","","","","","","",""
"59812","2025-09-24 17:14:03 -12","MARKET_IF_TOUCHED_ORDER","CLIENT_ORDER","EUR/USD","1.17390","1000.00","Sell","","1.17412","","1.17375","","","","","","","","",""
"59813","2025-09-24 17:14:03 -12","MARKET_IF_TOUCHED_ORDER","CLIENT_ORDER","EUR/USD","1.17648","1000.00","Buy","","1.17626","","1.17663","","","","","","","","",""
"59814","2025-09-24 17:14:03 -12","MARKET_IF_TOUCHED_ORDER","CLIENT_ORDER","EUR/USD","1.17340","1000.00","Sell","","1.17362","","1.17325","","","","","","","","",""
"59815","2025-09-24 17:14:04 -12","MARKET_IF_TOUCHED_ORDER","CLIENT_ORDER","EUR/USD","1.17698","1000.00","Buy","","1.17676","","1.17713","","","","","","","","",""
"59816","2025-09-24 17:14:04 -12","MARKET_IF_TOUCHED_ORDER","CLIENT_ORDER","EUR/USD","1.17290","1000.00","Sell","","1.17312","","1.17275","","","","","","","","",""
"59817","2025-09-24 17:14:04 -12","MARKET_IF_TOUCHED_ORDER","CLIENT_ORDER","EUR/USD","1.17748","1000.00","Buy","","1.17726","","1.17763","","","","","","","","",""
"59818","2025-09-24 17:14:04 -12","MARKET_IF_TOUCHED_ORDER","CLIENT_ORDER","EUR/USD","1.17240","1000.00","Sell","","1.17262","","1.17225","","","","","","","","",""
"59819","2025-09-24 17:16:06 -12","ORDER_CANCEL","CLIENT_REQUEST","","","","","","","","","","","","","","","","",""
"59820","2025-09-24 17:16:06 -12","ORDER_CANCEL","CLIENT_REQUEST","","","","","","","","","","","","","","","","",""
"59821","2025-09-24 17:16:07 -12","ORDER_CANCEL","CLIENT_REQUEST","","","","","","","","","","","","","","","","",""
"59822","2025-09-24 17:16:36 -12","ORDER_CANCEL","CLIENT_REQUEST","","","","","","","","","","","","","","","","",""
"59823","2025-09-24 17:16:36 -12","ORDER_CANCEL","CLIENT_REQUEST","","","","","","","","","","","","","","","","",""
"59824","2025-09-24 17:16:37 -12","ORDER_CANCEL","CLIENT_REQUEST","","","","","","","","","","","","","","","","",""
"59825","2025-09-24 17:16:37 -12","ORDER_CANCEL","CLIENT_REQUEST","","","","","","","","","","","","","","","","",""
"59826","2025-09-24 17:16:37 -12","ORDER_CANCEL","CLIENT_REQUEST","","","","","","","","","","","","","","","","",""
"59827","2025-09-24 17:16:37 -12","ORDER_CANCEL","CLIENT_REQUEST","","","","","","","","","","","","","","","","",""
"59828","2025-09-24 17:16:38 -12","ORDER_CANCEL","CLIENT_REQUEST","","","","","","","","","","","","","","","","",""
"59829","2025-09-24 17:16:39 -12","MARKET_IF_TOUCHED_ORDER","CLIENT_ORDER","EUR/USD","1.17548","1000.00","Buy","","1.17525","","1.17563","","","","","","","","",""
"59830","2025-09-24 17:16:39 -12","MARKET_IF_TOUCHED_ORDER","CLIENT_ORDER","EUR/USD","1.17440","1000.00","Sell","","1.17463","","1.17425","","","","","","","","",""
"59831","2025-09-24 17:16:39 -12","MARKET_IF_TOUCHED_ORDER","CLIENT_ORDER","EUR/USD","1.17598","1000.00","Buy","","1.17575","","1.17613","","","","","","","","",""
"59832","2025-09-24 17:16:40 -12","MARKET_IF_TOUCHED_ORDER","CLIENT_ORDER","EUR/USD","1.17390","1000.00","Sell","","1.17413","","1.17375","","","","","","","","",""
"59833","2025-09-24 17:16:40 -12","MARKET_IF_TOUCHED_ORDER","CLIENT_ORDER","EUR/USD","1.17648","1000.00","Buy","","1.17625","","1.17663","","","","","","","","",""
"59834","2025-09-24 17:16:40 -12","MARKET_IF_TOUCHED_ORDER","CLIENT_ORDER","EUR/USD","1.17340","1000.00","Sell","","1.17363","","1.17325","","","","","","","","",""
"59835","2025-09-24 17:16:40 -12","MARKET_IF_TOUCHED_ORDER","CLIENT_ORDER","EUR/USD","1.17698","1000.00","Buy","","1.17675","","1.17713","","","","","","","","",""
"59836","2025-09-24 17:16:41 -12","MARKET_IF_TOUCHED_ORDER","CLIENT_ORDER","EUR/USD","1.17290","1000.00","Sell","","1.17313","","1.17275","","","","","","","","",""
"59837","2025-09-24 17:16:41 -12","MARKET_IF_TOUCHED_ORDER","CLIENT_ORDER","EUR/USD","1.17748","1000.00","Buy","","1.17725","","1.17763","","","","","","","","",""
"59838","2025-09-24 17:16:41 -12","MARKET_IF_TOUCHED_ORDER","CLIENT_ORDER","EUR/USD","1.17240","1000.00","Sell","","1.17263","","1.17225","","","","","","","","",""
"59839","2025-09-24 17:18:42 -12","ORDER_CANCEL","CLIENT_REQUEST","","","","","","","","","","","","","","","","",""
"59840","2025-09-24 17:18:42 -12","ORDER_CANCEL","CLIENT_REQUEST","","","","","","","","","","","","","","","","",""
"59841","2025-09-24 17:18:42 -12","ORDER_CANCEL","CLIENT_REQUEST","","","","","","","","","","","","","","","","",""
"59842","2025-09-24 17:18:42 -12","ORDER_CANCEL","CLIENT_REQUEST","","","","","","","","","","","","","","","","",""
"59843","2025-09-24 17:18:43 -12","ORDER_CANCEL","CLIENT_REQUEST","","","","","","","","","","","","","","","","",""
"59844","2025-09-24 17:18:43 -12","ORDER_CANCEL","CLIENT_REQUEST","","","","","","","","","","","","","","","","",""
"59845","2025-09-24 17:18:43 -12","ORDER_CANCEL","CLIENT_REQUEST","","","","","","","","","","","","","","","","",""
"59846","2025-09-24 17:18:43 -12","ORDER_CANCEL","CLIENT_REQUEST","","","","","","","","","","","","","","","","",""
"59847","2025-09-24 17:18:44 -12","ORDER_CANCEL","CLIENT_REQUEST","","","","","","","","","","","","","","","","",""
"59848","2025-09-24 17:18:44 -12","ORDER_CANCEL","CLIENT_REQUEST","","","","","","","","","","","","","","","","",""
"59849","2025-09-24 17:18:45 -12","MARKET_IF_TOUCHED_ORDER","CLIENT_ORDER","EUR/USD","1.17548","1000.00","Buy","","1.17525","","1.17563","","","","","","","","",""
"59850","2025-09-24 17:18:46 -12","MARKET_IF_TOUCHED_ORDER","CLIENT_ORDER","EUR/USD","1.17440","1000.00","Sell","","1.17463","","1.17425","","","","","","","","",""
"59851","2025-09-24 17:18:46 -12","MARKET_IF_TOUCHED_ORDER","CLIENT_ORDER","EUR/USD","1.17598","1000.00","Buy","","1.17575","","1.17613","","","","","","","","",""
"59852","2025-09-24 17:18:46 -12","MARKET_IF_TOUCHED_ORDER","CLIENT_ORDER","EUR/USD","1.17390","1000.00","Sell","","1.17413","","1.17375","","","","","","","","",""
"59853","2025-09-24 17:18:46 -12","MARKET_IF_TOUCHED_ORDER","CLIENT_ORDER","EUR/USD","1.17648","1000.00","Buy","","1.17625","","1.17663","","","","","","","","",""
"59854","2025-09-24 17:18:47 -12","MARKET_IF_TOUCHED_ORDER","CLIENT_ORDER","EUR/USD","1.17340","1000.00","Sell","","1.17363","","1.17325","","","","","","","","",""
"59855","2025-09-24 17:18:47 -12","MARKET_IF_TOUCHED_ORDER","CLIENT_ORDER","EUR/USD","1.17698","1000.00","Buy","","1.17675","","1.17713","","","","","","","","",""
"59856","2025-09-24 17:18:47 -12","MARKET_IF_TOUCHED_ORDER","CLIENT_ORDER","EUR/USD","1.17290","1000.00","Sell","","1.17313","","1.17275","","","","","","","","",""
"59857","2025-09-24 17:18:47 -12","MARKET_IF_TOUCHED_ORDER","CLIENT_ORDER","EUR/USD","1.17748","1000.00","Buy","","1.17725","","1.17763","","","","","","","","",""
"59858","2025-09-24 17:18:48 -12","MARKET_IF_TOUCHED_ORDER","CLIENT_ORDER","EUR/USD","1.17240","1000.00","Sell","","1.17263","","1.17225","","","","","","","","",""
"59859","2025-09-24 17:20:48 -12","ORDER_CANCEL","CLIENT_REQUEST","","","","","","","","","","","","","","","","",""
"59860","2025-09-24 17:20:48 -12","ORDER_CANCEL","CLIENT_REQUEST","","","","","","","","","","","","","","","","",""
"59861","2025-09-24 17:20:49 -12","ORDER_CANCEL","CLIENT_REQUEST","","","","","","","","","","","","","","","","",""
"59862","2025-09-24 17:20:49 -12","ORDER_CANCEL","CLIENT_REQUEST","","","","","","","","","","","","","","","","",""
"59863","2025-09-24 17:20:49 -12","ORDER_CANCEL","CLIENT_REQUEST","","","","","","","","","","","","","","","","",""
"59864","2025-09-24 17:20:49 -12","ORDER_CANCEL","CLIENT_REQUEST","","","","","","","","","","","","","","","","",""
"59865","2025-09-24 17:20:49 -12","ORDER_CANCEL","CLIENT_REQUEST","","","","","","","","","","","","","","","","",""
"59866","2025-09-24 17:20:50 -12","ORDER_CANCEL","CLIENT_REQUEST","","","","","","","","","","","","","","","","",""
"59867","2025-09-24 17:20:50 -12","ORDER_CANCEL","CLIENT_REQUEST","","","","","","","","","","","","","","","","",""
"59868","2025-09-24 17:20:50 -12","ORDER_CANCEL","CLIENT_REQUEST","","","","","","","","","","","","","","","","",""
"59869","2025-09-24 17:20:52 -12","MARKET_IF_TOUCHED_ORDER","CLIENT_ORDER","EUR/USD","1.17548","1000.00","Buy","","1.17524","","1.17564","","","","","","","","",""
"59870","2025-09-24 17:20:52 -12","MARKET_IF_TOUCHED_ORDER","CLIENT_ORDER","EUR/USD","1.17440","1000.00","Sell","","1.17464","","1.17424","","","","","","","","",""
"59871","2025-09-24 17:20:52 -12","MARKET_IF_TOUCHED_ORDER","CLIENT_ORDER","EUR/USD","1.17598","1000.00","Buy","","1.17574","","1.17614","","","","","","","","",""
"59872","2025-09-24 17:20:52 -12","MARKET_IF_TOUCHED_ORDER","CLIENT_ORDER","EUR/USD","1.17390","1000.00","Sell","","1.17414","","1.17374","","","","","","","","",""
"59873","2025-09-24 17:20:53 -12","MARKET_IF_TOUCHED_ORDER","CLIENT_ORDER","EUR/USD","1.17648","1000.00","Buy","","1.17624","","1.17664","","","","","","","","",""
"59874","2025-09-24 17:20:53 -12","MARKET_IF_TOUCHED_ORDER","CLIENT_ORDER","EUR/USD","1.17340","1000.00","Sell","","1.17364","","1.17324","","","","","","","","",""
"59875","2025-09-24 17:20:53 -12","MARKET_IF_TOUCHED_ORDER","CLIENT_ORDER","EUR/USD","1.17698","1000.00","Buy","","1.17674","","1.17714","","","","","","","","",""
"59876","2025-09-24 17:20:53 -12","MARKET_IF_TOUCHED_ORDER","CLIENT_ORDER","EUR/USD","1.17290","1000.00","Sell","","1.17314","","1.17274","","","","","","","","",""
"59877","2025-09-24 17:20:54 -12","MARKET_IF_TOUCHED_ORDER","CLIENT_ORDER","EUR/USD","1.17748","1000.00","Buy","","1.17724","","1.17764","","","","","","","","",""
"59878","2025-09-24 17:20:54 -12","MARKET_IF_TOUCHED_ORDER","CLIENT_ORDER","EUR/USD","1.17240","1000.00","Sell","","1.17264","","1.17224","","","","","","","","",""
"59879","2025-09-24 17:22:54 -12","ORDER_CANCEL","CLIENT_REQUEST","","","","","","","","","","","","","","","","",""
"59880","2025-09-24 17:22:55 -12","ORDER_CANCEL","CLIENT_REQUEST","","","","","","","","","","","","","","","","",""
"59881","2025-09-24 17:22:55 -12","ORDER_CANCEL","CLIENT_REQUEST","","","","","","","","","","","","","","","","",""
"59882","2025-09-24 17:22:55 -12","ORDER_CANCEL","CLIENT_REQUEST","","","","","","","","","","","","","","","","",""
"59883","2025-09-24 17:22:55 -12","ORDER_CANCEL","CLIENT_REQUEST","","","","","","","","","","","","","","","","",""
"59884","2025-09-24 17:22:56 -12","ORDER_CANCEL","CLIENT_REQUEST","","","","","","","","","","","","","","","","",""
"59885","2025-09-24 17:22:56 -12","ORDER_CANCEL","CLIENT_REQUEST","","","","","","","","","","","","","","","","",""
"59886","2025-09-24 17:22:56 -12","ORDER_CANCEL","CLIENT_REQUEST","","","","","","","","","","","","","","","","",""
"59887","2025-09-24 17:22:56 -12","ORDER_CANCEL","CLIENT_REQUEST","","","","","","","","","","","","","","","","",""
"59888","2025-09-24 17:22:57 -12","ORDER_CANCEL","CLIENT_REQUEST","","","","","","","","","","","","","","","","",""
"59889","2025-09-24 17:22:58 -12","MARKET_IF_TOUCHED_ORDER","CLIENT_ORDER","EUR/USD","1.17548","1000.00","Buy","","1.17524","","1.17564","","","","","","","","",""
"59890","2025-09-24 17:22:58 -12","MARKET_IF_TOUCHED_ORDER","CLIENT_ORDER","EUR/USD","1.17440","1000.00","Sell","","1.17464","","1.17424","","","","","","","","",""
"59891","2025-09-24 17:22:59 -12","MARKET_IF_TOUCHED_ORDER","CLIENT_ORDER","EUR/USD","1.17598","1000.00","Buy","","1.17574","","1.17614","","","","","","","","",""
"59892","2025-09-24 17:22:59 -12","MARKET_IF_TOUCHED_ORDER","CLIENT_ORDER","EUR/USD","1.17390","1000.00","Sell","","1.17414","","1.17374","","","","","","","","",""
"59893","2025-09-24 17:22:59 -12","MARKET_IF_TOUCHED_ORDER","CLIENT_ORDER","EUR/USD","1.17648","1000.00","Buy","","1.17624","","1.17664","","","","","","","","",""
"59894","2025-09-24 17:22:59 -12","MARKET_IF_TOUCHED_ORDER","CLIENT_ORDER","EUR/USD","1.17340","1000.00","Sell","","1.17364","","1.17324","","","","","","","","",""
"59895","2025-09-24 17:23:00 -12","MARKET_IF_TOUCHED_ORDER","CLIENT_ORDER","EUR/USD","1.17698","1000.00","Buy","","1.17674","","1.17714","","","","","","","","",""
"59896","2025-09-24 17:23:00 -12","MARKET_IF_TOUCHED_ORDER","CLIENT_ORDER","EUR/USD","1.17290","1000.00","Sell","","1.17314","","1.17274","","","","","","","","",""
"59897","2025-09-24 17:23:00 -12","MARKET_IF_TOUCHED_ORDER","CLIENT_ORDER","EUR/USD","1.17748","1000.00","Buy","","1.17724","","1.17764","","","","","","","","",""
"59898","2025-09-24 17:23:00 -12","MARKET_IF_TOUCHED_ORDER","CLIENT_ORDER","EUR/USD","1.17240","1000.00","Sell","","1.17264","","1.17224","","","","","","","","",""
"59899","2025-09-24 17:25:01 -12","ORDER_CANCEL","CLIENT_REQUEST","","","","","","","","","","","","","","","","",""
"59900","2025-09-24 17:25:01 -12","ORDER_CANCEL","CLIENT_REQUEST","","","","","","","","","","","","","","","","",""
"59901","2025-09-24 17:25:01 -12","ORDER_CANCEL","CLIENT_REQUEST","","","","","","","","","","","","","","","","",""
"59902","2025-09-24 17:25:02 -12","ORDER_CANCEL","CLIENT_REQUEST","","","","","","","","","","","","","","","","",""
"59903","2025-09-24 17:25:02 -12","ORDER_CANCEL","CLIENT_REQUEST","","","","","","","","","","","","","","","","",""
"59904","2025-09-24 17:25:02 -12","ORDER_CANCEL","CLIENT_REQUEST","","","","","","","","","","","","","","","","",""
"59905","2025-09-24 17:25:02 -12","ORDER_CANCEL","CLIENT_REQUEST","","","","","","","","","","","","","","","","",""
"59906","2025-09-24 17:25:03 -12","ORDER_CANCEL","CLIENT_REQUEST","","","","","","","","","","","","","","","","",""
"59907","2025-09-24 17:25:03 -12","ORDER_CANCEL","CLIENT_REQUEST","","","","","","","","","","","","","","","","",""
"59908","2025-09-24 17:25:03 -12","ORDER_CANCEL","CLIENT_REQUEST","","","","","","","","","","","","","","","","",""
"59909","2025-09-24 17:25:04 -12","MARKET_IF_TOUCHED_ORDER","CLIENT_ORDER","EUR/USD","1.17548","1000.00","Buy","","1.17523","","1.17565","","","","","","","","",""
"59910","2025-09-24 17:25:05 -12","MARKET_IF_TOUCHED_ORDER","CLIENT_ORDER","EUR/USD","1.17440","1000.00","Sell","","1.17465","","1.17423","","","","","","","","",""
"59911","2025-09-24 17:25:05 -12","MARKET_IF_TOUCHED_ORDER","CLIENT_ORDER","EUR/USD","1.17598","1000.00","Buy","","1.17573","","1.17615","","","","","","","","",""
"59912","2025-09-24 17:25:05 -12","MARKET_IF_TOUCHED_ORDER","CLIENT_ORDER","EUR/USD","1.17390","1000.00","Sell","","1.17415","","1.17373","","","","","","","","",""
"59913","2025-09-24 17:25:05 -12","MARKET_IF_TOUCHED_ORDER","CLIENT_ORDER","EUR/USD","1.17648","1000.00","Buy","","1.17623","","1.17665","","","","","","","","",""
"59914","2025-09-24 17:25:06 -12","MARKET_IF_TOUCHED_ORDER","CLIENT_ORDER","EUR/USD","1.17340","1000.00","Sell","","1.17365","","1.17323","","","","","","","","",""
"59915","2025-09-24 17:25:06 -12","MARKET_IF_TOUCHED_ORDER","CLIENT_ORDER","EUR/USD","1.17698","1000.00","Buy","","1.17673","","1.17715","","","","","","","","",""
"59916","2025-09-24 17:25:06 -12","MARKET_IF_TOUCHED_ORDER","CLIENT_ORDER","EUR/USD","1.17290","1000.00","Sell","","1.17315","","1.17273","","","","","","","","",""
"59917","2025-09-24 17:25:06 -12","MARKET_IF_TOUCHED_ORDER","CLIENT_ORDER","EUR/USD","1.17748","1000.00","Buy","","1.17723","","1.17765","","","","","","","","",""
"59918","2025-09-24 17:25:07 -12","MARKET_IF_TOUCHED_ORDER","CLIENT_ORDER","EUR/USD","1.17240","1000.00","Sell","","1.17265","","1.17223","","","","","","","","",""
"59919","2025-09-24 17:27:07 -12","ORDER_CANCEL","CLIENT_REQUEST","","","","","","","","","","","","","","","","",""
"59920","2025-09-24 17:27:07 -12","ORDER_CANCEL","CLIENT_REQUEST","","","","","","","","","","","","","","","","",""
"59921","2025-09-24 17:27:08 -12","ORDER_CANCEL","CLIENT_REQUEST","","","","","","","","","","","","","","","","",""
"59922","2025-09-24 17:27:08 -12","ORDER_CANCEL","CLIENT_REQUEST","","","","","","","","","","","","","","","","",""
"59923","2025-09-24 17:27:08 -12","ORDER_CANCEL","CLIENT_REQUEST","","","","","","","","","","","","","","","","",""
"59924","2025-09-24 17:27:08 -12","ORDER_CANCEL","CLIENT_REQUEST","","","","","","","","","","","","","","","","",""
"59925","2025-09-24 17:27:09 -12","ORDER_CANCEL","CLIENT_REQUEST","","","","","","","","","","","","","","","","",""
"59926","2025-09-24 17:27:09 -12","ORDER_CANCEL","CLIENT_REQUEST","","","","","","","","","","","","","","","","",""
"59927","2025-09-24 17:27:09 -12","ORDER_CANCEL","CLIENT_REQUEST","","","","","","","","","","","","","","","","",""
"59928","2025-09-24 17:27:09 -12","ORDER_CANCEL","CLIENT_REQUEST","","","","","","","","","","","","","","","","",""
"59929","2025-09-24 17:27:11 -12","MARKET_IF_TOUCHED_ORDER","CLIENT_ORDER","EUR/USD","1.17548","1000.00","Buy","","1.17523","","1.17565","","","","","","","","",""
"59930","2025-09-24 17:27:11 -12","MARKET_IF_TOUCHED_ORDER","CLIENT_ORDER","EUR/USD","1.17440","1000.00","Sell","","1.17465","","1.17423","","","","","","","","",""
"59931","2025-09-24 17:27:11 -12","MARKET_IF_TOUCHED_ORDER","CLIENT_ORDER","EUR/USD","1.17598","1000.00","Buy","","1.17573","","1.17615","","","","","","","","",""
"59932","2025-09-24 17:27:12 -12","MARKET_IF_TOUCHED_ORDER","CLIENT_ORDER","EUR/USD","1.17390","1000.00","Sell","","1.17415","","1.17373","","","","","","","","",""
"59933","2025-09-24 17:27:12 -12","MARKET_IF_TOUCHED_ORDER","CLIENT_ORDER","EUR/USD","1.17648","1000.00","Buy","","1.17623","","1.17665","","","","","","","","",""
"59934","2025-09-24 17:27:12 -12","MARKET_IF_TOUCHED_ORDER","CLIENT_ORDER","EUR/USD","1.17340","1000.00","Sell","","1.17365","","1.17323","","","","","","","","",""
"59935","2025-09-24 17:27:12 -12","MARKET_IF_TOUCHED_ORDER","CLIENT_ORDER","EUR/USD","1.17698","1000.00","Buy","","1.17673","","1.17715","","","","","","","","",""
"59936","2025-09-24 17:27:13 -12","MARKET_IF_TOUCHED_ORDER","CLIENT_ORDER","EUR/USD","1.17290","1000.00","Sell","","1.17315","","1.17273","","","","","","","","",""
"59937","2025-09-24 17:27:13 -12","MARKET_IF_TOUCHED_ORDER","CLIENT_ORDER","EUR/USD","1.17748","1000.00","Buy","","1.17723","","1.17765","","","","","","","","",""
"59938","2025-09-24 17:27:13 -12","MARKET_IF_TOUCHED_ORDER","CLIENT_ORDER","EUR/USD","1.17240","1000.00","Sell","","1.17265","","1.17223","","","","","","","","",""
"59939","2025-09-24 17:29:14 -12","ORDER_CANCEL","CLIENT_REQUEST","","","","","","","","","","","","","","","","",""
"59940","2025-09-24 17:29:14 -12","ORDER_CANCEL","CLIENT_REQUEST","","","","","","","","","","","","","","","","",""
"59941","2025-09-24 17:29:14 -12","ORDER_CANCEL","CLIENT_REQUEST","","","","","","","","","","","","","","","","",""
"59942","2025-09-24 17:29:14 -12","ORDER_CANCEL","CLIENT_REQUEST","","","","","","","","","","","","","","","","",""
"59943","2025-09-24 17:29:15 -12","ORDER_CANCEL","CLIENT_REQUEST","","","","","","","","","","","","","","","","",""
"59944","2025-09-24 17:29:15 -12","ORDER_CANCEL","CLIENT_REQUEST","","","","","","","","","","","","","","","","",""
"59945","2025-09-24 17:29:15 -12","ORDER_CANCEL","CLIENT_REQUEST","","","","","","","","","","","","","","","","",""
"59946","2025-09-24 17:29:15 -12","ORDER_CANCEL","CLIENT_REQUEST","","","","","","","","","","","","","","","","",""
"59947","2025-09-24 17:29:16 -12","ORDER_CANCEL","CLIENT_REQUEST","","","","","","","","","","","","","","","","",""
"59948","2025-09-24 17:29:16 -12","ORDER_CANCEL","CLIENT_REQUEST","","","","","","","","","","","","","","","","",""
"59949","2025-09-24 17:29:17 -12","MARKET_IF_TOUCHED_ORDER","CLIENT_ORDER","EUR/USD","1.17548","1000.00","Buy","","1.17523","","1.17565","","","","","","","","",""
"59950","2025-09-24 17:29:18 -12","MARKET_IF_TOUCHED_ORDER","CLIENT_ORDER","EUR/USD","1.17440","1000.00","Sell","","1.17465","","1.17423","","","","","","","","",""
"59951","2025-09-24 17:29:18 -12","MARKET_IF_TOUCHED_ORDER","CLIENT_ORDER","EUR/USD","1.17598","1000.00","Buy","","1.17573","","1.17615","","","","","","","","",""
"59952","2025-09-24 17:29:20 -12","MARKET_IF_TOUCHED_ORDER","CLIENT_ORDER","EUR/USD","1.17390","1000.00","Sell","","1.17415","","1.17373","","","","","","","","",""
"59953","2025-09-24 17:29:20 -12","MARKET_IF_TOUCHED_ORDER","CLIENT_ORDER","EUR/USD","1.17648","1000.00","Buy","","1.17623","","1.17665","","","","","","","","",""
"59954","2025-09-24 17:29:20 -12","MARKET_IF_TOUCHED_ORDER","CLIENT_ORDER","EUR/USD","1.17340","1000.00","Sell","","1.17365","","1.17323","","","","","","","","",""
"59955","2025-09-24 17:29:21 -12","MARKET_IF_TOUCHED_ORDER","CLIENT_ORDER","EUR/USD","1.17698","1000.00","Buy","","1.17673","","1.17715","","","","","","","","",""
"59956","2025-09-24 17:29:21 -12","MARKET_IF_TOUCHED_ORDER","CLIENT_ORDER","EUR/USD","1.17290","1000.00","Sell","","1.17315","","1.17273","","","","","","","","",""
"59957","2025-09-24 17:29:21 -12","MARKET_IF_TOUCHED_ORDER","CLIENT_ORDER","EUR/USD","1.17748","1000.00","Buy","","1.17723","","1.17765","","","","","","","","",""
"59958","2025-09-24 17:29:21 -12","MARKET_IF_TOUCHED_ORDER","CLIENT_ORDER","EUR/USD","1.17240","1000.00","Sell","","1.17265","","1.17223","","","","","","","","",""
"59959","2025-09-24 17:31:22 -12","ORDER_CANCEL","CLIENT_REQUEST","","","","","","","","","","","","","","","","",""
"59960","2025-09-24 17:31:22 -12","ORDER_CANCEL","CLIENT_REQUEST","","","","","","","","","","","","","","","","",""
"59961","2025-09-24 17:31:22 -12","ORDER_CANCEL","CLIENT_REQUEST","","","","","","","","","","","","","","","","",""
"59962","2025-09-24 17:31:23 -12","ORDER_CANCEL","CLIENT_REQUEST","","","","","","","","","","","","","","","","",""
"59963","2025-09-24 17:31:23 -12","ORDER_CANCEL","CLIENT_REQUEST","","","","","","","","","","","","","","","","",""
"59964","2025-09-24 17:31:23 -12","ORDER_CANCEL","CLIENT_REQUEST","","","","","","","","","","","","","","","","",""
"59965","2025-09-24 17:31:24 -12","ORDER_CANCEL","CLIENT_REQUEST","","","","","","","","","","","","","","","","",""
"59966","2025-09-24 17:31:24 -12","ORDER_CANCEL","CLIENT_REQUEST","","","","","","","","","","","","","","","","",""
"59967","2025-09-24 17:31:24 -12","ORDER_CANCEL","CLIENT_REQUEST","","","","","","","","","","","","","","","","",""
"59968","2025-09-24 17:31:24 -12","ORDER_CANCEL","CLIENT_REQUEST","","","","","","","","","","","","","","","","",""
"59969","2025-09-24 17:31:26 -12","MARKET_IF_TOUCHED_ORDER","CLIENT_ORDER","EUR/USD","1.17548","1000.00","Buy","","1.17524","","1.17564","","","","","","","","",""
"59970","2025-09-24 17:31:26 -12","MARKET_IF_TOUCHED_ORDER","CLIENT_ORDER","EUR/USD","1.17440","1000.00","Sell","","1.17464","","1.17424","","","","","","","","",""
"59971","2025-09-24 17:31:27 -12","MARKET_IF_TOUCHED_ORDER","CLIENT_ORDER","EUR/USD","1.17598","1000.00","Buy","","1.17574","","1.17614","","","","","","","","",""
"59972","2025-09-24 17:31:27 -12","MARKET_IF_TOUCHED_ORDER","CLIENT_ORDER","EUR/USD","1.17390","1000.00","Sell","","1.17414","","1.17374","","","","","","","","",""
"59973","2025-09-24 17:31:27 -12","MARKET_IF_TOUCHED_ORDER","CLIENT_ORDER","EUR/USD","1.17648","1000.00","Buy","","1.17624","","1.17664","","","","","","","","",""
"59974","2025-09-24 17:31:27 -12","MARKET_IF_TOUCHED_ORDER","CLIENT_ORDER","EUR/USD","1.17340","1000.00","Sell","","1.17364","","1.17324","","","","","","","","",""
"59975","2025-09-24 17:31:28 -12","MARKET_IF_TOUCHED_ORDER","CLIENT_ORDER","EUR/USD","1.17698","1000.00","Buy","","1.17674","","1.17714","","","","","","","","",""
"59976","2025-09-24 17:31:28 -12","MARKET_IF_TOUCHED_ORDER","CLIENT_ORDER","EUR/USD","1.17290","1000.00","Sell","","1.17314","","1.17274","","","","","","","","",""
"59977","2025-09-24 17:31:28 -12","MARKET_IF_TOUCHED_ORDER","CLIENT_ORDER","EUR/USD","1.17748","1000.00","Buy","","1.17724","","1.17764","","","","","","","","",""
"59978","2025-09-24 17:31:28 -12","MARKET_IF_TOUCHED_ORDER","CLIENT_ORDER","EUR/USD","1.17240","1000.00","Sell","","1.17264","","1.17224","","","","","","","","",""
"59979","2025-09-24 17:32:14 -12","ORDER_FILL","MARKET_IF_TOUCHED_ORDER","EUR/USD","1.17430","1000.00","Sell","0.0580","","","","","0.00000","0.0000","0.0000","","","0.00000","","98977.42"
"59980","2025-09-24 17:32:14 -12","TAKE_PROFIT_ORDER","ON_FILL","","1.17424","","","","","","","","","","","","","","",""
"59981","2025-09-24 17:32:14 -12","STOP_LOSS_ORDER","ON_FILL","","1.17464","","","","","","","","","","","","","","",""
"59982","2025-09-24 17:33:29 -12","ORDER_CANCEL","CLIENT_REQUEST","","","","","","","","","","","","","","","","",""
"59983","2025-09-24 17:33:29 -12","ORDER_CANCEL","CLIENT_REQUEST","","","","","","","","","","","","","","","","",""
"59984","2025-09-24 17:33:30 -12","ORDER_CANCEL","CLIENT_REQUEST","","","","","","","","","","","","","","","","",""
"59985","2025-09-24 17:33:30 -12","ORDER_CANCEL","CLIENT_REQUEST","","","","","","","","","","","","","","","","",""
"59986","2025-09-24 17:33:30 -12","ORDER_CANCEL","CLIENT_REQUEST","","","","","","","","","","","","","","","","",""
"59987","2025-09-24 17:33:31 -12","ORDER_CANCEL","CLIENT_REQUEST","","","","","","","","","","","","","","","","",""
"59988","2025-09-24 17:33:31 -12","ORDER_CANCEL","CLIENT_REQUEST","","","","","","","","","","","","","","","","",""
"59989","2025-09-24 17:33:31 -12","ORDER_CANCEL","CLIENT_REQUEST","","","","","","","","","","","","","","","","",""
"59990","2025-09-24 17:33:32 -12","ORDER_CANCEL","CLIENT_REQUEST","","","","","","","","","","","","","","","","",""
"59991","2025-09-24 17:33:32 -12","ORDER_CANCEL","CLIENT_REQUEST","","","","","","","","","","","","","","","","",""
"59992","2025-09-24 17:33:32 -12","ORDER_CANCEL","CLIENT_REQUEST","","","","","","","","","","","","","","","","",""
"59993","2025-09-24 17:33:33 -12","MARKET_IF_TOUCHED_ORDER","CLIENT_ORDER","EUR/USD","1.17548","1000.00","Buy","","1.17524","","1.17564","","","","","","","","",""
"59994","2025-09-24 17:33:34 -12","MARKET_IF_TOUCHED_ORDER","CLIENT_ORDER","EUR/USD","1.17440","1000.00","Sell","","1.17464","","1.17424","","","","","","","","",""
"59995","2025-09-24 17:33:34 -12","MARKET_IF_TOUCHED_ORDER","CLIENT_ORDER","EUR/USD","1.17598","1000.00","Buy","","1.17574","","1.17614","","","","","","","","",""
"59996","2025-09-24 17:33:35 -12","MARKET_IF_TOUCHED_ORDER","CLIENT_ORDER","EUR/USD","1.17390","1000.00","Sell","","1.17414","","1.17374","","","","","","","","",""
"59997","2025-09-24 17:33:35 -12","MARKET_IF_TOUCHED_ORDER","CLIENT_ORDER","EUR/USD","1.17648","1000.00","Buy","","1.17624","","1.17664","","","","","","","","",""
"59998","2025-09-24 17:33:35 -12","MARKET_IF_TOUCHED_ORDER","CLIENT_ORDER","EUR/USD","1.17340","1000.00","Sell","","1.17364","","1.17324","","","","","","","","",""
"59999","2025-09-24 17:33:35 -12","MARKET_IF_TOUCHED_ORDER","CLIENT_ORDER","EUR/USD","1.17698","1000.00","Buy","","1.17674","","1.17714","","","","","","","","",""
"60000","2025-09-24 17:33:36 -12","MARKET_IF_TOUCHED_ORDER","CLIENT_ORDER","EUR/USD","1.17290","1000.00","Sell","","1.17314","","1.17274","","","","","","","","",""
"60001","2025-09-24 17:33:36 -12","MARKET_IF_TOUCHED_ORDER","CLIENT_ORDER","EUR/USD","1.17748","1000.00","Buy","","1.17724","","1.17764","","","","","","","","",""
"60002","2025-09-24 17:33:36 -12","MARKET_IF_TOUCHED_ORDER","CLIENT_ORDER","EUR/USD","1.17240","1000.00","Sell","","1.17264","","1.17224","","","","","","","","",""
"60003","2025-09-24 17:35:37 -12","ORDER_CANCEL","CLIENT_REQUEST","","","","","","","","","","","","","","","","",""
"60004","2025-09-24 17:35:37 -12","ORDER_CANCEL","CLIENT_REQUEST","","","","","","","","","","","","","","","","",""
"60005","2025-09-24 17:35:37 -12","ORDER_CANCEL","CLIENT_REQUEST","","","","","","","","","","","","","","","","",""
"60006","2025-09-24 17:35:37 -12","ORDER_CANCEL","CLIENT_REQUEST","","","","","","","","","","","","","","","","",""
"60007","2025-09-24 17:35:38 -12","ORDER_CANCEL","CLIENT_REQUEST","","","","","","","","","","","","","","","","",""
"60008","2025-09-24 17:35:38 -12","ORDER_CANCEL","CLIENT_REQUEST","","","","","","","","","","","","","","","","",""
"60009","2025-09-24 17:35:38 -12","ORDER_CANCEL","CLIENT_REQUEST","","","","","","","","","","","","","","","","",""
"60010","2025-09-24 17:35:38 -12","ORDER_CANCEL","CLIENT_REQUEST","","","","","","","","","","","","","","","","",""
"60011","2025-09-24 17:35:39 -12","ORDER_CANCEL","CLIENT_REQUEST","","","","","","","","","","","","","","","","",""
"60012","2025-09-24 17:35:39 -12","ORDER_CANCEL","CLIENT_REQUEST","","","","","","","","","","","","","","","","",""
"60013","2025-09-24 17:35:40 -12","MARKET_IF_TOUCHED_ORDER","CLIENT_ORDER","EUR/USD","1.17548","1000.00","Buy","","1.17522","","1.17566","","","","","","","","",""
"60014","2025-09-24 17:35:41 -12","MARKET_IF_TOUCHED_ORDER","CLIENT_ORDER","EUR/USD","1.17440","1000.00","Sell","","1.17466","","1.17422","","","","","","","","",""
"60015","2025-09-24 17:35:41 -12","MARKET_IF_TOUCHED_ORDER","CLIENT_ORDER","EUR/USD","1.17598","1000.00","Buy","","1.17572","","1.17616","","","","","","","","",""
"60016","2025-09-24 17:35:41 -12","MARKET_IF_TOUCHED_ORDER","CLIENT_ORDER","EUR/USD","1.17390","1000.00","Sell","","1.17416","","1.17372","","","","","","","","",""
"60017","2025-09-24 17:35:41 -12","MARKET_IF_TOUCHED_ORDER","CLIENT_ORDER","EUR/USD","1.17648","1000.00","Buy","","1.17622","","1.17666","","","","","","","","",""
"60018","2025-09-24 17:35:42 -12","MARKET_IF_TOUCHED_ORDER","CLIENT_ORDER","EUR/USD","1.17340","1000.00","Sell","","1.17366","","1.17322","","","","","","","","",""
"60019","2025-09-24 17:35:42 -12","MARKET_IF_TOUCHED_ORDER","CLIENT_ORDER","EUR/USD","1.17698","1000.00","Buy","","1.17672","","1.17716","","","","","","","","",""
"60020","2025-09-24 17:35:42 -12","MARKET_IF_TOUCHED_ORDER","CLIENT_ORDER","EUR/USD","1.17290","1000.00","Sell","","1.17316","","1.17272","","","","","","","","",""
"60021","2025-09-24 17:35:42 -12","MARKET_IF_TOUCHED_ORDER","CLIENT_ORDER","EUR/USD","1.17748","1000.00","Buy","","1.17722","","1.17766","","","","","","","","",""
"60022","2025-09-24 17:35:43 -12","MARKET_IF_TOUCHED_ORDER","CLIENT_ORDER","EUR/USD","1.17240","1000.00","Sell","","1.17266","","1.17222","","","","","","","","",""
"60023","2025-09-24 17:37:43 -12","ORDER_CANCEL","CLIENT_REQUEST","","","","","","","","","","","","","","","","",""
"60024","2025-09-24 17:37:43 -12","ORDER_CANCEL","CLIENT_REQUEST","","","","","","","","","","","","","","","","",""
"60025","2025-09-24 17:37:44 -12","ORDER_CANCEL","CLIENT_REQUEST","","","","","","","","","","","","","","","","",""
"60026","2025-09-24 17:37:44 -12","ORDER_CANCEL","CLIENT_REQUEST","","","","","","","","","","","","","","","","",""
"60027","2025-09-24 17:37:44 -12","ORDER_CANCEL","CLIENT_REQUEST","","","","","","","","","","","","","","","","",""
"60028","2025-09-24 17:37:45 -12","ORDER_CANCEL","CLIENT_REQUEST","","","","","","","","","","","","","","","","",""
"60029","2025-09-24 17:37:45 -12","ORDER_CANCEL","CLIENT_REQUEST","","","","","","","","","","","","","","","","",""
"60030","2025-09-24 17:37:45 -12","ORDER_CANCEL","CLIENT_REQUEST","","","","","","","","","","","","","","","","",""
"60031","2025-09-24 17:37:45 -12","ORDER_CANCEL","CLIENT_REQUEST","","","","","","","","","","","","","","","","",""
"60032","2025-09-24 17:37:46 -12","ORDER_CANCEL","CLIENT_REQUEST","","","","","","","","","","","","","","","","",""
"60033","2025-09-24 17:37:47 -12","MARKET_IF_TOUCHED_ORDER","CLIENT_ORDER","EUR/USD","1.17548","1000.00","Buy","","1.17522","","1.17566","","","","","","","","",""
"60034","2025-09-24 17:37:47 -12","MARKET_IF_TOUCHED_ORDER","CLIENT_ORDER","EUR/USD","1.17440","1000.00","Sell","","1.17466","","1.17422","","","","","","","","",""
"60035","2025-09-24 17:37:47 -12","MARKET_IF_TOUCHED_ORDER","CLIENT_ORDER","EUR/USD","1.17598","1000.00","Buy","","1.17572","","1.17616","","","","","","","","",""
"60036","2025-09-24 17:37:48 -12","MARKET_IF_TOUCHED_ORDER","CLIENT_ORDER","EUR/USD","1.17390","1000.00","Sell","","1.17416","","1.17372","","","","","","","","",""
"60037","2025-09-24 17:37:48 -12","MARKET_IF_TOUCHED_ORDER","CLIENT_ORDER","EUR/USD","1.17648","1000.00","Buy","","1.17622","","1.17666","","","","","","","","",""
"60038","2025-09-24 17:37:48 -12","MARKET_IF_TOUCHED_ORDER","CLIENT_ORDER","EUR/USD","1.17340","1000.00","Sell","","1.17366","","1.17322","","","","","","","","",""
"60039","2025-09-24 17:37:48 -12","MARKET_IF_TOUCHED_ORDER","CLIENT_ORDER","EUR/USD","1.17698","1000.00","Buy","","1.17672","","1.17716","","","","","","","","",""
"60040","2025-09-24 17:37:49 -12","MARKET_IF_TOUCHED_ORDER","CLIENT_ORDER","EUR/USD","1.17290","1000.00","Sell","","1.17316","","1.17272","","","","","","","","",""
"60041","2025-09-24 17:37:49 -12","MARKET_IF_TOUCHED_ORDER","CLIENT_ORDER","EUR/USD","1.17748","1000.00","Buy","","1.17722","","1.17766","","","","","","","","",""
"60042","2025-09-24 17:37:49 -12","MARKET_IF_TOUCHED_ORDER","CLIENT_ORDER","EUR/USD","1.17240","1000.00","Sell","","1.17266","","1.17222","","","","","","","","",""
"60043","2025-09-24 17:39:50 -12","ORDER_CANCEL","CLIENT_REQUEST","","","","","","","","","","","","","","","","",""
"60044","2025-09-24 17:39:50 -12","ORDER_CANCEL","CLIENT_REQUEST","","","","","","","","","","","","","","","","",""
"60045","2025-09-24 17:39:50 -12","ORDER_CANCEL","CLIENT_REQUEST","","","","","","","","","","","","","","","","",""
"60046","2025-09-24 17:39:50 -12","ORDER_CANCEL","CLIENT_REQUEST","","","","","","","","","","","","","","","","",""
"60047","2025-09-24 17:39:51 -12","ORDER_CANCEL","CLIENT_REQUEST","","","","","","","","","","","","","","","","",""
"60048","2025-09-24 17:39:51 -12","ORDER_CANCEL","CLIENT_REQUEST","","","","","","","","","","","","","","","","",""
"60049","2025-09-24 17:39:51 -12","ORDER_CANCEL","CLIENT_REQUEST","","","","","","","","","","","","","","","","",""
"60050","2025-09-24 17:39:51 -12","ORDER_CANCEL","CLIENT_REQUEST","","","","","","","","","","","","","","","","",""
"60051","2025-09-24 17:39:51 -12","ORDER_FILL","MARKET_IF_TOUCHED_ORDER","EUR/USD","1.17432","1000.00","Sell","0.0580","","","","","0.00000","0.0000","0.0000","","","0.00000","","98977.42"
"60052","2025-09-24 17:39:51 -12","TAKE_PROFIT_ORDER","ON_FILL","","1.17422","","","","","","","","","","","","","","",""
"60053","2025-09-24 17:39:51 -12","STOP_LOSS_ORDER","ON_FILL","","1.17466","","","","","","","","","","","","","","",""
"60054","2025-09-24 17:39:52 -12","ORDER_CANCEL_REJECT","","","","","","","","","","","","","","","","","",""
"60055","2025-09-24 17:39:53 -12","MARKET_IF_TOUCHED_ORDER","CLIENT_ORDER","EUR/USD","1.17548","1000.00","Buy","","1.17522","","1.17566","","","","","","","","",""
"60056","2025-09-24 17:39:53 -12","MARKET_IF_TOUCHED_ORDER","CLIENT_ORDER","EUR/USD","1.17440","1000.00","Sell","","1.17466","","1.17422","","","","","","","","",""
"60057","2025-09-24 17:39:54 -12","MARKET_IF_TOUCHED_ORDER","CLIENT_ORDER","EUR/USD","1.17598","1000.00","Buy","","1.17572","","1.17616","","","","","","","","",""
"60058","2025-09-24 17:39:54 -12","MARKET_IF_TOUCHED_ORDER","CLIENT_ORDER","EUR/USD","1.17390","1000.00","Sell","","1.17416","","1.17372","","","","","","","","",""
"60059","2025-09-24 17:39:54 -12","MARKET_IF_TOUCHED_ORDER","CLIENT_ORDER","EUR/USD","1.17648","1000.00","Buy","","1.17622","","1.17666","","","","","","","","",""
"60060","2025-09-24 17:39:54 -12","MARKET_IF_TOUCHED_ORDER","CLIENT_ORDER","EUR/USD","1.17340","1000.00","Sell","","1.17366","","1.17322","","","","","","","","",""
"60061","2025-09-24 17:39:55 -12","MARKET_IF_TOUCHED_ORDER","CLIENT_ORDER","EUR/USD","1.17698","1000.00","Buy","","1.17672","","1.17716","","","","","","","","",""
"60062","2025-09-24 17:39:55 -12","MARKET_IF_TOUCHED_ORDER","CLIENT_ORDER","EUR/USD","1.17290","1000.00","Sell","","1.17316","","1.17272","","","","","","","","",""
"60063","2025-09-24 17:39:55 -12","MARKET_IF_TOUCHED_ORDER","CLIENT_ORDER","EUR/USD","1.17748","1000.00","Buy","","1.17722","","1.17766","","","","","","","","",""
"60064","2025-09-24 17:39:55 -12","MARKET_IF_TOUCHED_ORDER","CLIENT_ORDER","EUR/USD","1.17240","1000.00","Sell","","1.17266","","1.17222","","","","","","","","",""
"60065","2025-09-24 17:40:43 -12","ORDER_FILL","MARKET_IF_TOUCHED_ORDER","EUR/USD","1.17431","1000.00","Sell","0.0580","","","","","0.00000","0.0000","0.0000","","","0.00000","","98977.42"
"60066","2025-09-24 17:40:43 -12","TAKE_PROFIT_ORDER","ON_FILL","","1.17422","","","","","","","","","","","","","","",""
"60067","2025-09-24 17:40:43 -12","STOP_LOSS_ORDER","ON_FILL","","1.17466","","","","","","","","","","","","","","",""
"60068","2025-09-24 17:41:56 -12","ORDER_CANCEL","CLIENT_REQUEST","","","","","","","","","","","","","","","","",""
"60069","2025-09-24 17:41:56 -12","ORDER_CANCEL","CLIENT_REQUEST","","","","","","","","","","","","","","","","",""
"60070","2025-09-24 17:41:56 -12","ORDER_CANCEL","CLIENT_REQUEST","","","","","","","","","","","","","","","","",""
"60071","2025-09-24 17:41:57 -12","ORDER_CANCEL","CLIENT_REQUEST","","","","","","","","","","","","","","","","",""
"60072","2025-09-24 17:41:57 -12","ORDER_CANCEL","CLIENT_REQUEST","","","","","","","","","","","","","","","","",""
"60073","2025-09-24 17:41:57 -12","ORDER_CANCEL","CLIENT_REQUEST","","","","","","","","","","","","","","","","",""
"60074","2025-09-24 17:41:57 -12","ORDER_CANCEL","CLIENT_REQUEST","","","","","","","","","","","","","","","","",""
"60075","2025-09-24 17:41:58 -12","ORDER_CANCEL","CLIENT_REQUEST","","","","","","","","","","","","","","","","",""
"60076","2025-09-24 17:41:58 -12","ORDER_CANCEL","CLIENT_REQUEST","","","","","","","","","","","","","","","","",""
"60077","2025-09-24 17:41:58 -12","ORDER_CANCEL","CLIENT_REQUEST","","","","","","","","","","","","","","","","",""
"60078","2025-09-24 17:41:58 -12","ORDER_CANCEL","CLIENT_REQUEST","","","","","","","","","","","","","","","","",""
"60079","2025-09-24 17:41:59 -12","ORDER_CANCEL","CLIENT_REQUEST","","","","","","","","","","","","","","","","",""
"60080","2025-09-24 17:41:59 -12","ORDER_CANCEL","CLIENT_REQUEST","","","","","","","","","","","","","","","","",""
"60081","2025-09-24 17:41:59 -12","ORDER_CANCEL","CLIENT_REQUEST","","","","","","","","","","","","","","","","",""
"60082","2025-09-24 17:42:00 -12","MARKET_IF_TOUCHED_ORDER","CLIENT_ORDER","EUR/USD","1.17548","1000.00","Buy","","1.17520","","1.17567","","","","","","","","",""
"60083","2025-09-24 17:42:01 -12","MARKET_IF_TOUCHED_ORDER","CLIENT_ORDER","EUR/USD","1.17440","1000.00","Sell","","1.17468","","1.17421","","","","","","","","",""
"60084","2025-09-24 17:42:01 -12","MARKET_IF_TOUCHED_ORDER","CLIENT_ORDER","EUR/USD","1.17598","1000.00","Buy","","1.17570","","1.17617","","","","","","","","",""
"60085","2025-09-24 17:42:01 -12","MARKET_IF_TOUCHED_ORDER","CLIENT_ORDER","EUR/USD","1.17390","1000.00","Sell","","1.17418","","1.17371","","","","","","","","",""
"60086","2025-09-24 17:42:01 -12","MARKET_IF_TOUCHED_ORDER","CLIENT_ORDER","EUR/USD","1.17648","1000.00","Buy","","1.17620","","1.17667","","","","","","","","",""
"60087","2025-09-24 17:42:02 -12","MARKET_IF_TOUCHED_ORDER","CLIENT_ORDER","EUR/USD","1.17340","1000.00","Sell","","1.17368","","1.17321","","","","","","","","",""
"60088","2025-09-24 17:42:02 -12","MARKET_IF_TOUCHED_ORDER","CLIENT_ORDER","EUR/USD","1.17698","1000.00","Buy","","1.17670","","1.17717","","","","","","","","",""
"60089","2025-09-24 17:42:02 -12","MARKET_IF_TOUCHED_ORDER","CLIENT_ORDER","EUR/USD","1.17290","1000.00","Sell","","1.17318","","1.17271","","","","","","","","",""
"60090","2025-09-24 17:42:02 -12","MARKET_IF_TOUCHED_ORDER","CLIENT_ORDER","EUR/USD","1.17748","1000.00","Buy","","1.17720","","1.17767","","","","","","","","",""
"60091","2025-09-24 17:42:03 -12","MARKET_IF_TOUCHED_ORDER","CLIENT_ORDER","EUR/USD","1.17240","1000.00","Sell","","1.17268","","1.17221","","","","","","","","",""
"60092","2025-09-24 17:42:54 -12","ORDER_FILL","MARKET_IF_TOUCHED_ORDER","EUR/USD","1.17429","1000.00","Sell","0.0709","","","","","0.00000","0.0000","0.0000","","","0.00000","","98977.42"
"60093","2025-09-24 17:42:54 -12","TAKE_PROFIT_ORDER","ON_FILL","","1.17421","","","","","","","","","","","","","","",""
"60094","2025-09-24 17:42:54 -12","STOP_LOSS_ORDER","ON_FILL","","1.17468","","","","","","","","","","","","","","",""
"60095","2025-09-24 17:44:03 -12","ORDER_CANCEL","CLIENT_REQUEST","","","","","","","","","","","","","","","","",""
"60096","2025-09-24 17:44:03 -12","ORDER_CANCEL","CLIENT_REQUEST","","","","","","","","","","","","","","","","",""
"60097","2025-09-24 17:44:04 -12","ORDER_CANCEL","CLIENT_REQUEST","","","","","","","","","","","","","","","","",""
"60098","2025-09-24 17:44:04 -12","ORDER_CANCEL","CLIENT_REQUEST","","","","","","","","","","","","","","","","",""
"60099","2025-09-24 17:44:04 -12","ORDER_CANCEL","CLIENT_REQUEST","","","","","","","","","","","","","","","","",""
"60100","2025-09-24 17:44:05 -12","ORDER_CANCEL","CLIENT_REQUEST","","","","","","","","","","","","","","","","",""
"60101","2025-09-24 17:44:05 -12","ORDER_CANCEL","CLIENT_REQUEST","","","","","","","","","","","","","","","","",""
"60102","2025-09-24 17:44:05 -12","ORDER_CANCEL","CLIENT_REQUEST","","","","","","","","","","","","","","","","",""
"60103","2025-09-24 17:44:05 -12","ORDER_CANCEL","CLIENT_REQUEST","","","","","","","","","","","","","","","","",""
"60104","2025-09-24 17:44:06 -12","ORDER_CANCEL","CLIENT_REQUEST","","","","","","","","","","","","","","","","",""
"60105","2025-09-24 17:44:06 -12","ORDER_CANCEL","CLIENT_REQUEST","","","","","","","","","","","","","","","","",""
"60106","2025-09-24 17:44:07 -12","MARKET_IF_TOUCHED_ORDER","CLIENT_ORDER","EUR/USD","1.17548","1000.00","Buy","","1.17520","","1.17567","","","","","","","","",""
"60107","2025-09-24 17:44:08 -12","MARKET_IF_TOUCHED_ORDER","CLIENT_ORDER","EUR/USD","1.17440","1000.00","Sell","","1.17468","","1.17421","","","","","","","","",""
"60108","2025-09-24 17:44:08 -12","MARKET_IF_TOUCHED_ORDER","CLIENT_ORDER","EUR/USD","1.17598","1000.00","Buy","","1.17570","","1.17617","","","","","","","","",""
"60109","2025-09-24 17:44:08 -12","MARKET_IF_TOUCHED_ORDER","CLIENT_ORDER","EUR/USD","1.17390","1000.00","Sell","","1.17418","","1.17371","","","","","","","","",""
"60110","2025-09-24 17:44:09 -12","MARKET_IF_TOUCHED_ORDER","CLIENT_ORDER","EUR/USD","1.17648","1000.00","Buy","","1.17620","","1.17667","","","","","","","","",""
"60111","2025-09-24 17:44:09 -12","MARKET_IF_TOUCHED_ORDER","CLIENT_ORDER","EUR/USD","1.17340","1000.00","Sell","","1.17368","","1.17321","","","","","","","","",""
"60112","2025-09-24 17:44:09 -12","MARKET_IF_TOUCHED_ORDER","CLIENT_ORDER","EUR/USD","1.17698","1000.00","Buy","","1.17670","","1.17717","","","","","","","","",""
"60113","2025-09-24 17:44:09 -12","MARKET_IF_TOUCHED_ORDER","CLIENT_ORDER","EUR/USD","1.17290","1000.00","Sell","","1.17318","","1.17271","","","","","","","","",""
"60114","2025-09-24 17:44:10 -12","MARKET_IF_TOUCHED_ORDER","CLIENT_ORDER","EUR/USD","1.17748","1000.00","Buy","","1.17720","","1.17767","","","","","","","","",""
"60115","2025-09-24 17:44:10 -12","MARKET_IF_TOUCHED_ORDER","CLIENT_ORDER","EUR/USD","1.17240","1000.00","Sell","","1.17268","","1.17221","","","","","","","","",""
"60116","2025-09-24 17:44:47 -12","ORDER_FILL","MARKET_IF_TOUCHED_ORDER","EUR/USD","1.17430","1000.00","Sell","0.0644","","","","","0.00000","0.0000","0.0000","","","0.00000","","98977.42"
"60117","2025-09-24 17:44:47 -12","TAKE_PROFIT_ORDER","ON_FILL","","1.17421","","","","","","","","","","","","","","",""
"60118","2025-09-24 17:44:47 -12","STOP_LOSS_ORDER","ON_FILL","","1.17468","","","","","","","","","","","","","","",""
"60119","2025-09-24 17:46:10 -12","ORDER_CANCEL","CLIENT_REQUEST","","","","","","","","","","","","","","","","",""
"60120","2025-09-24 17:46:11 -12","ORDER_CANCEL","CLIENT_REQUEST","","","","","","","","","","","","","","","","",""
"60121","2025-09-24 17:46:11 -12","ORDER_CANCEL","CLIENT_REQUEST","","","","","","","","","","","","","","","","",""
"60122","2025-09-24 17:46:11 -12","ORDER_CANCEL","CLIENT_REQUEST","","","","","","","","","","","","","","","","",""
"60123","2025-09-24 17:46:11 -12","ORDER_CANCEL","CLIENT_REQUEST","","","","","","","","","","","","","","","","",""
"60124","2025-09-24 17:46:12 -12","ORDER_CANCEL","CLIENT_REQUEST","","","","","","","","","","","","","","","","",""
"60125","2025-09-24 17:46:12 -12","ORDER_CANCEL","CLIENT_REQUEST","","","","","","","","","","","","","","","","",""
"60126","2025-09-24 17:46:12 -12","ORDER_CANCEL","CLIENT_REQUEST","","","","","","","","","","","","","","","","",""
"60127","2025-09-24 17:46:12 -12","ORDER_CANCEL","CLIENT_REQUEST","","","","","","","","","","","","","","","","",""
"60128","2025-09-24 17:46:13 -12","ORDER_CANCEL","CLIENT_REQUEST","","","","","","","","","","","","","","","","",""
"60129","2025-09-24 17:46:13 -12","ORDER_CANCEL","CLIENT_REQUEST","","","","","","","","","","","","","","","","",""
"60130","2025-09-24 17:46:14 -12","MARKET_IF_TOUCHED_ORDER","CLIENT_ORDER","EUR/USD","1.17548","1000.00","Buy","","1.17518","","1.17568","","","","","","","","",""
"60131","2025-09-24 17:46:15 -12","MARKET_IF_TOUCHED_ORDER","CLIENT_ORDER","EUR/USD","1.17440","1000.00","Sell","","1.17470","","1.17420","","","","","","","","",""
"60132","2025-09-24 17:46:15 -12","MARKET_IF_TOUCHED_ORDER","CLIENT_ORDER","EUR/USD","1.17598","1000.00","Buy","","1.17568","","1.17618","","","","","","","","",""
"60133","2025-09-24 17:46:15 -12","MARKET_IF_TOUCHED_ORDER","CLIENT_ORDER","EUR/USD","1.17390","1000.00","Sell","","1.17420","","1.17370","","","","","","","","",""
"60134","2025-09-24 17:46:15 -12","MARKET_IF_TOUCHED_ORDER","CLIENT_ORDER","EUR/USD","1.17648","1000.00","Buy","","1.17618","","1.17668","","","","","","","","",""
"60135","2025-09-24 17:46:16 -12","MARKET_IF_TOUCHED_ORDER","CLIENT_ORDER","EUR/USD","1.17340","1000.00","Sell","","1.17370","","1.17320","","","","","","","","",""
"60136","2025-09-24 17:46:16 -12","MARKET_IF_TOUCHED_ORDER","CLIENT_ORDER","EUR/USD","1.17698","1000.00","Buy","","1.17668","","1.17718","","","","","","","","",""
"60137","2025-09-24 17:46:16 -12","MARKET_IF_TOUCHED_ORDER","CLIENT_ORDER","EUR/USD","1.17290","1000.00","Sell","","1.17320","","1.17270","","","","","","","","",""
"60138","2025-09-24 17:46:16 -12","MARKET_IF_TOUCHED_ORDER","CLIENT_ORDER","EUR/USD","1.17748","1000.00","Buy","","1.17718","","1.17768","","","","","","","","",""
"60139","2025-09-24 17:46:17 -12","MARKET_IF_TOUCHED_ORDER","CLIENT_ORDER","EUR/USD","1.17240","1000.00","Sell","","1.17270","","1.17220","","","","","","","","",""
"60140","2025-09-24 17:48:18 -12","ORDER_CANCEL","CLIENT_REQUEST","","","","","","","","","","","","","","","","",""
"60141","2025-09-24 17:48:18 -12","ORDER_CANCEL","CLIENT_REQUEST","","","","","","","","","","","","","","","","",""
"60142","2025-09-24 17:48:18 -12","ORDER_CANCEL","CLIENT_REQUEST","","","","","","","","","","","","","","","","",""
"60143","2025-09-24 17:48:18 -12","ORDER_CANCEL","CLIENT_REQUEST","","","","","","","","","","","","","","","","",""
"60144","2025-09-24 17:48:19 -12","ORDER_CANCEL","CLIENT_REQUEST","","","","","","","","","","","","","","","","",""
"60145","2025-09-24 17:48:19 -12","ORDER_CANCEL","CLIENT_REQUEST","","","","","","","","","","","","","","","","",""
"60146","2025-09-24 17:48:19 -12","ORDER_CANCEL","CLIENT_REQUEST","","","","","","","","","","","","","","","","",""
"60147","2025-09-24 17:48:19 -12","ORDER_CANCEL","CLIENT_REQUEST","","","","","","","","","","","","","","","","",""
"60148","2025-09-24 17:48:20 -12","ORDER_CANCEL","CLIENT_REQUEST","","","","","","","","","","","","","","","","",""
"60149","2025-09-24 17:48:20 -12","ORDER_CANCEL","CLIENT_REQUEST","","","","","","","","","","","","","","","","",""
"60150","2025-09-24 17:48:21 -12","MARKET_IF_TOUCHED_ORDER","CLIENT_ORDER","EUR/USD","1.17548","1000.00","Buy","","1.17518","","1.17568","","","","","","","","",""
"60151","2025-09-24 17:48:21 -12","MARKET_IF_TOUCHED_ORDER","CLIENT_ORDER","EUR/USD","1.17440","1000.00","Sell","","1.17470","","1.17420","","","","","","","","",""
"60152","2025-09-24 17:48:22 -12","MARKET_IF_TOUCHED_ORDER","CLIENT_ORDER","EUR/USD","1.17598","1000.00","Buy","","1.17568","","1.17618","","","","","","","","",""
"60153","2025-09-24 17:48:22 -12","MARKET_IF_TOUCHED_ORDER","CLIENT_ORDER","EUR/USD","1.17390","1000.00","Sell","","1.17420","","1.17370","","","","","","","","",""
"60154","2025-09-24 17:48:22 -12","MARKET_IF_TOUCHED_ORDER","CLIENT_ORDER","EUR/USD","1.17648","1000.00","Buy","","1.17618","","1.17668","","","","","","","","",""
"60155","2025-09-24 17:48:22 -12","MARKET_IF_TOUCHED_ORDER","CLIENT_ORDER","EUR/USD","1.17340","1000.00","Sell","","1.17370","","1.17320","","","","","","","","",""
"60156","2025-09-24 17:48:23 -12","MARKET_IF_TOUCHED_ORDER","CLIENT_ORDER","EUR/USD","1.17698","1000.00","Buy","","1.17668","","1.17718","","","","","","","","",""
"60157","2025-09-24 17:48:23 -12","MARKET_IF_TOUCHED_ORDER","CLIENT_ORDER","EUR/USD","1.17290","1000.00","Sell","","1.17320","","1.17270","","","","","","","","",""
"60158","2025-09-24 17:48:23 -12","MARKET_IF_TOUCHED_ORDER","CLIENT_ORDER","EUR/USD","1.17748","1000.00","Buy","","1.17718","","1.17768","","","","","","","","",""
"60159","2025-09-24 17:48:23 -12","MARKET_IF_TOUCHED_ORDER","CLIENT_ORDER","EUR/USD","1.17240","1000.00","Sell","","1.17270","","1.17220","","","","","","","","",""
"60160","2025-09-24 17:50:25 -12","ORDER_CANCEL","CLIENT_REQUEST","","","","","","","","","","","","","","","","",""
"60161","2025-09-24 17:50:25 -12","ORDER_CANCEL","CLIENT_REQUEST","","","","","","","","","","","","","","","","",""
"60162","2025-09-24 17:50:26 -12","ORDER_CANCEL","CLIENT_REQUEST","","","","","","","","","","","","","","","","",""
"60163","2025-09-24 17:50:26 -12","ORDER_CANCEL","CLIENT_REQUEST","","","","","","","","","","","","","","","","",""
"60164","2025-09-24 17:50:26 -12","ORDER_CANCEL","CLIENT_REQUEST","","","","","","","","","","","","","","","","",""
"60165","2025-09-24 17:50:27 -12","ORDER_CANCEL","CLIENT_REQUEST","","","","","","","","","","","","","","","","",""
"60166","2025-09-24 17:50:27 -12","ORDER_CANCEL","CLIENT_REQUEST","","","","","","","","","","","","","","","","",""
"60167","2025-09-24 17:50:27 -12","ORDER_CANCEL","CLIENT_REQUEST","","","","","","","","","","","","","","","","",""
"60168","2025-09-24 17:50:27 -12","ORDER_CANCEL","CLIENT_REQUEST","","","","","","","","","","","","","","","","",""
"60169","2025-09-24 17:50:28 -12","ORDER_CANCEL","CLIENT_REQUEST","","","","","","","","","","","","","","","","",""
"60170","2025-09-24 17:50:29 -12","MARKET_IF_TOUCHED_ORDER","CLIENT_ORDER","EUR/USD","1.17548","1000.00","Buy","","1.17519","","1.17567","","","","","","","","",""
"60171","2025-09-24 17:50:29 -12","MARKET_IF_TOUCHED_ORDER","CLIENT_ORDER","EUR/USD","1.17440","1000.00","Sell","","1.17469","","1.17421","","","","","","","","",""
"60172","2025-09-24 17:50:29 -12","MARKET_IF_TOUCHED_ORDER","CLIENT_ORDER","EUR/USD","1.17598","1000.00","Buy","","1.17569","","1.17617","","","","","","","","",""
"60173","2025-09-24 17:50:30 -12","MARKET_IF_TOUCHED_ORDER","CLIENT_ORDER","EUR/USD","1.17390","1000.00","Sell","","1.17419","","1.17371","","","","","","","","",""
"60174","2025-09-24 17:50:30 -12","MARKET_IF_TOUCHED_ORDER","CLIENT_ORDER","EUR/USD","1.17648","1000.00","Buy","","1.17619","","1.17667","","","","","","","","",""
"60175","2025-09-24 17:50:30 -12","MARKET_IF_TOUCHED_ORDER","CLIENT_ORDER","EUR/USD","1.17340","1000.00","Sell","","1.17369","","1.17321","","","","","","","","",""
"60176","2025-09-24 17:50:30 -12","MARKET_IF_TOUCHED_ORDER","CLIENT_ORDER","EUR/USD","1.17698","1000.00","Buy","","1.17669","","1.17717","","","","","","","","",""
"60177","2025-09-24 17:50:31 -12","MARKET_IF_TOUCHED_ORDER","CLIENT_ORDER","EUR/USD","1.17290","1000.00","Sell","","1.17319","","1.17271","","","","","","","","",""
"60178","2025-09-24 17:50:31 -12","MARKET_IF_TOUCHED_ORDER","CLIENT_ORDER","EUR/USD","1.17748","1000.00","Buy","","1.17719","","1.17767","","","","","","","","",""
"60179","2025-09-24 17:50:31 -12","MARKET_IF_TOUCHED_ORDER","CLIENT_ORDER","EUR/USD","1.17240","1000.00","Sell","","1.17269","","1.17221","","","","","","","","",""
"60180","2025-09-24 17:52:32 -12","ORDER_CANCEL","CLIENT_REQUEST","","","","","","","","","","","","","","","","",""
"60181","2025-09-24 17:52:32 -12","ORDER_CANCEL","CLIENT_REQUEST","","","","","","","","","","","","","","","","",""
"60182","2025-09-24 17:52:32 -12","ORDER_CANCEL","CLIENT_REQUEST","","","","","","","","","","","","","","","","",""
"60183","2025-09-24 17:52:33 -12","ORDER_CANCEL","CLIENT_REQUEST","","","","","","","","","","","","","","","","",""
"60184","2025-09-24 17:52:33 -12","ORDER_CANCEL","CLIENT_REQUEST","","","","","","","","","","","","","","","","",""
"60185","2025-09-24 17:52:33 -12","ORDER_CANCEL","CLIENT_REQUEST","","","","","","","","","","","","","","","","",""
"60186","2025-09-24 17:52:33 -12","ORDER_CANCEL","CLIENT_REQUEST","","","","","","","","","","","","","","","","",""
"60187","2025-09-24 17:52:33 -12","ORDER_CANCEL","CLIENT_REQUEST","","","","","","","","","","","","","","","","",""
"60188","2025-09-24 17:52:34 -12","ORDER_CANCEL","CLIENT_REQUEST","","","","","","","","","","","","","","","","",""
"60189","2025-09-24 17:52:34 -12","ORDER_CANCEL","CLIENT_REQUEST","","","","","","","","","","","","","","","","",""
"60190","2025-09-24 17:52:35 -12","MARKET_IF_TOUCHED_ORDER","CLIENT_ORDER","EUR/USD","1.17548","1000.00","Buy","","1.17519","","1.17567","","","","","","","","",""
"60191","2025-09-24 17:52:36 -12","MARKET_IF_TOUCHED_ORDER","CLIENT_ORDER","EUR/USD","1.17440","1000.00","Sell","","1.17469","","1.17421","","","","","","","","",""
"60192","2025-09-24 17:52:36 -12","MARKET_IF_TOUCHED_ORDER","CLIENT_ORDER","EUR/USD","1.17598","1000.00","Buy","","1.17569","","1.17617","","","","","","","","",""
"60193","2025-09-24 17:52:36 -12","MARKET_IF_TOUCHED_ORDER","CLIENT_ORDER","EUR/USD","1.17390","1000.00","Sell","","1.17419","","1.17371","","","","","","","","",""
"60194","2025-09-24 17:52:37 -12","MARKET_IF_TOUCHED_ORDER","CLIENT_ORDER","EUR/USD","1.17648","1000.00","Buy","","1.17619","","1.17667","","","","","","","","",""
"60195","2025-09-24 17:52:37 -12","MARKET_IF_TOUCHED_ORDER","CLIENT_ORDER","EUR/USD","1.17340","1000.00","Sell","","1.17369","","1.17321","","","","","","","","",""
"60196","2025-09-24 17:52:37 -12","MARKET_IF_TOUCHED_ORDER","CLIENT_ORDER","EUR/USD","1.17698","1000.00","Buy","","1.17669","","1.17717","","","","","","","","",""
"60197","2025-09-24 17:52:37 -12","MARKET_IF_TOUCHED_ORDER","CLIENT_ORDER","EUR/USD","1.17290","1000.00","Sell","","1.17319","","1.17271","","","","","","","","",""
"60198","2025-09-24 17:52:38 -12","MARKET_IF_TOUCHED_ORDER","CLIENT_ORDER","EUR/USD","1.17748","1000.00","Buy","","1.17719","","1.17767","","","","","","","","",""
"60199","2025-09-24 17:52:38 -12","MARKET_IF_TOUCHED_ORDER","CLIENT_ORDER","EUR/USD","1.17240","1000.00","Sell","","1.17269","","1.17221","","","","","","","","",""
"60200","2025-09-24 17:54:39 -12","ORDER_CANCEL","CLIENT_REQUEST","","","","","","","","","","","","","","","","",""
"60201","2025-09-24 17:54:39 -12","ORDER_CANCEL","CLIENT_REQUEST","","","","","","","","","","","","","","","","",""
"60202","2025-09-24 17:54:39 -12","ORDER_CANCEL","CLIENT_REQUEST","","","","","","","","","","","","","","","","",""
"60203","2025-09-24 17:54:39 -12","ORDER_CANCEL","CLIENT_REQUEST","","","","","","","","","","","","","","","","",""
"60204","2025-09-24 17:54:40 -12","ORDER_CANCEL","CLIENT_REQUEST","","","","","","","","","","","","","","","","",""
"60205","2025-09-24 17:54:40 -12","ORDER_CANCEL","CLIENT_REQUEST","","","","","","","","","","","","","","","","",""
"60206","2025-09-24 17:54:40 -12","ORDER_CANCEL","CLIENT_REQUEST","","","","","","","","","","","","","","","","",""
"60207","2025-09-24 17:54:40 -12","ORDER_CANCEL","CLIENT_REQUEST","","","","","","","","","","","","","","","","",""
"60208","2025-09-24 17:54:41 -12","ORDER_CANCEL","CLIENT_REQUEST","","","","","","","","","","","","","","","","",""
"60209","2025-09-24 17:54:41 -12","ORDER_CANCEL","CLIENT_REQUEST","","","","","","","","","","","","","","","","",""
"60210","2025-09-24 17:54:42 -12","MARKET_IF_TOUCHED_ORDER","CLIENT_ORDER","EUR/USD","1.17548","1000.00","Buy","","1.17519","","1.17567","","","","","","","","",""
"60211","2025-09-24 17:54:42 -12","MARKET_IF_TOUCHED_ORDER","CLIENT_ORDER","EUR/USD","1.17440","1000.00","Sell","","1.17469","","1.17421","","","","","","","","",""
"60212","2025-09-24 17:54:43 -12","MARKET_IF_TOUCHED_ORDER","CLIENT_ORDER","EUR/USD","1.17598","1000.00","Buy","","1.17569","","1.17617","","","","","","","","",""
"60213","2025-09-24 17:54:43 -12","MARKET_IF_TOUCHED_ORDER","CLIENT_ORDER","EUR/USD","1.17390","1000.00","Sell","","1.17419","","1.17371","","","","","","","","",""
"60214","2025-09-24 17:54:43 -12","MARKET_IF_TOUCHED_ORDER","CLIENT_ORDER","EUR/USD","1.17648","1000.00","Buy","","1.17619","","1.17667","","","","","","","","",""
"60215","2025-09-24 17:54:43 -12","MARKET_IF_TOUCHED_ORDER","CLIENT_ORDER","EUR/USD","1.17340","1000.00","Sell","","1.17369","","1.17321","","","","","","","","",""
"60216","2025-09-24 17:54:44 -12","MARKET_IF_TOUCHED_ORDER","CLIENT_ORDER","EUR/USD","1.17698","1000.00","Buy","","1.17669","","1.17717","","","","","","","","",""
"60217","2025-09-24 17:54:44 -12","MARKET_IF_TOUCHED_ORDER","CLIENT_ORDER","EUR/USD","1.17290","1000.00","Sell","","1.17319","","1.17271","","","","","","","","",""
"60218","2025-09-24 17:54:44 -12","MARKET_IF_TOUCHED_ORDER","CLIENT_ORDER","EUR/USD","1.17748","1000.00","Buy","","1.17719","","1.17767","","","","","","","","",""
"60219","2025-09-24 17:54:44 -12","MARKET_IF_TOUCHED_ORDER","CLIENT_ORDER","EUR/USD","1.17240","1000.00","Sell","","1.17269","","1.17221","","","","","","","","",""
"60220","2025-09-24 17:56:45 -12","ORDER_CANCEL","CLIENT_REQUEST","","","","","","","","","","","","","","","","",""
"60221","2025-09-24 17:56:45 -12","ORDER_CANCEL","CLIENT_REQUEST","","","","","","","","","","","","","","","","",""
"60222","2025-09-24 17:56:45 -12","ORDER_CANCEL","CLIENT_REQUEST","","","","","","","","","","","","","","","","",""
"60223","2025-09-24 17:56:46 -12","ORDER_CANCEL","CLIENT_REQUEST","","","","","","","","","","","","","","","","",""
"60224","2025-09-24 17:56:46 -12","ORDER_CANCEL","CLIENT_REQUEST","","","","","","","","","","","","","","","","",""
"60225","2025-09-24 17:56:46 -12","ORDER_CANCEL","CLIENT_REQUEST","","","","","","","","","","","","","","","","",""
"60226","2025-09-24 17:56:46 -12","ORDER_CANCEL","CLIENT_REQUEST","","","","","","","","","","","","","","","","",""
"60227","2025-09-24 17:56:47 -12","ORDER_CANCEL","CLIENT_REQUEST","","","","","","","","","","","","","","","","",""
"60228","2025-09-24 17:56:47 -12","ORDER_CANCEL","CLIENT_REQUEST","","","","","","","","","","","","","","","","",""
"60229","2025-09-24 17:56:47 -12","ORDER_CANCEL","CLIENT_REQUEST","","","","","","","","","","","","","","","","",""
"60230","2025-09-24 17:56:48 -12","MARKET_IF_TOUCHED_ORDER","CLIENT_ORDER","EUR/USD","1.17548","1000.00","Buy","","1.17517","","1.17568","","","","","","","","",""
"60231","2025-09-24 17:56:49 -12","MARKET_IF_TOUCHED_ORDER","CLIENT_ORDER","EUR/USD","1.17440","1000.00","Sell","","1.17471","","1.17420","","","","","","","","",""
"60232","2025-09-24 17:56:49 -12","MARKET_IF_TOUCHED_ORDER","CLIENT_ORDER","EUR/USD","1.17598","1000.00","Buy","","1.17567","","1.17618","","","","","","","","",""
"60233","2025-09-24 17:56:49 -12","MARKET_IF_TOUCHED_ORDER","CLIENT_ORDER","EUR/USD","1.17390","1000.00","Sell","","1.17421","","1.17370","","","","","","","","",""
"60234","2025-09-24 17:56:49 -12","MARKET_IF_TOUCHED_ORDER","CLIENT_ORDER","EUR/USD","1.17648","1000.00","Buy","","1.17617","","1.17668","","","","","","","","",""
"60235","2025-09-24 17:56:50 -12","MARKET_IF_TOUCHED_ORDER","CLIENT_ORDER","EUR/USD","1.17340","1000.00","Sell","","1.17371","","1.17320","","","","","","","","",""
"60236","2025-09-24 17:56:50 -12","MARKET_IF_TOUCHED_ORDER","CLIENT_ORDER","EUR/USD","1.17698","1000.00","Buy","","1.17667","","1.17718","","","","","","","","",""
"60237","2025-09-24 17:56:50 -12","MARKET_IF_TOUCHED_ORDER","CLIENT_ORDER","EUR/USD","1.17290","1000.00","Sell","","1.17321","","1.17270","","","","","","","","",""
"60238","2025-09-24 17:56:50 -12","MARKET_IF_TOUCHED_ORDER","CLIENT_ORDER","EUR/USD","1.17748","1000.00","Buy","","1.17717","","1.17768","","","","","","","","",""
"60239","2025-09-24 17:56:51 -12","MARKET_IF_TOUCHED_ORDER","CLIENT_ORDER","EUR/USD","1.17240","1000.00","Sell","","1.17271","","1.17220","","","","","","","","",""
"60240","2025-09-24 17:58:51 -12","ORDER_CANCEL","CLIENT_REQUEST","","","","","","","","","","","","","","","","",""
"60241","2025-09-24 17:58:51 -12","ORDER_CANCEL","CLIENT_REQUEST","","","","","","","","","","","","","","","","",""
"60242","2025-09-24 17:58:52 -12","ORDER_CANCEL","CLIENT_REQUEST","","","","","","","","","","","","","","","","",""
"60243","2025-09-24 17:58:52 -12","ORDER_CANCEL","CLIENT_REQUEST","","","","","","","","","","","","","","","","",""
"60244","2025-09-24 17:58:52 -12","ORDER_CANCEL","CLIENT_REQUEST","","","","","","","","","","","","","","","","",""
"60245","2025-09-24 17:58:52 -12","ORDER_CANCEL","CLIENT_REQUEST","","","","","","","","","","","","","","","","",""
"60246","2025-09-24 17:58:53 -12","ORDER_CANCEL","CLIENT_REQUEST","","","","","","","","","","","","","","","","",""
"60247","2025-09-24 17:58:53 -12","ORDER_CANCEL","CLIENT_REQUEST","","","","","","","","","","","","","","","","",""
"60248","2025-09-24 17:58:53 -12","ORDER_CANCEL","CLIENT_REQUEST","","","","","","","","","","","","","","","","",""
"60249","2025-09-24 17:58:53 -12","ORDER_CANCEL","CLIENT_REQUEST","","","","","","","","","","","","","","","","",""
"60250","2025-09-24 17:58:55 -12","MARKET_IF_TOUCHED_ORDER","CLIENT_ORDER","EUR/USD","1.17548","1000.00","Buy","","1.17517","","1.17568","","","","","","","","",""
"60251","2025-09-24 17:58:55 -12","MARKET_IF_TOUCHED_ORDER","CLIENT_ORDER","EUR/USD","1.17440","1000.00","Sell","","1.17471","","1.17420","","","","","","","","",""
"60252","2025-09-24 17:58:55 -12","MARKET_IF_TOUCHED_ORDER","CLIENT_ORDER","EUR/USD","1.17598","1000.00","Buy","","1.17567","","1.17618","","","","","","","","",""
"60253","2025-09-24 17:58:56 -12","MARKET_IF_TOUCHED_ORDER","CLIENT_ORDER","EUR/USD","1.17390","1000.00","Sell","","1.17421","","1.17370","","","","","","","","",""
"60254","2025-09-24 17:58:56 -12","MARKET_IF_TOUCHED_ORDER","CLIENT_ORDER","EUR/USD","1.17648","1000.00","Buy","","1.17617","","1.17668","","","","","","","","",""
"60255","2025-09-24 17:58:56 -12","MARKET_IF_TOUCHED_ORDER","CLIENT_ORDER","EUR/USD","1.17340","1000.00","Sell","","1.17371","","1.17320","","","","","","","","",""
"60256","2025-09-24 17:58:56 -12","MARKET_IF_TOUCHED_ORDER","CLIENT_ORDER","EUR/USD","1.17698","1000.00","Buy","","1.17667","","1.17718","","","","","","","","",""
"60257","2025-09-24 17:58:56 -12","MARKET_IF_TOUCHED_ORDER","CLIENT_ORDER","EUR/USD","1.17290","1000.00","Sell","","1.17321","","1.17270","","","","","","","","",""
"60258","2025-09-24 17:58:57 -12","MARKET_IF_TOUCHED_ORDER","CLIENT_ORDER","EUR/USD","1.17748","1000.00","Buy","","1.17717","","1.17768","","","","","","","","",""
"60259","2025-09-24 17:58:57 -12","MARKET_IF_TOUCHED_ORDER","CLIENT_ORDER","EUR/USD","1.17240","1000.00","Sell","","1.17271","","1.17220","","","","","","","","",""
"60260","2025-09-24 18:00:57 -12","ORDER_CANCEL","CLIENT_REQUEST","","","","","","","","","","","","","","","","",""
"60261","2025-09-24 18:00:58 -12","ORDER_CANCEL","CLIENT_REQUEST","","","","","","","","","","","","","","","","",""
"60262","2025-09-24 18:00:58 -12","ORDER_CANCEL","CLIENT_REQUEST","","","","","","","","","","","","","","","","",""
"60263","2025-09-24 18:00:58 -12","ORDER_CANCEL","CLIENT_REQUEST","","","","","","","","","","","","","","","","",""
"60264","2025-09-24 18:00:58 -12","ORDER_CANCEL","CLIENT_REQUEST","","","","","","","","","","","","","","","","",""
"60265","2025-09-24 18:00:59 -12","ORDER_CANCEL","CLIENT_REQUEST","","","","","","","","","","","","","","","","",""
"60266","2025-09-24 18:00:59 -12","ORDER_CANCEL","CLIENT_REQUEST","","","","","","","","","","","","","","","","",""
"60267","2025-09-24 18:00:59 -12","ORDER_CANCEL","CLIENT_REQUEST","","","","","","","","","","","","","","","","",""
"60268","2025-09-24 18:00:59 -12","ORDER_CANCEL","CLIENT_REQUEST","","","","","","","","","","","","","","","","",""
"60269","2025-09-24 18:01:00 -12","ORDER_CANCEL","CLIENT_REQUEST","","","","","","","","","","","","","","","","",""
"60270","2025-09-24 18:01:01 -12","MARKET_IF_TOUCHED_ORDER","CLIENT_ORDER","EUR/USD","1.17548","1000.00","Buy","","1.17516","","1.17569","","","","","","","","",""
"60271","2025-09-24 18:01:01 -12","MARKET_IF_TOUCHED_ORDER","CLIENT_ORDER","EUR/USD","1.17440","1000.00","Sell","","1.17472","","1.17419","","","","","","","","",""
"60272","2025-09-24 18:01:02 -12","MARKET_IF_TOUCHED_ORDER","CLIENT_ORDER","EUR/USD","1.17598","1000.00","Buy","","1.17566","","1.17619","","","","","","","","",""
"60273","2025-09-24 18:01:02 -12","MARKET_IF_TOUCHED_ORDER","CLIENT_ORDER","EUR/USD","1.17390","1000.00","Sell","","1.17422","","1.17369","","","","","","","","",""
"60274","2025-09-24 18:01:02 -12","MARKET_IF_TOUCHED_ORDER","CLIENT_ORDER","EUR/USD","1.17648","1000.00","Buy","","1.17616","","1.17669","","","","","","","","",""
"60275","2025-09-24 18:01:02 -12","MARKET_IF_TOUCHED_ORDER","CLIENT_ORDER","EUR/USD","1.17340","1000.00","Sell","","1.17372","","1.17319","","","","","","","","",""
"60276","2025-09-24 18:01:03 -12","MARKET_IF_TOUCHED_ORDER","CLIENT_ORDER","EUR/USD","1.17698","1000.00","Buy","","1.17666","","1.17719","","","","","","","","",""
"60277","2025-09-24 18:01:03 -12","MARKET_IF_TOUCHED_ORDER","CLIENT_ORDER","EUR/USD","1.17290","1000.00","Sell","","1.17322","","1.17269","","","","","","","","",""
"60278","2025-09-24 18:01:03 -12","MARKET_IF_TOUCHED_ORDER","CLIENT_ORDER","EUR/USD","1.17748","1000.00","Buy","","1.17716","","1.17769","","","","","","","","",""
"60279","2025-09-24 18:01:03 -12","MARKET_IF_TOUCHED_ORDER","CLIENT_ORDER","EUR/USD","1.17240","1000.00","Sell","","1.17272","","1.17219","","","","","","","","",""
"60280","2025-09-24 18:03:04 -12","ORDER_CANCEL","CLIENT_REQUEST","","","","","","","","","","","","","","","","",""
"60281","2025-09-24 18:03:04 -12","ORDER_CANCEL","CLIENT_REQUEST","","","","","","","","","","","","","","","","",""
"60282","2025-09-24 18:03:04 -12","ORDER_CANCEL","CLIENT_REQUEST","","","","","","","","","","","","","","","","",""
"60283","2025-09-24 18:03:05 -12","ORDER_CANCEL","CLIENT_REQUEST","","","","","","","","","","","","","","","","",""
"60284","2025-09-24 18:03:05 -12","ORDER_CANCEL","CLIENT_REQUEST","","","","","","","","","","","","","","","","",""
"60285","2025-09-24 18:03:05 -12","ORDER_CANCEL","CLIENT_REQUEST","","","","","","","","","","","","","","","","",""
"60286","2025-09-24 18:03:05 -12","ORDER_CANCEL","CLIENT_REQUEST","","","","","","","","","","","","","","","","",""
"60287","2025-09-24 18:03:06 -12","ORDER_CANCEL","CLIENT_REQUEST","","","","","","","","","","","","","","","","",""
"60288","2025-09-24 18:03:06 -12","ORDER_CANCEL","CLIENT_REQUEST","","","","","","","","","","","","","","","","",""
"60289","2025-09-24 18:03:06 -12","ORDER_CANCEL","CLIENT_REQUEST","","","","","","","","","","","","","","","","",""
"60290","2025-09-24 18:03:08 -12","MARKET_IF_TOUCHED_ORDER","CLIENT_ORDER","EUR/USD","1.17548","1000.00","Buy","","1.17516","","1.17569","","","","","","","","",""
"60291","2025-09-24 18:03:08 -12","MARKET_IF_TOUCHED_ORDER","CLIENT_ORDER","EUR/USD","1.17440","1000.00","Sell","","1.17472","","1.17419","","","","","","","","",""
"60292","2025-09-24 18:03:08 -12","MARKET_IF_TOUCHED_ORDER","CLIENT_ORDER","EUR/USD","1.17598","1000.00","Buy","","1.17566","","1.17619","","","","","","","","",""
"60293","2025-09-24 18:03:08 -12","MARKET_IF_TOUCHED_ORDER","CLIENT_ORDER","EUR/USD","1.17390","1000.00","Sell","","1.17422","","1.17369","","","","","","","","",""
"60294","2025-09-24 18:03:08 -12","MARKET_IF_TOUCHED_ORDER","CLIENT_ORDER","EUR/USD","1.17648","1000.00","Buy","","1.17616","","1.17669","","","","","","","","",""
"60295","2025-09-24 18:03:09 -12","MARKET_IF_TOUCHED_ORDER","CLIENT_ORDER","EUR/USD","1.17340","1000.00","Sell","","1.17372","","1.17319","","","","","","","","",""
"60296","2025-09-24 18:03:09 -12","MARKET_IF_TOUCHED_ORDER","CLIENT_ORDER","EUR/USD","1.17698","1000.00","Buy","","1.17666","","1.17719","","","","","","","","",""
"60297","2025-09-24 18:03:09 -12","MARKET_IF_TOUCHED_ORDER","CLIENT_ORDER","EUR/USD","1.17290","1000.00","Sell","","1.17322","","1.17269","","","","","","","","",""
"60298","2025-09-24 18:03:09 -12","MARKET_IF_TOUCHED_ORDER","CLIENT_ORDER","EUR/USD","1.17748","1000.00","Buy","","1.17716","","1.17769","","","","","","","","",""
"60299","2025-09-24 18:03:10 -12","MARKET_IF_TOUCHED_ORDER","CLIENT_ORDER","EUR/USD","1.17240","1000.00","Sell","","1.17272","","1.17219","","","","","","","","",""
"60300","2025-09-24 18:05:11 -12","ORDER_CANCEL","CLIENT_REQUEST","","","","","","","","","","","","","","","","",""
"60301","2025-09-24 18:05:11 -12","ORDER_CANCEL","CLIENT_REQUEST","","","","","","","","","","","","","","","","",""
"60302","2025-09-24 18:05:11 -12","ORDER_CANCEL","CLIENT_REQUEST","","","","","","","","","","","","","","","","",""
"60303","2025-09-24 18:05:11 -12","ORDER_CANCEL","CLIENT_REQUEST","","","","","","","","","","","","","","","","",""
"60304","2025-09-24 18:05:12 -12","ORDER_CANCEL","CLIENT_REQUEST","","","","","","","","","","","","","","","","",""
"60305","2025-09-24 18:05:12 -12","ORDER_CANCEL","CLIENT_REQUEST","","","","","","","","","","","","","","","","",""
"60306","2025-09-24 18:05:12 -12","ORDER_CANCEL","CLIENT_REQUEST","","","","","","","","","","","","","","","","",""
"60307","2025-09-24 18:05:12 -12","ORDER_CANCEL","CLIENT_REQUEST","","","","","","","","","","","","","","","","",""
"60308","2025-09-24 18:05:13 -12","ORDER_CANCEL","CLIENT_REQUEST","","","","","","","","","","","","","","","","",""
"60309","2025-09-24 18:05:13 -12","ORDER_CANCEL","CLIENT_REQUEST","","","","","","","","","","","","","","","","",""
"60310","2025-09-24 18:05:14 -12","MARKET_IF_TOUCHED_ORDER","CLIENT_ORDER","EUR/USD","1.17548","1000.00","Buy","","1.17515","","1.17570","","","","","","","","",""
"60311","2025-09-24 18:05:15 -12","MARKET_IF_TOUCHED_ORDER","CLIENT_ORDER","EUR/USD","1.17440","1000.00","Sell","","1.17473","","1.17418","","","","","","","","",""
"60312","2025-09-24 18:05:15 -12","MARKET_IF_TOUCHED_ORDER","CLIENT_ORDER","EUR/USD","1.17598","1000.00","Buy","","1.17565","","1.17620","","","","","","","","",""
"60313","2025-09-24 18:05:15 -12","MARKET_IF_TOUCHED_ORDER","CLIENT_ORDER","EUR/USD","1.17390","1000.00","Sell","","1.17423","","1.17368","","","","","","","","",""
"60314","2025-09-24 18:05:15 -12","MARKET_IF_TOUCHED_ORDER","CLIENT_ORDER","EUR/USD","1.17648","1000.00","Buy","","1.17615","","1.17670","","","","","","","","",""
"60315","2025-09-24 18:05:16 -12","MARKET_IF_TOUCHED_ORDER","CLIENT_ORDER","EUR/USD","1.17340","1000.00","Sell","","1.17373","","1.17318","","","","","","","","",""
"60316","2025-09-24 18:05:16 -12","MARKET_IF_TOUCHED_ORDER","CLIENT_ORDER","EUR/USD","1.17698","1000.00","Buy","","1.17665","","1.17720","","","","","","","","",""
"60317","2025-09-24 18:05:16 -12","MARKET_IF_TOUCHED_ORDER","CLIENT_ORDER","EUR/USD","1.17290","1000.00","Sell","","1.17323","","1.17268","","","","","","","","",""
"60318","2025-09-24 18:05:16 -12","MARKET_IF_TOUCHED_ORDER","CLIENT_ORDER","EUR/USD","1.17748","1000.00","Buy","","1.17715","","1.17770","","","","","","","","",""
"60319","2025-09-24 18:05:17 -12","MARKET_IF_TOUCHED_ORDER","CLIENT_ORDER","EUR/USD","1.17240","1000.00","Sell","","1.17273","","1.17218","","","","","","","","",""
"60320","2025-09-24 18:07:18 -12","ORDER_CANCEL","CLIENT_REQUEST","","","","","","","","","","","","","","","","",""
"60321","2025-09-24 18:07:18 -12","ORDER_CANCEL","CLIENT_REQUEST","","","","","","","","","","","","","","","","",""
"60322","2025-09-24 18:07:18 -12","ORDER_CANCEL","CLIENT_REQUEST","","","","","","","","","","","","","","","","",""
"60323","2025-09-24 18:07:19 -12","ORDER_CANCEL","CLIENT_REQUEST","","","","","","","","","","","","","","","","",""
"60324","2025-09-24 18:07:19 -12","ORDER_CANCEL","CLIENT_REQUEST","","","","","","","","","","","","","","","","",""
"60325","2025-09-24 18:07:19 -12","ORDER_CANCEL","CLIENT_REQUEST","","","","","","","","","","","","","","","","",""
"60326","2025-09-24 18:07:19 -12","ORDER_CANCEL","CLIENT_REQUEST","","","","","","","","","","","","","","","","",""
"60327","2025-09-24 18:07:20 -12","ORDER_CANCEL","CLIENT_REQUEST","","","","","","","","","","","","","","","","",""
"60328","2025-09-24 18:07:20 -12","ORDER_CANCEL","CLIENT_REQUEST","","","","","","","","","","","","","","","","",""
"60329","2025-09-24 18:07:20 -12","ORDER_CANCEL","CLIENT_REQUEST","","","","","","","","","","","","","","","","",""
"60330","2025-09-24 18:07:22 -12","MARKET_IF_TOUCHED_ORDER","CLIENT_ORDER","EUR/USD","1.17548","1000.00","Buy","","1.17515","","1.17570","","","","","","","","",""
"60331","2025-09-24 18:07:22 -12","MARKET_IF_TOUCHED_ORDER","CLIENT_ORDER","EUR/USD","1.17440","1000.00","Sell","","1.17473","","1.17418","","","","","","","","",""
"60332","2025-09-24 18:07:23 -12","MARKET_IF_TOUCHED_ORDER","CLIENT_ORDER","EUR/USD","1.17598","1000.00","Buy","","1.17565","","1.17620","","","","","","","","",""
"60333","2025-09-24 18:07:23 -12","MARKET_IF_TOUCHED_ORDER","CLIENT_ORDER","EUR/USD","1.17390","1000.00","Sell","","1.17423","","1.17368","","","","","","","","",""
"60334","2025-09-24 18:07:23 -12","MARKET_IF_TOUCHED_ORDER","CLIENT_ORDER","EUR/USD","1.17648","1000.00","Buy","","1.17615","","1.17670","","","","","","","","",""
"60335","2025-09-24 18:07:23 -12","MARKET_IF_TOUCHED_ORDER","CLIENT_ORDER","EUR/USD","1.17340","1000.00","Sell","","1.17373","","1.17318","","","","","","","","",""
"60336","2025-09-24 18:07:23 -12","MARKET_IF_TOUCHED_ORDER","CLIENT_ORDER","EUR/USD","1.17698","1000.00","Buy","","1.17665","","1.17720","","","","","","","","",""
"60337","2025-09-24 18:07:24 -12","MARKET_IF_TOUCHED_ORDER","CLIENT_ORDER","EUR/USD","1.17290","1000.00","Sell","","1.17323","","1.17268","","","","","","","","",""
"60338","2025-09-24 18:07:24 -12","MARKET_IF_TOUCHED_ORDER","CLIENT_ORDER","EUR/USD","1.17748","1000.00","Buy","","1.17715","","1.17770","","","","","","","","",""
"60339","2025-09-24 18:07:24 -12","MARKET_IF_TOUCHED_ORDER","CLIENT_ORDER","EUR/USD","1.17240","1000.00","Sell","","1.17273","","1.17218","","","","","","","","",""
"60340","2025-09-24 18:09:25 -12","ORDER_CANCEL","CLIENT_REQUEST","","","","","","","","","","","","","","","","",""
"60341","2025-09-24 18:09:25 -12","ORDER_CANCEL","CLIENT_REQUEST","","","","","","","","","","","","","","","","",""
"60342","2025-09-24 18:09:25 -12","ORDER_CANCEL","CLIENT_REQUEST","","","","","","","","","","","","","","","","",""
"60343","2025-09-24 18:09:25 -12","ORDER_CANCEL","CLIENT_REQUEST","","","","","","","","","","","","","","","","",""
"60344","2025-09-24 18:09:26 -12","ORDER_CANCEL","CLIENT_REQUEST","","","","","","","","","","","","","","","","",""
"60345","2025-09-24 18:09:26 -12","ORDER_CANCEL","CLIENT_REQUEST","","","","","","","","","","","","","","","","",""
"60346","2025-09-24 18:09:26 -12","ORDER_CANCEL","CLIENT_REQUEST","","","","","","","","","","","","","","","","",""
"60347","2025-09-24 18:09:26 -12","ORDER_CANCEL","CLIENT_REQUEST","","","","","","","","","","","","","","","","",""
"60348","2025-09-24 18:09:27 -12","ORDER_CANCEL","CLIENT_REQUEST","","","","","","","","","","","","","","","","",""
"60349","2025-09-24 18:09:27 -12","ORDER_CANCEL","CLIENT_REQUEST","","","","","","","","","","","","","","","","",""
"60350","2025-09-24 18:09:28 -12","MARKET_IF_TOUCHED_ORDER","CLIENT_ORDER","EUR/USD","1.17548","1000.00","Buy","","1.17515","","1.17570","","","","","","","","",""
"60351","2025-09-24 18:09:29 -12","MARKET_IF_TOUCHED_ORDER","CLIENT_ORDER","EUR/USD","1.17440","1000.00","Sell","","1.17473","","1.17418","","","","","","","","",""
"60352","2025-09-24 18:09:29 -12","MARKET_IF_TOUCHED_ORDER","CLIENT_ORDER","EUR/USD","1.17598","1000.00","Buy","","1.17565","","1.17620","","","","","","","","",""
"60353","2025-09-24 18:09:29 -12","MARKET_IF_TOUCHED_ORDER","CLIENT_ORDER","EUR/USD","1.17390","1000.00","Sell","","1.17423","","1.17368","","","","","","","","",""
"60354","2025-09-24 18:09:29 -12","MARKET_IF_TOUCHED_ORDER","CLIENT_ORDER","EUR/USD","1.17648","1000.00","Buy","","1.17615","","1.17670","","","","","","","","",""
"60355","2025-09-24 18:09:30 -12","MARKET_IF_TOUCHED_ORDER","CLIENT_ORDER","EUR/USD","1.17340","1000.00","Sell","","1.17373","","1.17318","","","","","","","","",""
"60356","2025-09-24 18:09:30 -12","MARKET_IF_TOUCHED_ORDER","CLIENT_ORDER","EUR/USD","1.17698","1000.00","Buy","","1.17665","","1.17720","","","","","","","","",""
"60357","2025-09-24 18:09:30 -12","MARKET_IF_TOUCHED_ORDER","CLIENT_ORDER","EUR/USD","1.17290","1000.00","Sell","","1.17323","","1.17268","","","","","","","","",""
"60358","2025-09-24 18:09:30 -12","MARKET_IF_TOUCHED_ORDER","CLIENT_ORDER","EUR/USD","1.17748","1000.00","Buy","","1.17715","","1.17770","","","","","","","","",""
"60359","2025-09-24 18:09:31 -12","MARKET_IF_TOUCHED_ORDER","CLIENT_ORDER","EUR/USD","1.17240","1000.00","Sell","","1.17273","","1.17218","","","","","","","","",""
"60360","2025-09-24 18:11:28 -12","ORDER_FILL","MARKET_IF_TOUCHED_ORDER","EUR/USD","1.17380","1000.00","Sell","0.0580","","","","","0.00000","0.0000","0.0000","","","0.00000","","98977.42"
"60361","2025-09-24 18:11:28 -12","TAKE_PROFIT_ORDER","ON_FILL","","1.17368","","","","","","","","","","","","","","",""
"60362","2025-09-24 18:11:28 -12","STOP_LOSS_ORDER","ON_FILL","","1.17423","","","","","","","","","","","","","","",""
"60363","2025-09-24 18:11:31 -12","ORDER_CANCEL","CLIENT_REQUEST","","","","","","","","","","","","","","","","",""
"60364","2025-09-24 18:11:31 -12","ORDER_CANCEL","CLIENT_REQUEST","","","","","","","","","","","","","","","","",""
"60365","2025-09-24 18:11:32 -12","ORDER_CANCEL","CLIENT_REQUEST","","","","","","","","","","","","","","","","",""
"60366","2025-09-24 18:11:32 -12","ORDER_CANCEL","CLIENT_REQUEST","","","","","","","","","","","","","","","","",""
"60367","2025-09-24 18:11:32 -12","ORDER_CANCEL","CLIENT_REQUEST","","","","","","","","","","","","","","","","",""
"60368","2025-09-24 18:11:32 -12","ORDER_CANCEL","CLIENT_REQUEST","","","","","","","","","","","","","","","","",""
"60369","2025-09-24 18:11:33 -12","ORDER_CANCEL","CLIENT_REQUEST","","","","","","","","","","","","","","","","",""
"60370","2025-09-24 18:11:33 -12","ORDER_CANCEL","CLIENT_REQUEST","","","","","","","","","","","","","","","","",""
"60371","2025-09-24 18:11:33 -12","ORDER_CANCEL","CLIENT_REQUEST","","","","","","","","","","","","","","","","",""
"60372","2025-09-24 18:11:33 -12","ORDER_CANCEL","CLIENT_REQUEST","","","","","","","","","","","","","","","","",""
"60373","2025-09-24 18:11:34 -12","ORDER_CANCEL","CLIENT_REQUEST","","","","","","","","","","","","","","","","",""
"60374","2025-09-24 18:11:35 -12","MARKET_IF_TOUCHED_ORDER","CLIENT_ORDER","EUR/USD","1.17548","1000.00","Buy","","1.17516","","1.17569","","","","","","","","",""
"60375","2025-09-24 18:11:35 -12","MARKET_IF_TOUCHED_ORDER","CLIENT_ORDER","EUR/USD","1.17440","1000.00","Sell","","1.17472","","1.17419","","","","","","","","",""
"60376","2025-09-24 18:11:36 -12","MARKET_IF_TOUCHED_ORDER","CLIENT_ORDER","EUR/USD","1.17598","1000.00","Buy","","1.17566","","1.17619","","","","","","","","",""
"60377","2025-09-24 18:11:36 -12","MARKET_IF_TOUCHED_ORDER","CLIENT_ORDER","EUR/USD","1.17390","1000.00","Sell","","1.17422","","1.17369","","","","","","","","",""
"60378","2025-09-24 18:11:36 -12","MARKET_IF_TOUCHED_ORDER","CLIENT_ORDER","EUR/USD","1.17648","1000.00","Buy","","1.17616","","1.17669","","","","","","","","",""
"60379","2025-09-24 18:11:36 -12","MARKET_IF_TOUCHED_ORDER","CLIENT_ORDER","EUR/USD","1.17340","1000.00","Sell","","1.17372","","1.17319","","","","","","","","",""
"60380","2025-09-24 18:11:37 -12","MARKET_IF_TOUCHED_ORDER","CLIENT_ORDER","EUR/USD","1.17698","1000.00","Buy","","1.17666","","1.17719","","","","","","","","",""
"60381","2025-09-24 18:11:37 -12","MARKET_IF_TOUCHED_ORDER","CLIENT_ORDER","EUR/USD","1.17290","1000.00","Sell","","1.17322","","1.17269","","","","","","","","",""
"60382","2025-09-24 18:11:37 -12","MARKET_IF_TOUCHED_ORDER","CLIENT_ORDER","EUR/USD","1.17748","1000.00","Buy","","1.17716","","1.17769","","","","","","","","",""
"60383","2025-09-24 18:11:37 -12","MARKET_IF_TOUCHED_ORDER","CLIENT_ORDER","EUR/USD","1.17240","1000.00","Sell","","1.17272","","1.17219","","","","","","","","",""
"60384","2025-09-24 18:13:38 -12","ORDER_CANCEL","CLIENT_REQUEST","","","","","","","","","","","","","","","","",""
"60385","2025-09-24 18:13:38 -12","ORDER_CANCEL","CLIENT_REQUEST","","","","","","","","","","","","","","","","",""
"60386","2025-09-24 18:13:38 -12","ORDER_CANCEL","CLIENT_REQUEST","","","","","","","","","","","","","","","","",""
"60387","2025-09-24 18:13:39 -12","ORDER_CANCEL","CLIENT_REQUEST","","","","","","","","","","","","","","","","",""
"60388","2025-09-24 18:13:39 -12","ORDER_CANCEL","CLIENT_REQUEST","","","","","","","","","","","","","","","","",""
"60389","2025-09-24 18:13:39 -12","ORDER_CANCEL","CLIENT_REQUEST","","","","","","","","","","","","","","","","",""
"60390","2025-09-24 18:13:39 -12","ORDER_CANCEL","CLIENT_REQUEST","","","","","","","","","","","","","","","","",""
"60391","2025-09-24 18:13:40 -12","ORDER_CANCEL","CLIENT_REQUEST","","","","","","","","","","","","","","","","",""
"60392","2025-09-24 18:13:40 -12","ORDER_CANCEL","CLIENT_REQUEST","","","","","","","","","","","","","","","","",""
"60393","2025-09-24 18:13:40 -12","ORDER_CANCEL","CLIENT_REQUEST","","","","","","","","","","","","","","","","",""
"60394","2025-09-24 18:13:41 -12","MARKET_IF_TOUCHED_ORDER","CLIENT_ORDER","EUR/USD","1.17548","1000.00","Buy","","1.17516","","1.17569","","","","","","","","",""
"60395","2025-09-24 18:13:42 -12","MARKET_IF_TOUCHED_ORDER","CLIENT_ORDER","EUR/USD","1.17440","1000.00","Sell","","1.17472","","1.17419","","","","","","","","",""
"60396","2025-09-24 18:13:42 -12","MARKET_IF_TOUCHED_ORDER","CLIENT_ORDER","EUR/USD","1.17598","1000.00","Buy","","1.17566","","1.17619","","","","","","","","",""
"60397","2025-09-24 18:13:42 -12","MARKET_IF_TOUCHED_ORDER","CLIENT_ORDER","EUR/USD","1.17390","1000.00","Sell","","1.17422","","1.17369","","","","","","","","",""
"60398","2025-09-24 18:13:42 -12","MARKET_IF_TOUCHED_ORDER","CLIENT_ORDER","EUR/USD","1.17648","1000.00","Buy","","1.17616","","1.17669","","","","","","","","",""
"60399","2025-09-24 18:13:43 -12","MARKET_IF_TOUCHED_ORDER","CLIENT_ORDER","EUR/USD","1.17340","1000.00","Sell","","1.17372","","1.17319","","","","","","","","",""
"60400","2025-09-24 18:13:43 -12","MARKET_IF_TOUCHED_ORDER","CLIENT_ORDER","EUR/USD","1.17698","1000.00","Buy","","1.17666","","1.17719","","","","","","","","",""
"60401","2025-09-24 18:13:43 -12","ORDER_FILL","MARKET_IF_TOUCHED_ORDER","EUR/USD","1.17382","1000.00","Sell","0.0515","","","","","0.00000","0.0000","0.0000","","","0.00000","","98977.42"
"60402","2025-09-24 18:13:43 -12","TAKE_PROFIT_ORDER","ON_FILL","","1.17369","","","","","","","","","","","","","","",""
"60403","2025-09-24 18:13:43 -12","STOP_LOSS_ORDER","ON_FILL","","1.17422","","","","","","","","","","","","","","",""
"60404","2025-09-24 18:13:43 -12","MARKET_IF_TOUCHED_ORDER","CLIENT_ORDER","EUR/USD","1.17290","1000.00","Sell","","1.17322","","1.17269","","","","","","","","",""
"60405","2025-09-24 18:13:43 -12","MARKET_IF_TOUCHED_ORDER","CLIENT_ORDER","EUR/USD","1.17748","1000.00","Buy","","1.17716","","1.17769","","","","","","","","",""
"60406","2025-09-24 18:13:44 -12","MARKET_IF_TOUCHED_ORDER","CLIENT_ORDER","EUR/USD","1.17240","1000.00","Sell","","1.17272","","1.17219","","","","","","","","",""
"60407","2025-09-24 18:14:57 -12","ORDER_FILL","STOP_LOSS_ORDER","EUR/USD","1.17422","1000.00","Buy","0.0644","","","","","0.00000","0.0000","0.0000","","1.2952","-0.51810","","98976.90"
"60408","2025-09-24 18:14:57 -12","ORDER_CANCEL","LINKED_TRADE_CLOSED","","","","","","","","","","","","","","","","",""
"60409","2025-09-24 18:15:30 -12","ORDER_FILL","MARKET_IF_TOUCHED_ORDER","EUR/USD","1.17429","1000.00","Sell","0.0709","","","","","0.00000","0.0000","0.0000","","","0.00000","","98976.90"
"60410","2025-09-24 18:15:30 -12","TAKE_PROFIT_ORDER","ON_FILL","","1.17419","","","","","","","","","","","","","","",""
"60411","2025-09-24 18:15:30 -12","STOP_LOSS_ORDER","ON_FILL","","1.17472","","","","","","","","","","","","","","",""
"60412","2025-09-24 18:15:44 -12","ORDER_CANCEL","CLIENT_REQUEST","","","","","","","","","","","","","","","","",""
"60413","2025-09-24 18:15:44 -12","ORDER_CANCEL","CLIENT_REQUEST","","","","","","","","","","","","","","","","",""
"60414","2025-09-24 18:15:45 -12","ORDER_CANCEL","CLIENT_REQUEST","","","","","","","","","","","","","","","","",""
"60415","2025-09-24 18:15:45 -12","ORDER_CANCEL","CLIENT_REQUEST","","","","","","","","","","","","","","","","",""
"60416","2025-09-24 18:15:45 -12","ORDER_CANCEL","CLIENT_REQUEST","","","","","","","","","","","","","","","","",""
"60417","2025-09-24 18:15:45 -12","ORDER_CANCEL","CLIENT_REQUEST","","","","","","","","","","","","","","","","",""
"60418","2025-09-24 18:15:46 -12","ORDER_CANCEL","CLIENT_REQUEST","","","","","","","","","","","","","","","","",""
"60419","2025-09-24 18:15:46 -12","ORDER_CANCEL","CLIENT_REQUEST","","","","","","","","","","","","","","","","",""
"60420","2025-09-24 18:15:46 -12","ORDER_CANCEL","CLIENT_REQUEST","","","","","","","","","","","","","","","","",""
"60421","2025-09-24 18:15:46 -12","ORDER_CANCEL","CLIENT_REQUEST","","","","","","","","","","","","","","","","",""
"60422","2025-09-24 18:15:48 -12","MARKET_IF_TOUCHED_ORDER","CLIENT_ORDER","EUR/USD","1.17548","1000.00","Buy","","1.17513","","1.17572","","","","","","","","",""
"60423","2025-09-24 18:15:48 -12","MARKET_IF_TOUCHED_ORDER","CLIENT_ORDER","EUR/USD","1.17440","1000.00","Sell","","1.17475","","1.17416","","","","","","","","",""
"60424","2025-09-24 18:15:48 -12","MARKET_IF_TOUCHED_ORDER","CLIENT_ORDER","EUR/USD","1.17598","1000.00","Buy","","1.17563","","1.17622","","","","","","","","",""
"60425","2025-09-24 18:15:49 -12","MARKET_IF_TOUCHED_ORDER","CLIENT_ORDER","EUR/USD","1.17390","1000.00","Sell","","1.17425","","1.17366","","","","","","","","",""
"60426","2025-09-24 18:15:49 -12","MARKET_IF_TOUCHED_ORDER","CLIENT_ORDER","EUR/USD","1.17648","1000.00","Buy","","1.17613","","1.17672","","","","","","","","",""
"60427","2025-09-24 18:15:49 -12","MARKET_IF_TOUCHED_ORDER","CLIENT_ORDER","EUR/USD","1.17340","1000.00","Sell","","1.17375","","1.17316","","","","","","","","",""
"60428","2025-09-24 18:15:49 -12","MARKET_IF_TOUCHED_ORDER","CLIENT_ORDER","EUR/USD","1.17698","1000.00","Buy","","1.17663","","1.17722","","","","","","","","",""
"60429","2025-09-24 18:15:50 -12","MARKET_IF_TOUCHED_ORDER","CLIENT_ORDER","EUR/USD","1.17290","1000.00","Sell","","1.17325","","1.17266","","","","","","","","",""
"60430","2025-09-24 18:15:50 -12","MARKET_IF_TOUCHED_ORDER","CLIENT_ORDER","EUR/USD","1.17748","1000.00","Buy","","1.17713","","1.17772","","","","","","","","",""
"60431","2025-09-24 18:15:50 -12","MARKET_IF_TOUCHED_ORDER","CLIENT_ORDER","EUR/USD","1.17240","1000.00","Sell","","1.17275","","1.17216","","","","","","","","",""
"60432","2025-09-24 18:15:50 -12","ORDER_FILL","MARKET_IF_TOUCHED_ORDER","EUR/USD","1.17430","1000.00","Sell","0.0644","","","","","0.00000","0.0000","0.0000","","","0.00000","","98976.90"
"60433","2025-09-24 18:15:50 -12","TAKE_PROFIT_ORDER","ON_FILL","","1.17416","","","","","","","","","","","","","","",""
"60434","2025-09-24 18:15:50 -12","STOP_LOSS_ORDER","ON_FILL","","1.17475","","","","","","","","","","","","","","",""
"60435","2025-09-24 18:16:35 -12","ORDER_FILL","STOP_LOSS_ORDER","EUR/USD","1.17476","1000.00","Buy","0.0580","","","","","0.00000","0.0000","0.0000","","1.2949","-0.59560","","98976.31"
"60436","2025-09-24 18:16:35 -12","ORDER_CANCEL","LINKED_TRADE_CLOSED","","","","","","","","","","","","","","","","",""
"60437","2025-09-24 18:17:51 -12","ORDER_CANCEL","CLIENT_REQUEST","","","","","","","","","","","","","","","","",""
"60438","2025-09-24 18:17:51 -12","ORDER_CANCEL","CLIENT_REQUEST","","","","","","","","","","","","","","","","",""
"60439","2025-09-24 18:17:51 -12","ORDER_CANCEL","CLIENT_REQUEST","","","","","","","","","","","","","","","","",""
"60440","2025-09-24 18:17:51 -12","ORDER_CANCEL","CLIENT_REQUEST","","","","","","","","","","","","","","","","",""
"60441","2025-09-24 18:17:52 -12","ORDER_CANCEL","CLIENT_REQUEST","","","","","","","","","","","","","","","","",""
"60442","2025-09-24 18:17:52 -12","ORDER_CANCEL","CLIENT_REQUEST","","","","","","","","","","","","","","","","",""
"60443","2025-09-24 18:17:52 -12","ORDER_CANCEL","CLIENT_REQUEST","","","","","","","","","","","","","","","","",""
"60444","2025-09-24 18:17:52 -12","ORDER_CANCEL","CLIENT_REQUEST","","","","","","","","","","","","","","","","",""
"60445","2025-09-24 18:17:53 -12","ORDER_CANCEL","CLIENT_REQUEST","","","","","","","","","","","","","","","","",""
"60446","2025-09-24 18:17:54 -12","MARKET_IF_TOUCHED_ORDER","CLIENT_ORDER","EUR/USD","1.17548","1000.00","Buy","","1.17513","","1.17572","","","","","","","","",""
"60447","2025-09-24 18:17:54 -12","MARKET_IF_TOUCHED_ORDER","CLIENT_ORDER","EUR/USD","1.17440","1000.00","Sell","","1.17475","","1.17416","","","","","","","","",""
"60448","2025-09-24 18:17:54 -12","MARKET_IF_TOUCHED_ORDER","CLIENT_ORDER","EUR/USD","1.17598","1000.00","Buy","","1.17563","","1.17622","","","","","","","","",""
"60449","2025-09-24 18:17:55 -12","MARKET_IF_TOUCHED_ORDER","CLIENT_ORDER","EUR/USD","1.17390","1000.00","Sell","","1.17425","","1.17366","","","","","","","","",""
"60450","2025-09-24 18:17:55 -12","MARKET_IF_TOUCHED_ORDER","CLIENT_ORDER","EUR/USD","1.17648","1000.00","Buy","","1.17613","","1.17672","","","","","","","","",""
"60451","2025-09-24 18:17:55 -12","MARKET_IF_TOUCHED_ORDER","CLIENT_ORDER","EUR/USD","1.17340","1000.00","Sell","","1.17375","","1.17316","","","","","","","","",""
"60452","2025-09-24 18:17:56 -12","MARKET_IF_TOUCHED_ORDER","CLIENT_ORDER","EUR/USD","1.17698","1000.00","Buy","","1.17663","","1.17722","","","","","","","","",""
"60453","2025-09-24 18:17:56 -12","MARKET_IF_TOUCHED_ORDER","CLIENT_ORDER","EUR/USD","1.17290","1000.00","Sell","","1.17325","","1.17266","","","","","","","","",""
"60454","2025-09-24 18:17:56 -12","MARKET_IF_TOUCHED_ORDER","CLIENT_ORDER","EUR/USD","1.17748","1000.00","Buy","","1.17713","","1.17772","","","","","","","","",""
"60455","2025-09-24 18:17:56 -12","MARKET_IF_TOUCHED_ORDER","CLIENT_ORDER","EUR/USD","1.17240","1000.00","Sell","","1.17275","","1.17216","","","","","","","","",""
"60456","2025-09-24 18:19:57 -12","ORDER_CANCEL","CLIENT_REQUEST","","","","","","","","","","","","","","","","",""
"60457","2025-09-24 18:19:57 -12","ORDER_CANCEL","CLIENT_REQUEST","","","","","","","","","","","","","","","","",""
"60458","2025-09-24 18:19:57 -12","ORDER_CANCEL","CLIENT_REQUEST","","","","","","","","","","","","","","","","",""
"60459","2025-09-24 18:19:58 -12","ORDER_CANCEL","CLIENT_REQUEST","","","","","","","","","","","","","","","","",""
"60460","2025-09-24 18:19:58 -12","ORDER_CANCEL","CLIENT_REQUEST","","","","","","","","","","","","","","","","",""
"60461","2025-09-24 18:19:58 -12","ORDER_CANCEL","CLIENT_REQUEST","","","","","","","","","","","","","","","","",""
"60462","2025-09-24 18:19:58 -12","ORDER_CANCEL","CLIENT_REQUEST","","","","","","","","","","","","","","","","",""
"60463","2025-09-24 18:19:59 -12","ORDER_CANCEL","CLIENT_REQUEST","","","","","","","","","","","","","","","","",""
"60464","2025-09-24 18:19:59 -12","ORDER_CANCEL","CLIENT_REQUEST","","","","","","","","","","","","","","","","",""
"60465","2025-09-24 18:19:59 -12","ORDER_CANCEL","CLIENT_REQUEST","","","","","","","","","","","","","","","","",""
"60466","2025-09-24 18:20:01 -12","MARKET_IF_TOUCHED_ORDER","CLIENT_ORDER","EUR/USD","1.17548","1000.00","Buy","","1.17513","","1.17572","","","","","","","","",""
"60467","2025-09-24 18:20:01 -12","MARKET_IF_TOUCHED_ORDER","CLIENT_ORDER","EUR/USD","1.17440","1000.00","Sell","","1.17475","","1.17416","","","","","","","","",""
"60468","2025-09-24 18:20:01 -12","MARKET_IF_TOUCHED_ORDER","CLIENT_ORDER","EUR/USD","1.17598","1000.00","Buy","","1.17563","","1.17622","","","","","","","","",""
"60469","2025-09-24 18:20:01 -12","MARKET_IF_TOUCHED_ORDER","CLIENT_ORDER","EUR/USD","1.17390","1000.00","Sell","","1.17425","","1.17366","","","","","","","","",""
"60470","2025-09-24 18:20:02 -12","MARKET_IF_TOUCHED_ORDER","CLIENT_ORDER","EUR/USD","1.17648","1000.00","Buy","","1.17613","","1.17672","","","","","","","","",""
"60471","2025-09-24 18:20:02 -12","MARKET_IF_TOUCHED_ORDER","CLIENT_ORDER","EUR/USD","1.17340","1000.00","Sell","","1.17375","","1.17316","","","","","","","","",""
"60472","2025-09-24 18:20:02 -12","MARKET_IF_TOUCHED_ORDER","CLIENT_ORDER","EUR/USD","1.17698","1000.00","Buy","","1.17663","","1.17722","","","","","","","","",""
"60473","2025-09-24 18:20:02 -12","MARKET_IF_TOUCHED_ORDER","CLIENT_ORDER","EUR/USD","1.17290","1000.00","Sell","","1.17325","","1.17266","","","","","","","","",""
"60474","2025-09-24 18:20:03 -12","MARKET_IF_TOUCHED_ORDER","CLIENT_ORDER","EUR/USD","1.17748","1000.00","Buy","","1.17713","","1.17772","","","","","","","","",""
"60475","2025-09-24 18:20:03 -12","MARKET_IF_TOUCHED_ORDER","CLIENT_ORDER","EUR/USD","1.17240","1000.00","Sell","","1.17275","","1.17216","","","","","","","","",""
"60476","2025-09-24 18:22:04 -12","ORDER_CANCEL","CLIENT_REQUEST","","","","","","","","","","","","","","","","",""
"60477","2025-09-24 18:22:04 -12","ORDER_CANCEL","CLIENT_REQUEST","","","","","","","","","","","","","","","","",""
"60478","2025-09-24 18:22:04 -12","ORDER_CANCEL","CLIENT_REQUEST","","","","","","","","","","","","","","","","",""
"60479","2025-09-24 18:22:05 -12","ORDER_CANCEL","CLIENT_REQUEST","","","","","","","","","","","","","","","","",""
"60480","2025-09-24 18:22:05 -12","ORDER_CANCEL","CLIENT_REQUEST","","","","","","","","","","","","","","","","",""
"60481","2025-09-24 18:22:05 -12","ORDER_CANCEL","CLIENT_REQUEST","","","","","","","","","","","","","","","","",""
"60482","2025-09-24 18:22:05 -12","ORDER_CANCEL","CLIENT_REQUEST","","","","","","","","","","","","","","","","",""
"60483","2025-09-24 18:22:06 -12","ORDER_CANCEL","CLIENT_REQUEST","","","","","","","","","","","","","","","","",""
"60484","2025-09-24 18:22:06 -12","ORDER_CANCEL","CLIENT_REQUEST","","","","","","","","","","","","","","","","",""
"60485","2025-09-24 18:22:06 -12","ORDER_CANCEL","CLIENT_REQUEST","","","","","","","","","","","","","","","","",""
"60486","2025-09-24 18:22:07 -12","MARKET_IF_TOUCHED_ORDER","CLIENT_ORDER","EUR/USD","1.17548","1000.00","Buy","","1.17505","","1.17577","","","","","","","","",""
"60487","2025-09-24 18:22:08 -12","MARKET_IF_TOUCHED_ORDER","CLIENT_ORDER","EUR/USD","1.17440","1000.00","Sell","","1.17483","","1.17411","","","","","","","","",""
"60488","2025-09-24 18:22:08 -12","MARKET_IF_TOUCHED_ORDER","CLIENT_ORDER","EUR/USD","1.17598","1000.00","Buy","","1.17555","","1.17627","","","","","","","","",""
"60489","2025-09-24 18:22:08 -12","MARKET_IF_TOUCHED_ORDER","CLIENT_ORDER","EUR/USD","1.17390","1000.00","Sell","","1.17433","","1.17361","","","","","","","","",""
"60490","2025-09-24 18:22:09 -12","MARKET_IF_TOUCHED_ORDER","CLIENT_ORDER","EUR/USD","1.17648","1000.00","Buy","","1.17605","","1.17677","","","","","","","","",""
"60491","2025-09-24 18:22:09 -12","MARKET_IF_TOUCHED_ORDER","CLIENT_ORDER","EUR/USD","1.17340","1000.00","Sell","","1.17383","","1.17311","","","","","","","","",""
"60492","2025-09-24 18:22:09 -12","MARKET_IF_TOUCHED_ORDER","CLIENT_ORDER","EUR/USD","1.17698","1000.00","Buy","","1.17655","","1.17727","","","","","","","","",""
"60493","2025-09-24 18:22:09 -12","MARKET_IF_TOUCHED_ORDER","CLIENT_ORDER","EUR/USD","1.17290","1000.00","Sell","","1.17333","","1.17261","","","","","","","","",""
"60494","2025-09-24 18:22:10 -12","MARKET_IF_TOUCHED_ORDER","CLIENT_ORDER","EUR/USD","1.17748","1000.00","Buy","","1.17705","","1.17777","","","","","","","","",""
"60495","2025-09-24 18:22:10 -12","MARKET_IF_TOUCHED_ORDER","CLIENT_ORDER","EUR/USD","1.17240","1000.00","Sell","","1.17283","","1.17211","","","","","","","","",""
"60496","2025-09-24 18:24:10 -12","ORDER_CANCEL","CLIENT_REQUEST","","","","","","","","","","","","","","","","",""
"60497","2025-09-24 18:24:11 -12","ORDER_CANCEL","CLIENT_REQUEST","","","","","","","","","","","","","","","","",""
"60498","2025-09-24 18:24:12 -12","ORDER_CANCEL","CLIENT_REQUEST","","","","","","","","","","","","","","","","",""
"60499","2025-09-24 18:24:12 -12","ORDER_CANCEL","CLIENT_REQUEST","","","","","","","","","","","","","","","","",""
"60500","2025-09-24 18:24:12 -12","ORDER_CANCEL","CLIENT_REQUEST","","","","","","","","","","","","","","","","",""
"60501","2025-09-24 18:24:13 -12","ORDER_CANCEL","CLIENT_REQUEST","","","","","","","","","","","","","","","","",""
"60502","2025-09-24 18:24:13 -12","ORDER_CANCEL","CLIENT_REQUEST","","","","","","","","","","","","","","","","",""
"60503","2025-09-24 18:24:13 -12","ORDER_CANCEL","CLIENT_REQUEST","","","","","","","","","","","","","","","","",""
"60504","2025-09-24 18:24:14 -12","ORDER_CANCEL","CLIENT_REQUEST","","","","","","","","","","","","","","","","",""
"60505","2025-09-24 18:24:14 -12","ORDER_CANCEL","CLIENT_REQUEST","","","","","","","","","","","","","","","","",""
"60506","2025-09-24 18:24:15 -12","MARKET_IF_TOUCHED_ORDER","CLIENT_ORDER","EUR/USD","1.17548","1000.00","Buy","","1.17505","","1.17577","","","","","","","","",""
"60507","2025-09-24 18:24:16 -12","MARKET_IF_TOUCHED_ORDER","CLIENT_ORDER","EUR/USD","1.17440","1000.00","Sell","","1.17483","","1.17411","","","","","","","","",""
"60508","2025-09-24 18:24:16 -12","MARKET_IF_TOUCHED_ORDER","CLIENT_ORDER","EUR/USD","1.17598","1000.00","Buy","","1.17555","","1.17627","","","","","","","","",""
"60509","2025-09-24 18:24:16 -12","MARKET_IF_TOUCHED_ORDER","CLIENT_ORDER","EUR/USD","1.17390","1000.00","Sell","","1.17433","","1.17361","","","","","","","","",""
"60510","2025-09-24 18:24:17 -12","MARKET_IF_TOUCHED_ORDER","CLIENT_ORDER","EUR/USD","1.17648","1000.00","Buy","","1.17605","","1.17677","","","","","","","","",""
"60511","2025-09-24 18:24:17 -12","MARKET_IF_TOUCHED_ORDER","CLIENT_ORDER","EUR/USD","1.17340","1000.00","Sell","","1.17383","","1.17311","","","","","","","","",""
"60512","2025-09-24 18:24:17 -12","MARKET_IF_TOUCHED_ORDER","CLIENT_ORDER","EUR/USD","1.17698","1000.00","Buy","","1.17655","","1.17727","","","","","","","","",""
"60513","2025-09-24 18:24:18 -12","MARKET_IF_TOUCHED_ORDER","CLIENT_ORDER","EUR/USD","1.17290","1000.00","Sell","","1.17333","","1.17261","","","","","","","","",""
"60514","2025-09-24 18:24:18 -12","MARKET_IF_TOUCHED_ORDER","CLIENT_ORDER","EUR/USD","1.17748","1000.00","Buy","","1.17705","","1.17777","","","","","","","","",""
"60515","2025-09-24 18:24:18 -12","MARKET_IF_TOUCHED_ORDER","CLIENT_ORDER","EUR/USD","1.17240","1000.00","Sell","","1.17283","","1.17211","","","","","","","","",""
"60516","2025-09-24 18:26:19 -12","ORDER_CANCEL","CLIENT_REQUEST","","","","","","","","","","","","","","","","",""
"60517","2025-09-24 18:26:19 -12","ORDER_CANCEL","CLIENT_REQUEST","","","","","","","","","","","","","","","","",""
"60518","2025-09-24 18:26:19 -12","ORDER_CANCEL","CLIENT_REQUEST","","","","","","","","","","","","","","","","",""
"60519","2025-09-24 18:26:19 -12","ORDER_CANCEL","CLIENT_REQUEST","","","","","","","","","","","","","","","","",""
"60520","2025-09-24 18:26:20 -12","ORDER_CANCEL","CLIENT_REQUEST","","","","","","","","","","","","","","","","",""
"60521","2025-09-24 18:26:20 -12","ORDER_CANCEL","CLIENT_REQUEST","","","","","","","","","","","","","","","","",""
"60522","2025-09-24 18:26:20 -12","ORDER_CANCEL","CLIENT_REQUEST","","","","","","","","","","","","","","","","",""
"60523","2025-09-24 18:26:20 -12","ORDER_CANCEL","CLIENT_REQUEST","","","","","","","","","","","","","","","","",""
"60524","2025-09-24 18:26:21 -12","ORDER_CANCEL","CLIENT_REQUEST","","","","","","","","","","","","","","","","",""
"60525","2025-09-24 18:26:21 -12","ORDER_CANCEL","CLIENT_REQUEST","","","","","","","","","","","","","","","","",""
"60526","2025-09-24 18:26:22 -12","MARKET_IF_TOUCHED_ORDER","CLIENT_ORDER","EUR/USD","1.17548","1000.00","Buy","","1.17498","","1.17582","","","","","","","","",""
"60527","2025-09-24 18:26:23 -12","MARKET_IF_TOUCHED_ORDER","CLIENT_ORDER","EUR/USD","1.17440","1000.00","Sell","","1.17490","","1.17406","","","","","","","","",""
"60528","2025-09-24 18:26:23 -12","MARKET_IF_TOUCHED_ORDER","CLIENT_ORDER","EUR/USD","1.17598","1000.00","Buy","","1.17548","","1.17632","","","","","","","","",""
"60529","2025-09-24 18:26:23 -12","MARKET_IF_TOUCHED_ORDER","CLIENT_ORDER","EUR/USD","1.17390","1000.00","Sell","","1.17440","","1.17356","","","","","","","","",""
"60530","2025-09-24 18:26:23 -12","MARKET_IF_TOUCHED_ORDER","CLIENT_ORDER","EUR/USD","1.17648","1000.00","Buy","","1.17598","","1.17682","","","","","","","","",""
"60531","2025-09-24 18:26:24 -12","MARKET_IF_TOUCHED_ORDER","CLIENT_ORDER","EUR/USD","1.17340","1000.00","Sell","","1.17390","","1.17306","","","","","","","","",""
"60532","2025-09-24 18:26:24 -12","MARKET_IF_TOUCHED_ORDER","CLIENT_ORDER","EUR/USD","1.17698","1000.00","Buy","","1.17648","","1.17732","","","","","","","","",""
"60533","2025-09-24 18:26:24 -12","MARKET_IF_TOUCHED_ORDER","CLIENT_ORDER","EUR/USD","1.17290","1000.00","Sell","","1.17340","","1.17256","","","","","","","","",""
"60534","2025-09-24 18:26:24 -12","MARKET_IF_TOUCHED_ORDER","CLIENT_ORDER","EUR/USD","1.17748","1000.00","Buy","","1.17698","","1.17782","","","","","","","","",""
"60535","2025-09-24 18:26:25 -12","MARKET_IF_TOUCHED_ORDER","CLIENT_ORDER","EUR/USD","1.17240","1000.00","Sell","","1.17290","","1.17206","","","","","","","","",""
"60536","2025-09-24 18:28:25 -12","ORDER_CANCEL","CLIENT_REQUEST","","","","","","","","","","","","","","","","",""
"60537","2025-09-24 18:28:25 -12","ORDER_CANCEL","CLIENT_REQUEST","","","","","","","","","","","","","","","","",""
"60538","2025-09-24 18:28:26 -12","ORDER_CANCEL","CLIENT_REQUEST","","","","","","","","","","","","","","","","",""
"60539","2025-09-24 18:28:26 -12","ORDER_CANCEL","CLIENT_REQUEST","","","","","","","","","","","","","","","","",""
"60540","2025-09-24 18:28:26 -12","ORDER_CANCEL","CLIENT_REQUEST","","","","","","","","","","","","","","","","",""
"60541","2025-09-24 18:28:26 -12","ORDER_CANCEL","CLIENT_REQUEST","","","","","","","","","","","","","","","","",""
"60542","2025-09-24 18:28:27 -12","ORDER_CANCEL","CLIENT_REQUEST","","","","","","","","","","","","","","","","",""
"60543","2025-09-24 18:28:27 -12","ORDER_CANCEL","CLIENT_REQUEST","","","","","","","","","","","","","","","","",""
"60544","2025-09-24 18:28:27 -12","ORDER_CANCEL","CLIENT_REQUEST","","","","","","","","","","","","","","","","",""
"60545","2025-09-24 18:28:27 -12","ORDER_CANCEL","CLIENT_REQUEST","","","","","","","","","","","","","","","","",""
"60546","2025-09-24 18:28:29 -12","MARKET_IF_TOUCHED_ORDER","CLIENT_ORDER","EUR/USD","1.17548","1000.00","Buy","","1.17498","","1.17582","","","","","","","","",""
"60547","2025-09-24 18:28:29 -12","MARKET_IF_TOUCHED_ORDER","CLIENT_ORDER","EUR/USD","1.17440","1000.00","Sell","","1.17490","","1.17406","","","","","","","","",""
"60548","2025-09-24 18:28:29 -12","MARKET_IF_TOUCHED_ORDER","CLIENT_ORDER","EUR/USD","1.17598","1000.00","Buy","","1.17548","","1.17632","","","","","","","","",""
"60549","2025-09-24 18:28:30 -12","MARKET_IF_TOUCHED_ORDER","CLIENT_ORDER","EUR/USD","1.17390","1000.00","Sell","","1.17440","","1.17356","","","","","","","","",""
"60550","2025-09-24 18:28:30 -12","MARKET_IF_TOUCHED_ORDER","CLIENT_ORDER","EUR/USD","1.17648","1000.00","Buy","","1.17598","","1.17682","","","","","","","","",""
"60551","2025-09-24 18:28:30 -12","MARKET_IF_TOUCHED_ORDER","CLIENT_ORDER","EUR/USD","1.17340","1000.00","Sell","","1.17390","","1.17306","","","","","","","","",""
"60552","2025-09-24 18:28:30 -12","MARKET_IF_TOUCHED_ORDER","CLIENT_ORDER","EUR/USD","1.17698","1000.00","Buy","","1.17648","","1.17732","","","","","","","","",""
"60553","2025-09-24 18:28:31 -12","MARKET_IF_TOUCHED_ORDER","CLIENT_ORDER","EUR/USD","1.17290","1000.00","Sell","","1.17340","","1.17256","","","","","","","","",""
"60554","2025-09-24 18:28:31 -12","MARKET_IF_TOUCHED_ORDER","CLIENT_ORDER","EUR/USD","1.17748","1000.00","Buy","","1.17698","","1.17782","","","","","","","","",""
"60555","2025-09-24 18:28:31 -12","MARKET_IF_TOUCHED_ORDER","CLIENT_ORDER","EUR/USD","1.17240","1000.00","Sell","","1.17290","","1.17206","","","","","","","","",""
"60556","2025-09-24 18:30:32 -12","ORDER_CANCEL","CLIENT_REQUEST","","","","","","","","","","","","","","","","",""
"60557","2025-09-24 18:30:32 -12","ORDER_CANCEL","CLIENT_REQUEST","","","","","","","","","","","","","","","","",""
"60558","2025-09-24 18:30:32 -12","ORDER_CANCEL","CLIENT_REQUEST","","","","","","","","","","","","","","","","",""
"60559","2025-09-24 18:30:32 -12","ORDER_CANCEL","CLIENT_REQUEST","","","","","","","","","","","","","","","","",""
"60560","2025-09-24 18:30:33 -12","ORDER_CANCEL","CLIENT_REQUEST","","","","","","","","","","","","","","","","",""
"60561","2025-09-24 18:30:33 -12","ORDER_CANCEL","CLIENT_REQUEST","","","","","","","","","","","","","","","","",""
"60562","2025-09-24 18:30:33 -12","ORDER_CANCEL","CLIENT_REQUEST","","","","","","","","","","","","","","","","",""
"60563","2025-09-24 18:30:33 -12","ORDER_CANCEL","CLIENT_REQUEST","","","","","","","","","","","","","","","","",""
"60564","2025-09-24 18:30:34 -12","ORDER_CANCEL","CLIENT_REQUEST","","","","","","","","","","","","","","","","",""
"60565","2025-09-24 18:30:34 -12","ORDER_CANCEL","CLIENT_REQUEST","","","","","","","","","","","","","","","","",""
"60566","2025-09-24 18:30:35 -12","MARKET_IF_TOUCHED_ORDER","CLIENT_ORDER","EUR/USD","1.17548","1000.00","Buy","","1.17496","","1.17583","","","","","","","","",""
"60567","2025-09-24 18:30:36 -12","MARKET_IF_TOUCHED_ORDER","CLIENT_ORDER","EUR/USD","1.17440","1000.00","Sell","","1.17492","","1.17405","","","","","","","","",""
"60568","2025-09-24 18:30:36 -12","MARKET_IF_TOUCHED_ORDER","CLIENT_ORDER","EUR/USD","1.17598","1000.00","Buy","","1.17546","","1.17633","","","","","","","","",""
"60569","2025-09-24 18:30:36 -12","MARKET_IF_TOUCHED_ORDER","CLIENT_ORDER","EUR/USD","1.17390","1000.00","Sell","","1.17442","","1.17355","","","","","","","","",""
"60570","2025-09-24 18:30:36 -12","MARKET_IF_TOUCHED_ORDER","CLIENT_ORDER","EUR/USD","1.17648","1000.00","Buy","","1.17596","","1.17683","","","","","","","","",""
"60571","2025-09-24 18:30:37 -12","MARKET_IF_TOUCHED_ORDER","CLIENT_ORDER","EUR/USD","1.17340","1000.00","Sell","","1.17392","","1.17305","","","","","","","","",""
"60572","2025-09-24 18:30:37 -12","MARKET_IF_TOUCHED_ORDER","CLIENT_ORDER","EUR/USD","1.17698","1000.00","Buy","","1.17646","","1.17733","","","","","","","","",""
"60573","2025-09-24 18:30:37 -12","MARKET_IF_TOUCHED_ORDER","CLIENT_ORDER","EUR/USD","1.17290","1000.00","Sell","","1.17342","","1.17255","","","","","","","","",""
"60574","2025-09-24 18:30:37 -12","MARKET_IF_TOUCHED_ORDER","CLIENT_ORDER","EUR/USD","1.17748","1000.00","Buy","","1.17696","","1.17783","","","","","","","","",""
"60575","2025-09-24 18:30:38 -12","MARKET_IF_TOUCHED_ORDER","CLIENT_ORDER","EUR/USD","1.17240","1000.00","Sell","","1.17292","","1.17205","","","","","","","","",""
"60576","2025-09-24 18:32:38 -12","ORDER_CANCEL","CLIENT_REQUEST","","","","","","","","","","","","","","","","",""
"60577","2025-09-24 18:32:38 -12","ORDER_CANCEL","CLIENT_REQUEST","","","","","","","","","","","","","","","","",""
"60578","2025-09-24 18:32:39 -12","ORDER_CANCEL","CLIENT_REQUEST","","","","","","","","","","","","","","","","",""
"60579","2025-09-24 18:32:39 -12","ORDER_CANCEL","CLIENT_REQUEST","","","","","","","","","","","","","","","","",""
"60580","2025-09-24 18:32:39 -12","ORDER_CANCEL","CLIENT_REQUEST","","","","","","","","","","","","","","","","",""
"60581","2025-09-24 18:32:39 -12","ORDER_CANCEL","CLIENT_REQUEST","","","","","","","","","","","","","","","","",""
"60582","2025-09-24 18:32:40 -12","ORDER_CANCEL","CLIENT_REQUEST","","","","","","","","","","","","","","","","",""
"60583","2025-09-24 18:32:40 -12","ORDER_CANCEL","CLIENT_REQUEST","","","","","","","","","","","","","","","","",""
"60584","2025-09-24 18:32:40 -12","ORDER_CANCEL","CLIENT_REQUEST","","","","","","","","","","","","","","","","",""
"60585","2025-09-24 18:32:40 -12","ORDER_CANCEL","CLIENT_REQUEST","","","","","","","","","","","","","","","","",""
"60586","2025-09-24 18:32:42 -12","MARKET_IF_TOUCHED_ORDER","CLIENT_ORDER","EUR/USD","1.17548","1000.00","Buy","","1.17496","","1.17583","","","","","","","","",""
"60587","2025-09-24 18:32:42 -12","MARKET_IF_TOUCHED_ORDER","CLIENT_ORDER","EUR/USD","1.17440","1000.00","Sell","","1.17492","","1.17405","","","","","","","","",""
"60588","2025-09-24 18:32:42 -12","MARKET_IF_TOUCHED_ORDER","CLIENT_ORDER","EUR/USD","1.17598","1000.00","Buy","","1.17546","","1.17633","","","","","","","","",""
"60589","2025-09-24 18:32:42 -12","MARKET_IF_TOUCHED_ORDER","CLIENT_ORDER","EUR/USD","1.17390","1000.00","Sell","","1.17442","","1.17355","","","","","","","","",""
"60590","2025-09-24 18:32:43 -12","MARKET_IF_TOUCHED_ORDER","CLIENT_ORDER","EUR/USD","1.17648","1000.00","Buy","","1.17596","","1.17683","","","","","","","","",""
"60591","2025-09-24 18:32:43 -12","MARKET_IF_TOUCHED_ORDER","CLIENT_ORDER","EUR/USD","1.17340","1000.00","Sell","","1.17392","","1.17305","","","","","","","","",""
"60592","2025-09-24 18:32:43 -12","MARKET_IF_TOUCHED_ORDER","CLIENT_ORDER","EUR/USD","1.17698","1000.00","Buy","","1.17646","","1.17733","","","","","","","","",""
"60593","2025-09-24 18:32:43 -12","MARKET_IF_TOUCHED_ORDER","CLIENT_ORDER","EUR/USD","1.17290","1000.00","Sell","","1.17342","","1.17255","","","","","","","","",""
"60594","2025-09-24 18:32:44 -12","MARKET_IF_TOUCHED_ORDER","CLIENT_ORDER","EUR/USD","1.17748","1000.00","Buy","","1.17696","","1.17783","","","","","","","","",""
"60595","2025-09-24 18:32:44 -12","MARKET_IF_TOUCHED_ORDER","CLIENT_ORDER","EUR/USD","1.17240","1000.00","Sell","","1.17292","","1.17205","","","","","","","","",""
"60596","2025-09-24 18:34:44 -12","ORDER_CANCEL","CLIENT_REQUEST","","","","","","","","","","","","","","","","",""
"60597","2025-09-24 18:34:45 -12","ORDER_CANCEL","CLIENT_REQUEST","","","","","","","","","","","","","","","","",""
"60598","2025-09-24 18:34:45 -12","ORDER_CANCEL","CLIENT_REQUEST","","","","","","","","","","","","","","","","",""
"60599","2025-09-24 18:34:45 -12","ORDER_CANCEL","CLIENT_REQUEST","","","","","","","","","","","","","","","","",""
"60600","2025-09-24 18:34:45 -12","ORDER_CANCEL","CLIENT_REQUEST","","","","","","","","","","","","","","","","",""
"60601","2025-09-24 18:34:46 -12","ORDER_CANCEL","CLIENT_REQUEST","","","","","","","","","","","","","","","","",""
"60602","2025-09-24 18:34:46 -12","ORDER_CANCEL","CLIENT_REQUEST","","","","","","","","","","","","","","","","",""
"60603","2025-09-24 18:34:46 -12","ORDER_CANCEL","CLIENT_REQUEST","","","","","","","","","","","","","","","","",""
"60604","2025-09-24 18:34:47 -12","ORDER_CANCEL","CLIENT_REQUEST","","","","","","","","","","","","","","","","",""
"60605","2025-09-24 18:34:47 -12","ORDER_CANCEL","CLIENT_REQUEST","","","","","","","","","","","","","","","","",""
"60606","2025-09-24 18:34:48 -12","MARKET_IF_TOUCHED_ORDER","CLIENT_ORDER","EUR/USD","1.17548","1000.00","Buy","","1.17496","","1.17583","","","","","","","","",""
"60607","2025-09-24 18:34:48 -12","MARKET_IF_TOUCHED_ORDER","CLIENT_ORDER","EUR/USD","1.17440","1000.00","Sell","","1.17492","","1.17405","","","","","","","","",""
"60608","2025-09-24 18:34:49 -12","MARKET_IF_TOUCHED_ORDER","CLIENT_ORDER","EUR/USD","1.17598","1000.00","Buy","","1.17546","","1.17633","","","","","","","","",""
"60609","2025-09-24 18:34:49 -12","MARKET_IF_TOUCHED_ORDER","CLIENT_ORDER","EUR/USD","1.17390","1000.00","Sell","","1.17442","","1.17355","","","","","","","","",""
"60610","2025-09-24 18:34:49 -12","MARKET_IF_TOUCHED_ORDER","CLIENT_ORDER","EUR/USD","1.17648","1000.00","Buy","","1.17596","","1.17683","","","","","","","","",""
"60611","2025-09-24 18:34:49 -12","MARKET_IF_TOUCHED_ORDER","CLIENT_ORDER","EUR/USD","1.17340","1000.00","Sell","","1.17392","","1.17305","","","","","","","","",""
"60612","2025-09-24 18:34:50 -12","MARKET_IF_TOUCHED_ORDER","CLIENT_ORDER","EUR/USD","1.17698","1000.00","Buy","","1.17646","","1.17733","","","","","","","","",""
"60613","2025-09-24 18:34:50 -12","MARKET_IF_TOUCHED_ORDER","CLIENT_ORDER","EUR/USD","1.17290","1000.00","Sell","","1.17342","","1.17255","","","","","","","","",""
"60614","2025-09-24 18:34:50 -12","MARKET_IF_TOUCHED_ORDER","CLIENT_ORDER","EUR/USD","1.17748","1000.00","Buy","","1.17696","","1.17783","","","","","","","","",""
"60615","2025-09-24 18:34:50 -12","MARKET_IF_TOUCHED_ORDER","CLIENT_ORDER","EUR/USD","1.17240","1000.00","Sell","","1.17292","","1.17205","","","","","","","","",""
"60616","2025-09-24 18:36:51 -12","ORDER_CANCEL","CLIENT_REQUEST","","","","","","","","","","","","","","","","",""
"60617","2025-09-24 18:36:51 -12","ORDER_CANCEL","CLIENT_REQUEST","","","","","","","","","","","","","","","","",""
"60618","2025-09-24 18:36:51 -12","ORDER_CANCEL","CLIENT_REQUEST","","","","","","","","","","","","","","","","",""
"60619","2025-09-24 18:36:52 -12","ORDER_CANCEL","CLIENT_REQUEST","","","","","","","","","","","","","","","","",""
"60620","2025-09-24 18:36:52 -12","ORDER_CANCEL","CLIENT_REQUEST","","","","","","","","","","","","","","","","",""
"60621","2025-09-24 18:36:52 -12","ORDER_CANCEL","CLIENT_REQUEST","","","","","","","","","","","","","","","","",""
"60622","2025-09-24 18:36:52 -12","ORDER_CANCEL","CLIENT_REQUEST","","","","","","","","","","","","","","","","",""
"60623","2025-09-24 18:36:53 -12","ORDER_CANCEL","CLIENT_REQUEST","","","","","","","","","","","","","","","","",""
"60624","2025-09-24 18:36:53 -12","ORDER_CANCEL","CLIENT_REQUEST","","","","","","","","","","","","","","","","",""
"60625","2025-09-24 18:36:53 -12","ORDER_CANCEL","CLIENT_REQUEST","","","","","","","","","","","","","","","","",""
"60626","2025-09-24 18:36:55 -12","MARKET_IF_TOUCHED_ORDER","CLIENT_ORDER","EUR/USD","1.17548","1000.00","Buy","","1.17492","","1.17585","","","","","","","","",""
"60627","2025-09-24 18:36:55 -12","MARKET_IF_TOUCHED_ORDER","CLIENT_ORDER","EUR/USD","1.17440","1000.00","Sell","","1.17496","","1.17403","","","","","","","","",""
"60628","2025-09-24 18:36:55 -12","MARKET_IF_TOUCHED_ORDER","CLIENT_ORDER","EUR/USD","1.17598","1000.00","Buy","","1.17542","","1.17635","","","","","","","","",""
"60629","2025-09-24 18:36:55 -12","MARKET_IF_TOUCHED_ORDER","CLIENT_ORDER","EUR/USD","1.17390","1000.00","Sell","","1.17446","","1.17353","","","","","","","","",""
"60630","2025-09-24 18:36:56 -12","MARKET_IF_TOUCHED_ORDER","CLIENT_ORDER","EUR/USD","1.17648","1000.00","Buy","","1.17592","","1.17685","","","","","","","","",""
"60631","2025-09-24 18:36:56 -12","MARKET_IF_TOUCHED_ORDER","CLIENT_ORDER","EUR/USD","1.17340","1000.00","Sell","","1.17396","","1.17303","","","","","","","","",""
"60632","2025-09-24 18:36:56 -12","MARKET_IF_TOUCHED_ORDER","CLIENT_ORDER","EUR/USD","1.17698","1000.00","Buy","","1.17642","","1.17735","","","","","","","","",""
"60633","2025-09-24 18:36:56 -12","MARKET_IF_TOUCHED_ORDER","CLIENT_ORDER","EUR/USD","1.17290","1000.00","Sell","","1.17346","","1.17253","","","","","","","","",""
"60634","2025-09-24 18:36:57 -12","MARKET_IF_TOUCHED_ORDER","CLIENT_ORDER","EUR/USD","1.17748","1000.00","Buy","","1.17692","","1.17785","","","","","","","","",""
"60635","2025-09-24 18:36:57 -12","MARKET_IF_TOUCHED_ORDER","CLIENT_ORDER","EUR/USD","1.17240","1000.00","Sell","","1.17296","","1.17203","","","","","","","","",""
"60636","2025-09-24 18:38:57 -12","ORDER_CANCEL","CLIENT_REQUEST","","","","","","","","","","","","","","","","",""
"60637","2025-09-24 18:38:58 -12","ORDER_CANCEL","CLIENT_REQUEST","","","","","","","","","","","","","","","","",""
"60638","2025-09-24 18:38:58 -12","ORDER_CANCEL","CLIENT_REQUEST","","","","","","","","","","","","","","","","",""
"60639","2025-09-24 18:38:58 -12","ORDER_CANCEL","CLIENT_REQUEST","","","","","","","","","","","","","","","","",""
"60640","2025-09-24 18:38:59 -12","ORDER_CANCEL","CLIENT_REQUEST","","","","","","","","","","","","","","","","",""
"60641","2025-09-24 18:38:59 -12","ORDER_CANCEL","CLIENT_REQUEST","","","","","","","","","","","","","","","","",""
"60642","2025-09-24 18:38:59 -12","ORDER_CANCEL","CLIENT_REQUEST","","","","","","","","","","","","","","","","",""
"60643","2025-09-24 18:39:00 -12","ORDER_CANCEL","CLIENT_REQUEST","","","","","","","","","","","","","","","","",""
"60644","2025-09-24 18:39:00 -12","ORDER_CANCEL","CLIENT_REQUEST","","","","","","","","","","","","","","","","",""
"60645","2025-09-24 18:39:00 -12","ORDER_CANCEL","CLIENT_REQUEST","","","","","","","","","","","","","","","","",""
"60646","2025-09-24 18:39:01 -12","MARKET_IF_TOUCHED_ORDER","CLIENT_ORDER","EUR/USD","1.17548","1000.00","Buy","","1.17492","","1.17585","","","","","","","","",""
"60647","2025-09-24 18:39:02 -12","MARKET_IF_TOUCHED_ORDER","CLIENT_ORDER","EUR/USD","1.17440","1000.00","Sell","","1.17496","","1.17403","","","","","","","","",""
"60648","2025-09-24 18:39:02 -12","MARKET_IF_TOUCHED_ORDER","CLIENT_ORDER","EUR/USD","1.17598","1000.00","Buy","","1.17542","","1.17635","","","","","","","","",""
"60649","2025-09-24 18:39:02 -12","MARKET_IF_TOUCHED_ORDER","CLIENT_ORDER","EUR/USD","1.17390","1000.00","Sell","","1.17446","","1.17353","","","","","","","","",""
"60650","2025-09-24 18:39:03 -12","MARKET_IF_TOUCHED_ORDER","CLIENT_ORDER","EUR/USD","1.17648","1000.00","Buy","","1.17592","","1.17685","","","","","","","","",""
"60651","2025-09-24 18:39:03 -12","MARKET_IF_TOUCHED_ORDER","CLIENT_ORDER","EUR/USD","1.17340","1000.00","Sell","","1.17396","","1.17303","","","","","","","","",""
"60652","2025-09-24 18:39:03 -12","MARKET_IF_TOUCHED_ORDER","CLIENT_ORDER","EUR/USD","1.17698","1000.00","Buy","","1.17642","","1.17735","","","","","","","","",""
"60653","2025-09-24 18:39:03 -12","MARKET_IF_TOUCHED_ORDER","CLIENT_ORDER","EUR/USD","1.17290","1000.00","Sell","","1.17346","","1.17253","","","","","","","","",""
"60654","2025-09-24 18:39:03 -12","MARKET_IF_TOUCHED_ORDER","CLIENT_ORDER","EUR/USD","1.17748","1000.00","Buy","","1.17692","","1.17785","","","","","","","","",""
"60655","2025-09-24 18:39:04 -12","MARKET_IF_TOUCHED_ORDER","CLIENT_ORDER","EUR/USD","1.17240","1000.00","Sell","","1.17296","","1.17203","","","","","","","","",""
"60656","2025-09-24 18:41:05 -12","ORDER_CANCEL","CLIENT_REQUEST","","","","","","","","","","","","","","","","",""
"60657","2025-09-24 18:41:05 -12","ORDER_CANCEL","CLIENT_REQUEST","","","","","","","","","","","","","","","","",""
"60658","2025-09-24 18:41:06 -12","ORDER_CANCEL","CLIENT_REQUEST","","","","","","","","","","","","","","","","",""
"60659","2025-09-24 18:41:06 -12","ORDER_CANCEL","CLIENT_REQUEST","","","","","","","","","","","","","","","","",""
"60660","2025-09-24 18:41:07 -12","ORDER_CANCEL","CLIENT_REQUEST","","","","","","","","","","","","","","","","",""
"60661","2025-09-24 18:41:07 -12","ORDER_CANCEL","CLIENT_REQUEST","","","","","","","","","","","","","","","","",""
"60662","2025-09-24 18:41:07 -12","ORDER_CANCEL","CLIENT_REQUEST","","","","","","","","","","","","","","","","",""
"60663","2025-09-24 18:41:07 -12","ORDER_CANCEL","CLIENT_REQUEST","","","","","","","","","","","","","","","","",""
"60664","2025-09-24 18:41:08 -12","ORDER_CANCEL","CLIENT_REQUEST","","","","","","","","","","","","","","","","",""
"60665","2025-09-24 18:41:08 -12","ORDER_CANCEL","CLIENT_REQUEST","","","","","","","","","","","","","","","","",""
"60666","2025-09-24 18:41:10 -12","MARKET_IF_TOUCHED_ORDER","CLIENT_ORDER","EUR/USD","1.17548","1000.00","Buy","","1.17488","","1.17588","","","","","","","","",""
"60667","2025-09-24 18:41:10 -12","MARKET_IF_TOUCHED_ORDER","CLIENT_ORDER","EUR/USD","1.17440","1000.00","Sell","","1.17500","","1.17400","","","","","","","","",""
"60668","2025-09-24 18:41:11 -12","MARKET_IF_TOUCHED_ORDER","CLIENT_ORDER","EUR/USD","1.17598","1000.00","Buy","","1.17538","","1.17638","","","","","","","","",""
"60669","2025-09-24 18:41:11 -12","MARKET_IF_TOUCHED_ORDER","CLIENT_ORDER","EUR/USD","1.17390","1000.00","Sell","","1.17450","","1.17350","","","","","","","","",""
"60670","2025-09-24 18:41:11 -12","MARKET_IF_TOUCHED_ORDER","CLIENT_ORDER","EUR/USD","1.17648","1000.00","Buy","","1.17588","","1.17688","","","","","","","","",""
"60671","2025-09-24 18:41:11 -12","MARKET_IF_TOUCHED_ORDER","CLIENT_ORDER","EUR/USD","1.17340","1000.00","Sell","","1.17400","","1.17300","","","","","","","","",""
"60672","2025-09-24 18:41:11 -12","MARKET_IF_TOUCHED_ORDER","CLIENT_ORDER","EUR/USD","1.17698","1000.00","Buy","","1.17638","","1.17738","","","","","","","","",""
"60673","2025-09-24 18:41:12 -12","MARKET_IF_TOUCHED_ORDER","CLIENT_ORDER","EUR/USD","1.17290","1000.00","Sell","","1.17350","","1.17250","","","","","","","","",""
"60674","2025-09-24 18:41:12 -12","MARKET_IF_TOUCHED_ORDER","CLIENT_ORDER","EUR/USD","1.17748","1000.00","Buy","","1.17688","","1.17788","","","","","","","","",""
"60675","2025-09-24 18:41:12 -12","MARKET_IF_TOUCHED_ORDER","CLIENT_ORDER","EUR/USD","1.17240","1000.00","Sell","","1.17300","","1.17200","","","","","","","","",""
"60676","2025-09-24 18:43:13 -12","ORDER_CANCEL","CLIENT_REQUEST","","","","","","","","","","","","","","","","",""
"60677","2025-09-24 18:43:13 -12","ORDER_CANCEL","CLIENT_REQUEST","","","","","","","","","","","","","","","","",""
"60678","2025-09-24 18:43:13 -12","ORDER_CANCEL","CLIENT_REQUEST","","","","","","","","","","","","","","","","",""
"60679","2025-09-24 18:43:14 -12","ORDER_CANCEL","CLIENT_REQUEST","","","","","","","","","","","","","","","","",""
"60680","2025-09-24 18:43:14 -12","ORDER_CANCEL","CLIENT_REQUEST","","","","","","","","","","","","","","","","",""
"60681","2025-09-24 18:43:14 -12","ORDER_CANCEL","CLIENT_REQUEST","","","","","","","","","","","","","","","","",""
"60682","2025-09-24 18:43:14 -12","ORDER_CANCEL","CLIENT_REQUEST","","","","","","","","","","","","","","","","",""
"60683","2025-09-24 18:43:15 -12","ORDER_CANCEL","CLIENT_REQUEST","","","","","","","","","","","","","","","","",""
"60684","2025-09-24 18:43:15 -12","ORDER_CANCEL","CLIENT_REQUEST","","","","","","","","","","","","","","","","",""
"60685","2025-09-24 18:43:15 -12","ORDER_CANCEL","CLIENT_REQUEST","","","","","","","","","","","","","","","","",""
"60686","2025-09-24 18:43:16 -12","MARKET_IF_TOUCHED_ORDER","CLIENT_ORDER","EUR/USD","1.17548","1000.00","Buy","","1.17488","","1.17588","","","","","","","","",""
"60687","2025-09-24 18:43:17 -12","MARKET_IF_TOUCHED_ORDER","CLIENT_ORDER","EUR/USD","1.17440","1000.00","Sell","","1.17500","","1.17400","","","","","","","","",""
"60688","2025-09-24 18:43:17 -12","MARKET_IF_TOUCHED_ORDER","CLIENT_ORDER","EUR/USD","1.17598","1000.00","Buy","","1.17538","","1.17638","","","","","","","","",""
"60689","2025-09-24 18:43:17 -12","MARKET_IF_TOUCHED_ORDER","CLIENT_ORDER","EUR/USD","1.17390","1000.00","Sell","","1.17450","","1.17350","","","","","","","","",""
"60690","2025-09-24 18:43:17 -12","MARKET_IF_TOUCHED_ORDER","CLIENT_ORDER","EUR/USD","1.17648","1000.00","Buy","","1.17588","","1.17688","","","","","","","","",""
"60691","2025-09-24 18:43:18 -12","MARKET_IF_TOUCHED_ORDER","CLIENT_ORDER","EUR/USD","1.17340","1000.00","Sell","","1.17400","","1.17300","","","","","","","","",""
"60692","2025-09-24 18:43:18 -12","MARKET_IF_TOUCHED_ORDER","CLIENT_ORDER","EUR/USD","1.17698","1000.00","Buy","","1.17638","","1.17738","","","","","","","","",""
"60693","2025-09-24 18:43:18 -12","MARKET_IF_TOUCHED_ORDER","CLIENT_ORDER","EUR/USD","1.17290","1000.00","Sell","","1.17350","","1.17250","","","","","","","","",""
"60694","2025-09-24 18:43:18 -12","MARKET_IF_TOUCHED_ORDER","CLIENT_ORDER","EUR/USD","1.17748","1000.00","Buy","","1.17688","","1.17788","","","","","","","","",""
"60695","2025-09-24 18:43:19 -12","MARKET_IF_TOUCHED_ORDER","CLIENT_ORDER","EUR/USD","1.17240","1000.00","Sell","","1.17300","","1.17200","","","","","","","","",""
"60696","2025-09-24 18:45:21 -12","ORDER_CANCEL","CLIENT_REQUEST","","","","","","","","","","","","","","","","",""
"60697","2025-09-24 18:45:21 -12","ORDER_CANCEL","CLIENT_REQUEST","","","","","","","","","","","","","","","","",""
"60698","2025-09-24 18:45:21 -12","ORDER_CANCEL","CLIENT_REQUEST","","","","","","","","","","","","","","","","",""
"60699","2025-09-24 18:45:22 -12","ORDER_CANCEL","CLIENT_REQUEST","","","","","","","","","","","","","","","","",""
"60700","2025-09-24 18:45:22 -12","ORDER_CANCEL","CLIENT_REQUEST","","","","","","","","","","","","","","","","",""
"60701","2025-09-24 18:45:22 -12","ORDER_CANCEL","CLIENT_REQUEST","","","","","","","","","","","","","","","","",""
"60702","2025-09-24 18:45:22 -12","ORDER_CANCEL","CLIENT_REQUEST","","","","","","","","","","","","","","","","",""
"60703","2025-09-24 18:45:23 -12","ORDER_CANCEL","CLIENT_REQUEST","","","","","","","","","","","","","","","","",""
"60704","2025-09-24 18:45:23 -12","ORDER_CANCEL","CLIENT_REQUEST","","","","","","","","","","","","","","","","",""
"60705","2025-09-24 18:45:23 -12","ORDER_CANCEL","CLIENT_REQUEST","","","","","","","","","","","","","","","","",""
"60706","2025-09-24 18:45:24 -12","MARKET_IF_TOUCHED_ORDER","CLIENT_ORDER","EUR/USD","1.17548","1000.00","Buy","","1.17487","","1.17588","","","","","","","","",""
"60707","2025-09-24 18:45:25 -12","MARKET_IF_TOUCHED_ORDER","CLIENT_ORDER","EUR/USD","1.17440","1000.00","Sell","","1.17501","","1.17400","","","","","","","","",""
"60708","2025-09-24 18:45:25 -12","MARKET_IF_TOUCHED_ORDER","CLIENT_ORDER","EUR/USD","1.17598","1000.00","Buy","","1.17537","","1.17638","","","","","","","","",""
"60709","2025-09-24 18:45:25 -12","MARKET_IF_TOUCHED_ORDER","CLIENT_ORDER","EUR/USD","1.17390","1000.00","Sell","","1.17451","","1.17350","","","","","","","","",""
"60710","2025-09-24 18:45:25 -12","MARKET_IF_TOUCHED_ORDER","CLIENT_ORDER","EUR/USD","1.17648","1000.00","Buy","","1.17587","","1.17688","","","","","","","","",""
"60711","2025-09-24 18:45:26 -12","MARKET_IF_TOUCHED_ORDER","CLIENT_ORDER","EUR/USD","1.17340","1000.00","Sell","","1.17401","","1.17300","","","","","","","","",""
"60712","2025-09-24 18:45:26 -12","MARKET_IF_TOUCHED_ORDER","CLIENT_ORDER","EUR/USD","1.17698","1000.00","Buy","","1.17637","","1.17738","","","","","","","","",""
"60713","2025-09-24 18:45:26 -12","MARKET_IF_TOUCHED_ORDER","CLIENT_ORDER","EUR/USD","1.17290","1000.00","Sell","","1.17351","","1.17250","","","","","","","","",""
"60714","2025-09-24 18:45:26 -12","MARKET_IF_TOUCHED_ORDER","CLIENT_ORDER","EUR/USD","1.17748","1000.00","Buy","","1.17687","","1.17788","","","","","","","","",""
"60715","2025-09-24 18:45:27 -12","MARKET_IF_TOUCHED_ORDER","CLIENT_ORDER","EUR/USD","1.17240","1000.00","Sell","","1.17301","","1.17200","","","","","","","","",""
"60716","2025-09-24 18:47:27 -12","ORDER_CANCEL","CLIENT_REQUEST","","","","","","","","","","","","","","","","",""
"60717","2025-09-24 18:47:28 -12","ORDER_CANCEL","CLIENT_REQUEST","","","","","","","","","","","","","","","","",""
"60718","2025-09-24 18:47:28 -12","ORDER_CANCEL","CLIENT_REQUEST","","","","","","","","","","","","","","","","",""
"60719","2025-09-24 18:47:28 -12","ORDER_CANCEL","CLIENT_REQUEST","","","","","","","","","","","","","","","","",""
"60720","2025-09-24 18:47:28 -12","ORDER_CANCEL","CLIENT_REQUEST","","","","","","","","","","","","","","","","",""
"60721","2025-09-24 18:47:29 -12","ORDER_CANCEL","CLIENT_REQUEST","","","","","","","","","","","","","","","","",""
"60722","2025-09-24 18:47:29 -12","ORDER_CANCEL","CLIENT_REQUEST","","","","","","","","","","","","","","","","",""
"60723","2025-09-24 18:47:29 -12","ORDER_CANCEL","CLIENT_REQUEST","","","","","","","","","","","","","","","","",""
"60724","2025-09-24 18:47:29 -12","ORDER_CANCEL","CLIENT_REQUEST","","","","","","","","","","","","","","","","",""
"60725","2025-09-24 18:47:30 -12","ORDER_CANCEL","CLIENT_REQUEST","","","","","","","","","","","","","","","","",""
"60726","2025-09-24 18:47:34 -12","MARKET_IF_TOUCHED_ORDER","CLIENT_ORDER","EUR/USD","1.17548","1000.00","Buy","","1.17487","","1.17588","","","","","","","","",""
"60727","2025-09-24 18:47:35 -12","MARKET_IF_TOUCHED_ORDER","CLIENT_ORDER","EUR/USD","1.17440","1000.00","Sell","","1.17501","","1.17400","","","","","","","","",""
"60728","2025-09-24 18:47:35 -12","MARKET_IF_TOUCHED_ORDER","CLIENT_ORDER","EUR/USD","1.17598","1000.00","Buy","","1.17537","","1.17638","","","","","","","","",""
"60729","2025-09-24 18:47:35 -12","MARKET_IF_TOUCHED_ORDER","CLIENT_ORDER","EUR/USD","1.17390","1000.00","Sell","","1.17451","","1.17350","","","","","","","","",""
"60730","2025-09-24 18:47:35 -12","MARKET_IF_TOUCHED_ORDER","CLIENT_ORDER","EUR/USD","1.17648","1000.00","Buy","","1.17587","","1.17688","","","","","","","","",""
"60731","2025-09-24 18:47:36 -12","MARKET_IF_TOUCHED_ORDER","CLIENT_ORDER","EUR/USD","1.17340","1000.00","Sell","","1.17401","","1.17300","","","","","","","","",""
"60732","2025-09-24 18:47:36 -12","MARKET_IF_TOUCHED_ORDER","CLIENT_ORDER","EUR/USD","1.17698","1000.00","Buy","","1.17637","","1.17738","","","","","","","","",""
"60733","2025-09-24 18:47:36 -12","MARKET_IF_TOUCHED_ORDER","CLIENT_ORDER","EUR/USD","1.17290","1000.00","Sell","","1.17351","","1.17250","","","","","","","","",""
"60734","2025-09-24 18:47:36 -12","MARKET_IF_TOUCHED_ORDER","CLIENT_ORDER","EUR/USD","1.17748","1000.00","Buy","","1.17687","","1.17788","","","","","","","","",""
"60735","2025-09-24 18:47:37 -12","MARKET_IF_TOUCHED_ORDER","CLIENT_ORDER","EUR/USD","1.17240","1000.00","Sell","","1.17301","","1.17200","","","","","","","","",""
"60736","2025-09-24 18:49:37 -12","ORDER_CANCEL","CLIENT_REQUEST","","","","","","","","","","","","","","","","",""
"60737","2025-09-24 18:49:37 -12","ORDER_CANCEL","CLIENT_REQUEST","","","","","","","","","","","","","","","","",""
"60738","2025-09-24 18:49:38 -12","ORDER_CANCEL","CLIENT_REQUEST","","","","","","","","","","","","","","","","",""
"60739","2025-09-24 18:49:38 -12","ORDER_CANCEL","CLIENT_REQUEST","","","","","","","","","","","","","","","","",""
"60740","2025-09-24 18:49:38 -12","ORDER_CANCEL","CLIENT_REQUEST","","","","","","","","","","","","","","","","",""
"60741","2025-09-24 18:49:38 -12","ORDER_CANCEL","CLIENT_REQUEST","","","","","","","","","","","","","","","","",""
"60742","2025-09-24 18:49:39 -12","ORDER_CANCEL","CLIENT_REQUEST","","","","","","","","","","","","","","","","",""
"60743","2025-09-24 18:49:39 -12","ORDER_CANCEL","CLIENT_REQUEST","","","","","","","","","","","","","","","","",""
"60744","2025-09-24 18:49:39 -12","ORDER_CANCEL","CLIENT_REQUEST","","","","","","","","","","","","","","","","",""
"60745","2025-09-24 18:49:39 -12","ORDER_CANCEL","CLIENT_REQUEST","","","","","","","","","","","","","","","","",""
"60746","2025-09-24 18:49:41 -12","MARKET_IF_TOUCHED_ORDER","CLIENT_ORDER","EUR/USD","1.17548","1000.00","Buy","","1.17487","","1.17588","","","","","","","","",""
"60747","2025-09-24 18:49:41 -12","MARKET_IF_TOUCHED_ORDER","CLIENT_ORDER","EUR/USD","1.17440","1000.00","Sell","","1.17501","","1.17400","","","","","","","","",""
"60748","2025-09-24 18:49:41 -12","MARKET_IF_TOUCHED_ORDER","CLIENT_ORDER","EUR/USD","1.17598","1000.00","Buy","","1.17537","","1.17638","","","","","","","","",""
"60749","2025-09-24 18:49:41 -12","MARKET_IF_TOUCHED_ORDER","CLIENT_ORDER","EUR/USD","1.17390","1000.00","Sell","","1.17451","","1.17350","","","","","","","","",""
"60750","2025-09-24 18:49:42 -12","MARKET_IF_TOUCHED_ORDER","CLIENT_ORDER","EUR/USD","1.17648","1000.00","Buy","","1.17587","","1.17688","","","","","","","","",""
"60751","2025-09-24 18:49:42 -12","MARKET_IF_TOUCHED_ORDER","CLIENT_ORDER","EUR/USD","1.17340","1000.00","Sell","","1.17401","","1.17300","","","","","","","","",""
"60752","2025-09-24 18:49:42 -12","MARKET_IF_TOUCHED_ORDER","CLIENT_ORDER","EUR/USD","1.17698","1000.00","Buy","","1.17637","","1.17738","","","","","","","","",""
"60753","2025-09-24 18:49:42 -12","MARKET_IF_TOUCHED_ORDER","CLIENT_ORDER","EUR/USD","1.17290","1000.00","Sell","","1.17351","","1.17250","","","","","","","","",""
"60754","2025-09-24 18:49:43 -12","MARKET_IF_TOUCHED_ORDER","CLIENT_ORDER","EUR/USD","1.17748","1000.00","Buy","","1.17687","","1.17788","","","","","","","","",""
"60755","2025-09-24 18:49:43 -12","MARKET_IF_TOUCHED_ORDER","CLIENT_ORDER","EUR/USD","1.17240","1000.00","Sell","","1.17301","","1.17200","","","","","","","","",""
"60756","2025-09-24 18:51:44 -12","ORDER_CANCEL","CLIENT_REQUEST","","","","","","","","","","","","","","","","",""
"60757","2025-09-24 18:51:44 -12","ORDER_CANCEL","CLIENT_REQUEST","","","","","","","","","","","","","","","","",""
"60758","2025-09-24 18:51:44 -12","ORDER_CANCEL","CLIENT_REQUEST","","","","","","","","","","","","","","","","",""
"60759","2025-09-24 18:51:44 -12","ORDER_CANCEL","CLIENT_REQUEST","","","","","","","","","","","","","","","","",""
"60760","2025-09-24 18:51:45 -12","ORDER_CANCEL","CLIENT_REQUEST","","","","","","","","","","","","","","","","",""
"60761","2025-09-24 18:51:45 -12","ORDER_CANCEL","CLIENT_REQUEST","","","","","","","","","","","","","","","","",""
"60762","2025-09-24 18:51:45 -12","ORDER_CANCEL","CLIENT_REQUEST","","","","","","","","","","","","","","","","",""
"60763","2025-09-24 18:51:45 -12","ORDER_CANCEL","CLIENT_REQUEST","","","","","","","","","","","","","","","","",""
"60764","2025-09-24 18:51:45 -12","ORDER_CANCEL","CLIENT_REQUEST","","","","","","","","","","","","","","","","",""
"60765","2025-09-24 18:51:46 -12","ORDER_CANCEL","CLIENT_REQUEST","","","","","","","","","","","","","","","","",""
"60766","2025-09-24 18:51:47 -12","MARKET_IF_TOUCHED_ORDER","CLIENT_ORDER","EUR/USD","1.17548","1000.00","Buy","","1.17487","","1.17589","","","","","","","","",""
"60767","2025-09-24 18:51:47 -12","MARKET_IF_TOUCHED_ORDER","CLIENT_ORDER","EUR/USD","1.17440","1000.00","Sell","","1.17501","","1.17399","","","","","","","","",""
"60768","2025-09-24 18:51:48 -12","MARKET_IF_TOUCHED_ORDER","CLIENT_ORDER","EUR/USD","1.17598","1000.00","Buy","","1.17537","","1.17639","","","","","","","","",""
"60769","2025-09-24 18:51:48 -12","MARKET_IF_TOUCHED_ORDER","CLIENT_ORDER","EUR/USD","1.17390","1000.00","Sell","","1.17451","","1.17349","","","","","","","","",""
"60770","2025-09-24 18:51:48 -12","MARKET_IF_TOUCHED_ORDER","CLIENT_ORDER","EUR/USD","1.17648","1000.00","Buy","","1.17587","","1.17689","","","","","","","","",""
"60771","2025-09-24 18:51:48 -12","MARKET_IF_TOUCHED_ORDER","CLIENT_ORDER","EUR/USD","1.17340","1000.00","Sell","","1.17401","","1.17299","","","","","","","","",""
"60772","2025-09-24 18:51:49 -12","MARKET_IF_TOUCHED_ORDER","CLIENT_ORDER","EUR/USD","1.17698","1000.00","Buy","","1.17637","","1.17739","","","","","","","","",""
"60773","2025-09-24 18:51:49 -12","MARKET_IF_TOUCHED_ORDER","CLIENT_ORDER","EUR/USD","1.17290","1000.00","Sell","","1.17351","","1.17249","","","","","","","","",""
"60774","2025-09-24 18:51:49 -12","MARKET_IF_TOUCHED_ORDER","CLIENT_ORDER","EUR/USD","1.17748","1000.00","Buy","","1.17687","","1.17789","","","","","","","","",""
"60775","2025-09-24 18:51:49 -12","MARKET_IF_TOUCHED_ORDER","CLIENT_ORDER","EUR/USD","1.17240","1000.00","Sell","","1.17301","","1.17199","","","","","","","","",""
"60776","2025-09-24 18:53:50 -12","ORDER_CANCEL","CLIENT_REQUEST","","","","","","","","","","","","","","","","",""
"60777","2025-09-24 18:53:50 -12","ORDER_CANCEL","CLIENT_REQUEST","","","","","","","","","","","","","","","","",""
"60778","2025-09-24 18:53:50 -12","ORDER_CANCEL","CLIENT_REQUEST","","","","","","","","","","","","","","","","",""
"60779","2025-09-24 18:53:51 -12","ORDER_CANCEL","CLIENT_REQUEST","","","","","","","","","","","","","","","","",""
"60780","2025-09-24 18:53:51 -12","ORDER_CANCEL","CLIENT_REQUEST","","","","","","","","","","","","","","","","",""
"60781","2025-09-24 18:53:51 -12","ORDER_CANCEL","CLIENT_REQUEST","","","","","","","","","","","","","","","","",""
"60782","2025-09-24 18:53:51 -12","ORDER_CANCEL","CLIENT_REQUEST","","","","","","","","","","","","","","","","",""
"60783","2025-09-24 18:53:52 -12","ORDER_CANCEL","CLIENT_REQUEST","","","","","","","","","","","","","","","","",""
"60784","2025-09-24 18:53:52 -12","ORDER_CANCEL","CLIENT_REQUEST","","","","","","","","","","","","","","","","",""
"60785","2025-09-24 18:53:52 -12","ORDER_CANCEL","CLIENT_REQUEST","","","","","","","","","","","","","","","","",""
"60786","2025-09-24 18:53:53 -12","MARKET_IF_TOUCHED_ORDER","CLIENT_ORDER","EUR/USD","1.17548","1000.00","Buy","","1.17487","","1.17589","","","","","","","","",""
"60787","2025-09-24 18:53:54 -12","MARKET_IF_TOUCHED_ORDER","CLIENT_ORDER","EUR/USD","1.17440","1000.00","Sell","","1.17501","","1.17399","","","","","","","","",""
"60788","2025-09-24 18:53:54 -12","MARKET_IF_TOUCHED_ORDER","CLIENT_ORDER","EUR/USD","1.17598","1000.00","Buy","","1.17537","","1.17639","","","","","","","","",""
"60789","2025-09-24 18:53:54 -12","MARKET_IF_TOUCHED_ORDER","CLIENT_ORDER","EUR/USD","1.17390","1000.00","Sell","","1.17451","","1.17349","","","","","","","","",""
"60790","2025-09-24 18:53:54 -12","MARKET_IF_TOUCHED_ORDER","CLIENT_ORDER","EUR/USD","1.17648","1000.00","Buy","","1.17587","","1.17689","","","","","","","","",""
"60791","2025-09-24 18:53:55 -12","MARKET_IF_TOUCHED_ORDER","CLIENT_ORDER","EUR/USD","1.17340","1000.00","Sell","","1.17401","","1.17299","","","","","","","","",""
"60792","2025-09-24 18:53:55 -12","MARKET_IF_TOUCHED_ORDER","CLIENT_ORDER","EUR/USD","1.17698","1000.00","Buy","","1.17637","","1.17739","","","","","","","","",""
"60793","2025-09-24 18:53:55 -12","MARKET_IF_TOUCHED_ORDER","CLIENT_ORDER","EUR/USD","1.17290","1000.00","Sell","","1.17351","","1.17249","","","","","","","","",""
"60794","2025-09-24 18:53:55 -12","MARKET_IF_TOUCHED_ORDER","CLIENT_ORDER","EUR/USD","1.17748","1000.00","Buy","","1.17687","","1.17789","","","","","","","","",""
"60795","2025-09-24 18:53:56 -12","MARKET_IF_TOUCHED_ORDER","CLIENT_ORDER","EUR/USD","1.17240","1000.00","Sell","","1.17301","","1.17199","","","","","","","","",""
"60796","2025-09-24 18:55:57 -12","ORDER_CANCEL","CLIENT_REQUEST","","","","","","","","","","","","","","","","",""
"60797","2025-09-24 18:55:57 -12","ORDER_CANCEL","CLIENT_REQUEST","","","","","","","","","","","","","","","","",""
"60798","2025-09-24 18:55:57 -12","ORDER_CANCEL","CLIENT_REQUEST","","","","","","","","","","","","","","","","",""
"60799","2025-09-24 18:55:57 -12","ORDER_CANCEL","CLIENT_REQUEST","","","","","","","","","","","","","","","","",""
"60800","2025-09-24 18:55:58 -12","ORDER_CANCEL","CLIENT_REQUEST","","","","","","","","","","","","","","","","",""
"60801","2025-09-24 18:55:58 -12","ORDER_CANCEL","CLIENT_REQUEST","","","","","","","","","","","","","","","","",""
"60802","2025-09-24 18:55:58 -12","ORDER_CANCEL","CLIENT_REQUEST","","","","","","","","","","","","","","","","",""
"60803","2025-09-24 18:55:58 -12","ORDER_CANCEL","CLIENT_REQUEST","","","","","","","","","","","","","","","","",""
"60804","2025-09-24 18:55:59 -12","ORDER_CANCEL","CLIENT_REQUEST","","","","","","","","","","","","","","","","",""
"60805","2025-09-24 18:55:59 -12","ORDER_CANCEL","CLIENT_REQUEST","","","","","","","","","","","","","","","","",""
"60806","2025-09-24 18:56:00 -12","MARKET_IF_TOUCHED_ORDER","CLIENT_ORDER","EUR/USD","1.17548","1000.00","Buy","","1.17485","","1.17590","","","","","","","","",""
"60807","2025-09-24 18:56:01 -12","MARKET_IF_TOUCHED_ORDER","CLIENT_ORDER","EUR/USD","1.17440","1000.00","Sell","","1.17503","","1.17398","","","","","","","","",""
"60808","2025-09-24 18:56:01 -12","MARKET_IF_TOUCHED_ORDER","CLIENT_ORDER","EUR/USD","1.17598","1000.00","Buy","","1.17535","","1.17640","","","","","","","","",""
"60809","2025-09-24 18:56:01 -12","MARKET_IF_TOUCHED_ORDER","CLIENT_ORDER","EUR/USD","1.17390","1000.00","Sell","","1.17453","","1.17348","","","","","","","","",""
"60810","2025-09-24 18:56:01 -12","MARKET_IF_TOUCHED_ORDER","CLIENT_ORDER","EUR/USD","1.17648","1000.00","Buy","","1.17585","","1.17690","","","","","","","","",""
"60811","2025-09-24 18:56:02 -12","MARKET_IF_TOUCHED_ORDER","CLIENT_ORDER","EUR/USD","1.17340","1000.00","Sell","","1.17403","","1.17298","","","","","","","","",""
"60812","2025-09-24 18:56:02 -12","MARKET_IF_TOUCHED_ORDER","CLIENT_ORDER","EUR/USD","1.17698","1000.00","Buy","","1.17635","","1.17740","","","","","","","","",""
"60813","2025-09-24 18:56:02 -12","MARKET_IF_TOUCHED_ORDER","CLIENT_ORDER","EUR/USD","1.17290","1000.00","Sell","","1.17353","","1.17248","","","","","","","","",""
"60814","2025-09-24 18:56:02 -12","MARKET_IF_TOUCHED_ORDER","CLIENT_ORDER","EUR/USD","1.17748","1000.00","Buy","","1.17685","","1.17790","","","","","","","","",""
"60815","2025-09-24 18:56:03 -12","MARKET_IF_TOUCHED_ORDER","CLIENT_ORDER","EUR/USD","1.17240","1000.00","Sell","","1.17303","","1.17198","","","","","","","","",""
"60816","2025-09-24 18:58:04 -12","ORDER_CANCEL","CLIENT_REQUEST","","","","","","","","","","","","","","","","",""
"60817","2025-09-24 18:58:04 -12","ORDER_CANCEL","CLIENT_REQUEST","","","","","","","","","","","","","","","","",""
"60818","2025-09-24 18:58:04 -12","ORDER_CANCEL","CLIENT_REQUEST","","","","","","","","","","","","","","","","",""
"60819","2025-09-24 18:58:05 -12","ORDER_CANCEL","CLIENT_REQUEST","","","","","","","","","","","","","","","","",""
"60820","2025-09-24 18:58:05 -12","ORDER_CANCEL","CLIENT_REQUEST","","","","","","","","","","","","","","","","",""
"60821","2025-09-24 18:58:05 -12","ORDER_CANCEL","CLIENT_REQUEST","","","","","","","","","","","","","","","","",""
"60822","2025-09-24 18:58:06 -12","ORDER_CANCEL","CLIENT_REQUEST","","","","","","","","","","","","","","","","",""
"60823","2025-09-24 18:58:06 -12","ORDER_CANCEL","CLIENT_REQUEST","","","","","","","","","","","","","","","","",""
"60824","2025-09-24 18:58:07 -12","ORDER_CANCEL","CLIENT_REQUEST","","","","","","","","","","","","","","","","",""
"60825","2025-09-24 18:58:07 -12","ORDER_CANCEL","CLIENT_REQUEST","","","","","","","","","","","","","","","","",""
"60826","2025-09-24 18:58:08 -12","MARKET_IF_TOUCHED_ORDER","CLIENT_ORDER","EUR/USD","1.17548","1000.00","Buy","","1.17485","","1.17590","","","","","","","","",""
"60827","2025-09-24 18:58:09 -12","MARKET_IF_TOUCHED_ORDER","CLIENT_ORDER","EUR/USD","1.17440","1000.00","Sell","","1.17503","","1.17398","","","","","","","","",""
"60828","2025-09-24 18:58:09 -12","MARKET_IF_TOUCHED_ORDER","CLIENT_ORDER","EUR/USD","1.17598","1000.00","Buy","","1.17535","","1.17640","","","","","","","","",""
"60829","2025-09-24 18:58:09 -12","MARKET_IF_TOUCHED_ORDER","CLIENT_ORDER","EUR/USD","1.17390","1000.00","Sell","","1.17453","","1.17348","","","","","","","","",""
"60830","2025-09-24 18:58:09 -12","MARKET_IF_TOUCHED_ORDER","CLIENT_ORDER","EUR/USD","1.17648","1000.00","Buy","","1.17585","","1.17690","","","","","","","","",""
"60831","2025-09-24 18:58:10 -12","MARKET_IF_TOUCHED_ORDER","CLIENT_ORDER","EUR/USD","1.17340","1000.00","Sell","","1.17403","","1.17298","","","","","","","","",""
"60832","2025-09-24 18:58:10 -12","MARKET_IF_TOUCHED_ORDER","CLIENT_ORDER","EUR/USD","1.17698","1000.00","Buy","","1.17635","","1.17740","","","","","","","","",""
"60833","2025-09-24 18:58:10 -12","MARKET_IF_TOUCHED_ORDER","CLIENT_ORDER","EUR/USD","1.17290","1000.00","Sell","","1.17353","","1.17248","","","","","","","","",""
"60834","2025-09-24 18:58:10 -12","MARKET_IF_TOUCHED_ORDER","CLIENT_ORDER","EUR/USD","1.17748","1000.00","Buy","","1.17685","","1.17790","","","","","","","","",""
"60835","2025-09-24 18:58:11 -12","MARKET_IF_TOUCHED_ORDER","CLIENT_ORDER","EUR/USD","1.17240","1000.00","Sell","","1.17303","","1.17198","","","","","","","","",""
"60836","2025-09-24 19:00:11 -12","ORDER_CANCEL","CLIENT_REQUEST","","","","","","","","","","","","","","","","",""
"60837","2025-09-24 19:00:11 -12","ORDER_CANCEL","CLIENT_REQUEST","","","","","","","","","","","","","","","","",""
"60838","2025-09-24 19:00:12 -12","ORDER_CANCEL","CLIENT_REQUEST","","","","","","","","","","","","","","","","",""
"60839","2025-09-24 19:00:12 -12","ORDER_CANCEL","CLIENT_REQUEST","","","","","","","","","","","","","","","","",""
"60840","2025-09-24 19:00:12 -12","ORDER_CANCEL","CLIENT_REQUEST","","","","","","","","","","","","","","","","",""
"60841","2025-09-24 19:00:13 -12","ORDER_CANCEL","CLIENT_REQUEST","","","","","","","","","","","","","","","","",""
"60842","2025-09-24 19:00:13 -12","ORDER_CANCEL","CLIENT_REQUEST","","","","","","","","","","","","","","","","",""
"60843","2025-09-24 19:00:13 -12","ORDER_CANCEL","CLIENT_REQUEST","","","","","","","","","","","","","","","","",""
"60844","2025-09-24 19:00:13 -12","ORDER_CANCEL","CLIENT_REQUEST","","","","","","","","","","","","","","","","",""
"60845","2025-09-24 19:00:14 -12","ORDER_CANCEL","CLIENT_REQUEST","","","","","","","","","","","","","","","","",""
"60846","2025-09-24 19:00:15 -12","MARKET_IF_TOUCHED_ORDER","CLIENT_ORDER","EUR/USD","1.17548","1000.00","Buy","","1.17485","","1.17590","","","","","","","","",""
"60847","2025-09-24 19:00:15 -12","MARKET_IF_TOUCHED_ORDER","CLIENT_ORDER","EUR/USD","1.17440","1000.00","Sell","","1.17503","","1.17398","","","","","","","","",""
"60848","2025-09-24 19:00:15 -12","MARKET_IF_TOUCHED_ORDER","CLIENT_ORDER","EUR/USD","1.17598","1000.00","Buy","","1.17535","","1.17640","","","","","","","","",""
"60849","2025-09-24 19:00:16 -12","MARKET_IF_TOUCHED_ORDER","CLIENT_ORDER","EUR/USD","1.17390","1000.00","Sell","","1.17453","","1.17348","","","","","","","","",""
"60850","2025-09-24 19:00:16 -12","MARKET_IF_TOUCHED_ORDER","CLIENT_ORDER","EUR/USD","1.17648","1000.00","Buy","","1.17585","","1.17690","","","","","","","","",""
"60851","2025-09-24 19:00:16 -12","MARKET_IF_TOUCHED_ORDER","CLIENT_ORDER","EUR/USD","1.17340","1000.00","Sell","","1.17403","","1.17298","","","","","","","","",""
"60852","2025-09-24 19:00:16 -12","MARKET_IF_TOUCHED_ORDER","CLIENT_ORDER","EUR/USD","1.17698","1000.00","Buy","","1.17635","","1.17740","","","","","","","","",""
"60853","2025-09-24 19:00:17 -12","MARKET_IF_TOUCHED_ORDER","CLIENT_ORDER","EUR/USD","1.17290","1000.00","Sell","","1.17353","","1.17248","","","","","","","","",""
"60854","2025-09-24 19:00:17 -12","MARKET_IF_TOUCHED_ORDER","CLIENT_ORDER","EUR/USD","1.17748","1000.00","Buy","","1.17685","","1.17790","","","","","","","","",""
"60855","2025-09-24 19:00:17 -12","MARKET_IF_TOUCHED_ORDER","CLIENT_ORDER","EUR/USD","1.17240","1000.00","Sell","","1.17303","","1.17198","","","","","","","","",""
"60856","2025-09-24 19:02:18 -12","ORDER_CANCEL","CLIENT_REQUEST","","","","","","","","","","","","","","","","",""
"60857","2025-09-24 19:02:18 -12","ORDER_CANCEL","CLIENT_REQUEST","","","","","","","","","","","","","","","","",""
"60858","2025-09-24 19:02:18 -12","ORDER_CANCEL","CLIENT_REQUEST","","","","","","","","","","","","","","","","",""
"60859","2025-09-24 19:02:18 -12","ORDER_CANCEL","CLIENT_REQUEST","","","","","","","","","","","","","","","","",""
"60860","2025-09-24 19:02:19 -12","ORDER_CANCEL","CLIENT_REQUEST","","","","","","","","","","","","","","","","",""
"60861","2025-09-24 19:02:19 -12","ORDER_CANCEL","CLIENT_REQUEST","","","","","","","","","","","","","","","","",""
"60862","2025-09-24 19:02:19 -12","ORDER_CANCEL","CLIENT_REQUEST","","","","","","","","","","","","","","","","",""
"60863","2025-09-24 19:02:20 -12","ORDER_CANCEL","CLIENT_REQUEST","","","","","","","","","","","","","","","","",""
"60864","2025-09-24 19:02:20 -12","ORDER_CANCEL","CLIENT_REQUEST","","","","","","","","","","","","","","","","",""
"60865","2025-09-24 19:02:20 -12","ORDER_CANCEL","CLIENT_REQUEST","","","","","","","","","","","","","","","","",""
"60866","2025-09-24 19:02:22 -12","MARKET_IF_TOUCHED_ORDER","CLIENT_ORDER","EUR/USD","1.17548","1000.00","Buy","","1.17485","","1.17590","","","","","","","","",""
"60867","2025-09-24 19:02:22 -12","MARKET_IF_TOUCHED_ORDER","CLIENT_ORDER","EUR/USD","1.17440","1000.00","Sell","","1.17503","","1.17398","","","","","","","","",""
"60868","2025-09-24 19:02:22 -12","MARKET_IF_TOUCHED_ORDER","CLIENT_ORDER","EUR/USD","1.17598","1000.00","Buy","","1.17535","","1.17640","","","","","","","","",""
"60869","2025-09-24 19:02:23 -12","MARKET_IF_TOUCHED_ORDER","CLIENT_ORDER","EUR/USD","1.17390","1000.00","Sell","","1.17453","","1.17348","","","","","","","","",""
"60870","2025-09-24 19:02:23 -12","MARKET_IF_TOUCHED_ORDER","CLIENT_ORDER","EUR/USD","1.17648","1000.00","Buy","","1.17585","","1.17690","","","","","","","","",""
"60871","2025-09-24 19:02:23 -12","MARKET_IF_TOUCHED_ORDER","CLIENT_ORDER","EUR/USD","1.17340","1000.00","Sell","","1.17403","","1.17298","","","","","","","","",""
"60872","2025-09-24 19:02:23 -12","MARKET_IF_TOUCHED_ORDER","CLIENT_ORDER","EUR/USD","1.17698","1000.00","Buy","","1.17635","","1.17740","","","","","","","","",""
"60873","2025-09-24 19:02:24 -12","MARKET_IF_TOUCHED_ORDER","CLIENT_ORDER","EUR/USD","1.17290","1000.00","Sell","","1.17353","","1.17248","","","","","","","","",""
"60874","2025-09-24 19:02:24 -12","MARKET_IF_TOUCHED_ORDER","CLIENT_ORDER","EUR/USD","1.17748","1000.00","Buy","","1.17685","","1.17790","","","","","","","","",""
"60875","2025-09-24 19:02:24 -12","MARKET_IF_TOUCHED_ORDER","CLIENT_ORDER","EUR/USD","1.17240","1000.00","Sell","","1.17303","","1.17198","","","","","","","","",""
"60876","2025-09-24 19:04:31 -12","ORDER_CANCEL","CLIENT_REQUEST","","","","","","","","","","","","","","","","",""
"60877","2025-09-24 19:04:32 -12","ORDER_CANCEL","CLIENT_REQUEST","","","","","","","","","","","","","","","","",""
"60878","2025-09-24 19:04:32 -12","ORDER_CANCEL","CLIENT_REQUEST","","","","","","","","","","","","","","","","",""
"60879","2025-09-24 19:04:32 -12","ORDER_CANCEL","CLIENT_REQUEST","","","","","","","","","","","","","","","","",""
"60880","2025-09-24 19:04:32 -12","ORDER_CANCEL","CLIENT_REQUEST","","","","","","","","","","","","","","","","",""
"60881","2025-09-24 19:04:33 -12","ORDER_CANCEL","CLIENT_REQUEST","","","","","","","","","","","","","","","","",""
"60882","2025-09-24 19:04:33 -12","ORDER_CANCEL","CLIENT_REQUEST","","","","","","","","","","","","","","","","",""
"60883","2025-09-24 19:04:33 -12","ORDER_CANCEL","CLIENT_REQUEST","","","","","","","","","","","","","","","","",""
"60884","2025-09-24 19:04:33 -12","ORDER_CANCEL","CLIENT_REQUEST","","","","","","","","","","","","","","","","",""
"60885","2025-09-24 19:04:34 -12","ORDER_CANCEL","CLIENT_REQUEST","","","","","","","","","","","","","","","","",""
"60886","2025-09-24 19:04:35 -12","MARKET_IF_TOUCHED_ORDER","CLIENT_ORDER","EUR/USD","1.17548","1000.00","Buy","","1.17485","","1.17590","","","","","","","","",""
"60887","2025-09-24 19:04:35 -12","MARKET_IF_TOUCHED_ORDER","CLIENT_ORDER","EUR/USD","1.17440","1000.00","Sell","","1.17503","","1.17398","","","","","","","","",""
"60888","2025-09-24 19:04:35 -12","MARKET_IF_TOUCHED_ORDER","CLIENT_ORDER","EUR/USD","1.17598","1000.00","Buy","","1.17535","","1.17640","","","","","","","","",""
"60889","2025-09-24 19:04:36 -12","MARKET_IF_TOUCHED_ORDER","CLIENT_ORDER","EUR/USD","1.17390","1000.00","Sell","","1.17453","","1.17348","","","","","","","","",""
"60890","2025-09-24 19:04:36 -12","MARKET_IF_TOUCHED_ORDER","CLIENT_ORDER","EUR/USD","1.17648","1000.00","Buy","","1.17585","","1.17690","","","","","","","","",""
"60891","2025-09-24 19:04:36 -12","MARKET_IF_TOUCHED_ORDER","CLIENT_ORDER","EUR/USD","1.17340","1000.00","Sell","","1.17403","","1.17298","","","","","","","","",""
"60892","2025-09-24 19:04:36 -12","MARKET_IF_TOUCHED_ORDER","CLIENT_ORDER","EUR/USD","1.17698","1000.00","Buy","","1.17635","","1.17740","","","","","","","","",""
"60893","2025-09-24 19:04:37 -12","MARKET_IF_TOUCHED_ORDER","CLIENT_ORDER","EUR/USD","1.17290","1000.00","Sell","","1.17353","","1.17248","","","","","","","","",""
"60894","2025-09-24 19:04:37 -12","MARKET_IF_TOUCHED_ORDER","CLIENT_ORDER","EUR/USD","1.17748","1000.00","Buy","","1.17685","","1.17790","","","","","","","","",""
"60895","2025-09-24 19:04:37 -12","MARKET_IF_TOUCHED_ORDER","CLIENT_ORDER","EUR/USD","1.17240","1000.00","Sell","","1.17303","","1.17198","","","","","","","","",""
"60896","2025-09-24 19:06:38 -12","ORDER_CANCEL","CLIENT_REQUEST","","","","","","","","","","","","","","","","",""
"60897","2025-09-24 19:06:38 -12","ORDER_CANCEL","CLIENT_REQUEST","","","","","","","","","","","","","","","","",""
"60898","2025-09-24 19:06:38 -12","ORDER_CANCEL","CLIENT_REQUEST","","","","","","","","","","","","","","","","",""
"60899","2025-09-24 19:06:38 -12","ORDER_CANCEL","CLIENT_REQUEST","","","","","","","","","","","","","","","","",""
"60900","2025-09-24 19:06:39 -12","ORDER_CANCEL","CLIENT_REQUEST","","","","","","","","","","","","","","","","",""
"60901","2025-09-24 19:06:39 -12","ORDER_CANCEL","CLIENT_REQUEST","","","","","","","","","","","","","","","","",""
"60902","2025-09-24 19:06:39 -12","ORDER_CANCEL","CLIENT_REQUEST","","","","","","","","","","","","","","","","",""
"60903","2025-09-24 19:06:39 -12","ORDER_CANCEL","CLIENT_REQUEST","","","","","","","","","","","","","","","","",""
"60904","2025-09-24 19:06:40 -12","ORDER_CANCEL","CLIENT_REQUEST","","","","","","","","","","","","","","","","",""
"60905","2025-09-24 19:06:40 -12","ORDER_CANCEL","CLIENT_REQUEST","","","","","","","","","","","","","","","","",""
"60906","2025-09-24 19:06:41 -12","MARKET_IF_TOUCHED_ORDER","CLIENT_ORDER","EUR/USD","1.17548","1000.00","Buy","","1.17486","","1.17589","","","","","","","","",""
"60907","2025-09-24 19:06:42 -12","MARKET_IF_TOUCHED_ORDER","CLIENT_ORDER","EUR/USD","1.17440","1000.00","Sell","","1.17502","","1.17399","","","","","","","","",""
"60908","2025-09-24 19:06:42 -12","MARKET_IF_TOUCHED_ORDER","CLIENT_ORDER","EUR/USD","1.17598","1000.00","Buy","","1.17536","","1.17639","","","","","","","","",""
"60909","2025-09-24 19:06:42 -12","MARKET_IF_TOUCHED_ORDER","CLIENT_ORDER","EUR/USD","1.17390","1000.00","Sell","","1.17452","","1.17349","","","","","","","","",""
"60910","2025-09-24 19:06:42 -12","MARKET_IF_TOUCHED_ORDER","CLIENT_ORDER","EUR/USD","1.17648","1000.00","Buy","","1.17586","","1.17689","","","","","","","","",""
"60911","2025-09-24 19:06:42 -12","MARKET_IF_TOUCHED_ORDER","CLIENT_ORDER","EUR/USD","1.17340","1000.00","Sell","","1.17402","","1.17299","","","","","","","","",""
"60912","2025-09-24 19:06:43 -12","MARKET_IF_TOUCHED_ORDER","CLIENT_ORDER","EUR/USD","1.17698","1000.00","Buy","","1.17636","","1.17739","","","","","","","","",""
"60913","2025-09-24 19:06:43 -12","MARKET_IF_TOUCHED_ORDER","CLIENT_ORDER","EUR/USD","1.17290","1000.00","Sell","","1.17352","","1.17249","","","","","","","","",""
"60914","2025-09-24 19:06:43 -12","MARKET_IF_TOUCHED_ORDER","CLIENT_ORDER","EUR/USD","1.17748","1000.00","Buy","","1.17686","","1.17789","","","","","","","","",""
"60915","2025-09-24 19:06:43 -12","MARKET_IF_TOUCHED_ORDER","CLIENT_ORDER","EUR/USD","1.17240","1000.00","Sell","","1.17302","","1.17199","","","","","","","","",""
"60916","2025-09-24 19:08:44 -12","ORDER_CANCEL","CLIENT_REQUEST","","","","","","","","","","","","","","","","",""
"60917","2025-09-24 19:08:44 -12","ORDER_CANCEL","CLIENT_REQUEST","","","","","","","","","","","","","","","","",""
"60918","2025-09-24 19:08:44 -12","ORDER_CANCEL","CLIENT_REQUEST","","","","","","","","","","","","","","","","",""
"60919","2025-09-24 19:08:45 -12","ORDER_CANCEL","CLIENT_REQUEST","","","","","","","","","","","","","","","","",""
"60920","2025-09-24 19:08:45 -12","ORDER_CANCEL","CLIENT_REQUEST","","","","","","","","","","","","","","","","",""
"60921","2025-09-24 19:08:45 -12","ORDER_CANCEL","CLIENT_REQUEST","","","","","","","","","","","","","","","","",""
"60922","2025-09-24 19:08:45 -12","ORDER_CANCEL","CLIENT_REQUEST","","","","","","","","","","","","","","","","",""
"60923","2025-09-24 19:08:46 -12","ORDER_CANCEL","CLIENT_REQUEST","","","","","","","","","","","","","","","","",""
"60924","2025-09-24 19:08:46 -12","ORDER_CANCEL","CLIENT_REQUEST","","","","","","","","","","","","","","","","",""
"60925","2025-09-24 19:08:46 -12","ORDER_CANCEL","CLIENT_REQUEST","","","","","","","","","","","","","","","","",""
"60926","2025-09-24 19:08:48 -12","MARKET_IF_TOUCHED_ORDER","CLIENT_ORDER","EUR/USD","1.17548","1000.00","Buy","","1.17486","","1.17589","","","","","","","","",""
"60927","2025-09-24 19:08:48 -12","MARKET_IF_TOUCHED_ORDER","CLIENT_ORDER","EUR/USD","1.17440","1000.00","Sell","","1.17502","","1.17399","","","","","","","","",""
"60928","2025-09-24 19:08:48 -12","MARKET_IF_TOUCHED_ORDER","CLIENT_ORDER","EUR/USD","1.17598","1000.00","Buy","","1.17536","","1.17639","","","","","","","","",""
"60929","2025-09-24 19:08:48 -12","MARKET_IF_TOUCHED_ORDER","CLIENT_ORDER","EUR/USD","1.17390","1000.00","Sell","","1.17452","","1.17349","","","","","","","","",""
"60930","2025-09-24 19:08:49 -12","MARKET_IF_TOUCHED_ORDER","CLIENT_ORDER","EUR/USD","1.17648","1000.00","Buy","","1.17586","","1.17689","","","","","","","","",""
"60931","2025-09-24 19:08:49 -12","MARKET_IF_TOUCHED_ORDER","CLIENT_ORDER","EUR/USD","1.17340","1000.00","Sell","","1.17402","","1.17299","","","","","","","","",""
"60932","2025-09-24 19:08:49 -12","MARKET_IF_TOUCHED_ORDER","CLIENT_ORDER","EUR/USD","1.17698","1000.00","Buy","","1.17636","","1.17739","","","","","","","","",""
"60933","2025-09-24 19:08:49 -12","MARKET_IF_TOUCHED_ORDER","CLIENT_ORDER","EUR/USD","1.17290","1000.00","Sell","","1.17352","","1.17249","","","","","","","","",""
"60934","2025-09-24 19:08:50 -12","MARKET_IF_TOUCHED_ORDER","CLIENT_ORDER","EUR/USD","1.17748","1000.00","Buy","","1.17686","","1.17789","","","","","","","","",""
"60935","2025-09-24 19:08:50 -12","MARKET_IF_TOUCHED_ORDER","CLIENT_ORDER","EUR/USD","1.17240","1000.00","Sell","","1.17302","","1.17199","","","","","","","","",""
"60936","2025-09-24 19:10:50 -12","ORDER_CANCEL","CLIENT_REQUEST","","","","","","","","","","","","","","","","",""
"60937","2025-09-24 19:10:51 -12","ORDER_CANCEL","CLIENT_REQUEST","","","","","","","","","","","","","","","","",""
"60938","2025-09-24 19:10:51 -12","ORDER_CANCEL","CLIENT_REQUEST","","","","","","","","","","","","","","","","",""
"60939","2025-09-24 19:10:51 -12","ORDER_CANCEL","CLIENT_REQUEST","","","","","","","","","","","","","","","","",""
"60940","2025-09-24 19:10:51 -12","ORDER_CANCEL","CLIENT_REQUEST","","","","","","","","","","","","","","","","",""
"60941","2025-09-24 19:10:52 -12","ORDER_CANCEL","CLIENT_REQUEST","","","","","","","","","","","","","","","","",""
"60942","2025-09-24 19:10:52 -12","ORDER_CANCEL","CLIENT_REQUEST","","","","","","","","","","","","","","","","",""
"60943","2025-09-24 19:10:52 -12","ORDER_CANCEL","CLIENT_REQUEST","","","","","","","","","","","","","","","","",""
"60944","2025-09-24 19:10:52 -12","ORDER_CANCEL","CLIENT_REQUEST","","","","","","","","","","","","","","","","",""
"60945","2025-09-24 19:10:53 -12","ORDER_CANCEL","CLIENT_REQUEST","","","","","","","","","","","","","","","","",""
"60946","2025-09-24 19:10:54 -12","MARKET_IF_TOUCHED_ORDER","CLIENT_ORDER","EUR/USD","1.17548","1000.00","Buy","","1.17485","","1.17590","","","","","","","","",""
"60947","2025-09-24 19:10:54 -12","MARKET_IF_TOUCHED_ORDER","CLIENT_ORDER","EUR/USD","1.17440","1000.00","Sell","","1.17503","","1.17398","","","","","","","","",""
"60948","2025-09-24 19:10:54 -12","MARKET_IF_TOUCHED_ORDER","CLIENT_ORDER","EUR/USD","1.17598","1000.00","Buy","","1.17535","","1.17640","","","","","","","","",""
"60949","2025-09-24 19:10:55 -12","MARKET_IF_TOUCHED_ORDER","CLIENT_ORDER","EUR/USD","1.17390","1000.00","Sell","","1.17453","","1.17348","","","","","","","","",""
"60950","2025-09-24 19:10:55 -12","MARKET_IF_TOUCHED_ORDER","CLIENT_ORDER","EUR/USD","1.17648","1000.00","Buy","","1.17585","","1.17690","","","","","","","","",""
"60951","2025-09-24 19:10:55 -12","MARKET_IF_TOUCHED_ORDER","CLIENT_ORDER","EUR/USD","1.17340","1000.00","Sell","","1.17403","","1.17298","","","","","","","","",""
"60952","2025-09-24 19:10:55 -12","MARKET_IF_TOUCHED_ORDER","CLIENT_ORDER","EUR/USD","1.17698","1000.00","Buy","","1.17635","","1.17740","","","","","","","","",""
"60953","2025-09-24 19:10:56 -12","MARKET_IF_TOUCHED_ORDER","CLIENT_ORDER","EUR/USD","1.17290","1000.00","Sell","","1.17353","","1.17248","","","","","","","","",""
"60954","2025-09-24 19:10:56 -12","MARKET_IF_TOUCHED_ORDER","CLIENT_ORDER","EUR/USD","1.17748","1000.00","Buy","","1.17685","","1.17790","","","","","","","","",""
"60955","2025-09-24 19:10:56 -12","ORDER_FILL","MARKET_IF_TOUCHED_ORDER","EUR/USD","1.17431","1000.00","Sell","0.0580","","","","","0.00000","0.0000","0.0000","","","0.00000","","98976.31"
"60956","2025-09-24 19:10:56 -12","TAKE_PROFIT_ORDER","ON_FILL","","1.17398","","","","","","","","","","","","","","",""
"60957","2025-09-24 19:10:56 -12","STOP_LOSS_ORDER","ON_FILL","","1.17503","","","","","","","","","","","","","","",""
"60958","2025-09-24 19:10:56 -12","MARKET_IF_TOUCHED_ORDER","CLIENT_ORDER","EUR/USD","1.17240","1000.00","Sell","","1.17303","","1.17198","","","","","","","","",""
"60959","2025-09-24 19:12:57 -12","ORDER_CANCEL","CLIENT_REQUEST","","","","","","","","","","","","","","","","",""
"60960","2025-09-24 19:12:57 -12","ORDER_CANCEL","CLIENT_REQUEST","","","","","","","","","","","","","","","","",""
"60961","2025-09-24 19:12:58 -12","ORDER_CANCEL","CLIENT_REQUEST","","","","","","","","","","","","","","","","",""
"60962","2025-09-24 19:13:01 -12","ORDER_CANCEL","CLIENT_REQUEST","","","","","","","","","","","","","","","","",""
"60963","2025-09-24 19:13:01 -12","ORDER_CANCEL","CLIENT_REQUEST","","","","","","","","","","","","","","","","",""
"60964","2025-09-24 19:13:02 -12","ORDER_CANCEL","CLIENT_REQUEST","","","","","","","","","","","","","","","","",""
"60965","2025-09-24 19:13:02 -12","ORDER_CANCEL","CLIENT_REQUEST","","","","","","","","","","","","","","","","",""
"60966","2025-09-24 19:13:02 -12","ORDER_CANCEL","CLIENT_REQUEST","","","","","","","","","","","","","","","","",""
"60967","2025-09-24 19:13:03 -12","ORDER_CANCEL","CLIENT_REQUEST","","","","","","","","","","","","","","","","",""
"60968","2025-09-24 19:13:03 -12","ORDER_CANCEL","CLIENT_REQUEST","","","","","","","","","","","","","","","","",""
"60969","2025-09-24 19:13:03 -12","ORDER_CANCEL","CLIENT_REQUEST","","","","","","","","","","","","","","","","",""
"60970","2025-09-24 19:13:05 -12","MARKET_IF_TOUCHED_ORDER","CLIENT_ORDER","EUR/USD","1.17548","1000.00","Buy","","1.17485","","1.17590","","","","","","","","",""
"60971","2025-09-24 19:13:05 -12","MARKET_IF_TOUCHED_ORDER","CLIENT_ORDER","EUR/USD","1.17440","1000.00","Sell","","1.17503","","1.17398","","","","","","","","",""
"60972","2025-09-24 19:13:05 -12","MARKET_IF_TOUCHED_ORDER","CLIENT_ORDER","EUR/USD","1.17598","1000.00","Buy","","1.17535","","1.17640","","","","","","","","",""
"60973","2025-09-24 19:13:05 -12","MARKET_IF_TOUCHED_ORDER","CLIENT_ORDER","EUR/USD","1.17390","1000.00","Sell","","1.17453","","1.17348","","","","","","","","",""
"60974","2025-09-24 19:13:06 -12","MARKET_IF_TOUCHED_ORDER","CLIENT_ORDER","EUR/USD","1.17648","1000.00","Buy","","1.17585","","1.17690","","","","","","","","",""
"60975","2025-09-24 19:13:06 -12","MARKET_IF_TOUCHED_ORDER","CLIENT_ORDER","EUR/USD","1.17340","1000.00","Sell","","1.17403","","1.17298","","","","","","","","",""
"60976","2025-09-24 19:13:07 -12","MARKET_IF_TOUCHED_ORDER","CLIENT_ORDER","EUR/USD","1.17698","1000.00","Buy","","1.17635","","1.17740","","","","","","","","",""
"60977","2025-09-24 19:13:07 -12","MARKET_IF_TOUCHED_ORDER","CLIENT_ORDER","EUR/USD","1.17290","1000.00","Sell","","1.17353","","1.17248","","","","","","","","",""
"60978","2025-09-24 19:13:07 -12","MARKET_IF_TOUCHED_ORDER","CLIENT_ORDER","EUR/USD","1.17748","1000.00","Buy","","1.17685","","1.17790","","","","","","","","",""
"60979","2025-09-24 19:13:07 -12","MARKET_IF_TOUCHED_ORDER","CLIENT_ORDER","EUR/USD","1.17240","1000.00","Sell","","1.17303","","1.17198","","","","","","","","",""
"60980","2025-09-24 19:14:55 -12","ORDER_FILL","MARKET_IF_TOUCHED_ORDER","EUR/USD","1.17429","1000.00","Sell","0.0709","","","","","0.00000","0.0000","0.0000","","","0.00000","","98976.31"
"60981","2025-09-24 19:14:55 -12","TAKE_PROFIT_ORDER","ON_FILL","","1.17398","","","","","","","","","","","","","","",""
"60982","2025-09-24 19:14:55 -12","STOP_LOSS_ORDER","ON_FILL","","1.17503","","","","","","","","","","","","","","",""
"60983","2025-09-24 19:15:10 -12","ORDER_CANCEL","CLIENT_REQUEST","","","","","","","","","","","","","","","","",""
"60984","2025-09-24 19:15:10 -12","ORDER_CANCEL","CLIENT_REQUEST","","","","","","","","","","","","","","","","",""
"60985","2025-09-24 19:15:11 -12","ORDER_CANCEL","CLIENT_REQUEST","","","","","","","","","","","","","","","","",""
"60986","2025-09-24 19:15:11 -12","ORDER_CANCEL","CLIENT_REQUEST","","","","","","","","","","","","","","","","",""
"60987","2025-09-24 19:15:11 -12","ORDER_CANCEL","CLIENT_REQUEST","","","","","","","","","","","","","","","","",""
"60988","2025-09-24 19:15:12 -12","ORDER_CANCEL","CLIENT_REQUEST","","","","","","","","","","","","","","","","",""
"60989","2025-09-24 19:15:12 -12","ORDER_CANCEL","CLIENT_REQUEST","","","","","","","","","","","","","","","","",""
"60990","2025-09-24 19:15:12 -12","ORDER_CANCEL","CLIENT_REQUEST","","","","","","","","","","","","","","","","",""
"60991","2025-09-24 19:15:12 -12","ORDER_CANCEL","CLIENT_REQUEST","","","","","","","","","","","","","","","","",""
"60992","2025-09-24 19:15:13 -12","ORDER_CANCEL","CLIENT_REQUEST","","","","","","","","","","","","","","","","",""
"60993","2025-09-24 19:15:13 -12","ORDER_CANCEL","CLIENT_REQUEST","","","","","","","","","","","","","","","","",""
"60994","2025-09-24 19:15:14 -12","MARKET_IF_TOUCHED_ORDER","CLIENT_ORDER","EUR/USD","1.17548","1000.00","Buy","","1.17481","","1.17593","","","","","","","","",""
"60995","2025-09-24 19:15:14 -12","MARKET_IF_TOUCHED_ORDER","CLIENT_ORDER","EUR/USD","1.17440","1000.00","Sell","","1.17507","","1.17395","","","","","","","","",""
"60996","2025-09-24 19:15:15 -12","MARKET_IF_TOUCHED_ORDER","CLIENT_ORDER","EUR/USD","1.17598","1000.00","Buy","","1.17531","","1.17643","","","","","","","","",""
"60997","2025-09-24 19:15:15 -12","MARKET_IF_TOUCHED_ORDER","CLIENT_ORDER","EUR/USD","1.17390","1000.00","Sell","","1.17457","","1.17345","","","","","","","","",""
"60998","2025-09-24 19:15:15 -12","MARKET_IF_TOUCHED_ORDER","CLIENT_ORDER","EUR/USD","1.17648","1000.00","Buy","","1.17581","","1.17693","","","","","","","","",""
"60999","2025-09-24 19:15:15 -12","MARKET_IF_TOUCHED_ORDER","CLIENT_ORDER","EUR/USD","1.17340","1000.00","Sell","","1.17407","","1.17295","","","","","","","","",""
"61000","2025-09-24 19:15:16 -12","MARKET_IF_TOUCHED_ORDER","CLIENT_ORDER","EUR/USD","1.17698","1000.00","Buy","","1.17631","","1.17743","","","","","","","","",""
"61001","2025-09-24 19:15:16 -12","MARKET_IF_TOUCHED_ORDER","CLIENT_ORDER","EUR/USD","1.17290","1000.00","Sell","","1.17357","","1.17245","","","","","","","","",""
"61002","2025-09-24 19:15:16 -12","MARKET_IF_TOUCHED_ORDER","CLIENT_ORDER","EUR/USD","1.17748","1000.00","Buy","","1.17681","","1.17793","","","","","","","","",""
"61003","2025-09-24 19:15:16 -12","MARKET_IF_TOUCHED_ORDER","CLIENT_ORDER","EUR/USD","1.17240","1000.00","Sell","","1.17307","","1.17195","","","","","","","","",""
"61004","2025-09-24 19:17:17 -12","ORDER_CANCEL","CLIENT_REQUEST","","","","","","","","","","","","","","","","",""
"61005","2025-09-24 19:17:17 -12","ORDER_CANCEL","CLIENT_REQUEST","","","","","","","","","","","","","","","","",""
"61006","2025-09-24 19:17:17 -12","ORDER_CANCEL","CLIENT_REQUEST","","","","","","","","","","","","","","","","",""
"61007","2025-09-24 19:17:18 -12","ORDER_CANCEL","CLIENT_REQUEST","","","","","","","","","","","","","","","","",""
"61008","2025-09-24 19:17:18 -12","ORDER_CANCEL","CLIENT_REQUEST","","","","","","","","","","","","","","","","",""
"61009","2025-09-24 19:17:18 -12","ORDER_CANCEL","CLIENT_REQUEST","","","","","","","","","","","","","","","","",""
"61010","2025-09-24 19:17:18 -12","ORDER_CANCEL","CLIENT_REQUEST","","","","","","","","","","","","","","","","",""
"61011","2025-09-24 19:17:19 -12","ORDER_CANCEL","CLIENT_REQUEST","","","","","","","","","","","","","","","","",""
"61012","2025-09-24 19:17:19 -12","ORDER_CANCEL","CLIENT_REQUEST","","","","","","","","","","","","","","","","",""
"61013","2025-09-24 19:17:19 -12","ORDER_CANCEL","CLIENT_REQUEST","","","","","","","","","","","","","","","","",""
"61014","2025-09-24 19:17:34 -12","MARKET_IF_TOUCHED_ORDER","CLIENT_ORDER","EUR/USD","1.17548","1000.00","Buy","","1.17481","","1.17593","","","","","","","","",""
"61015","2025-09-24 19:17:35 -12","MARKET_IF_TOUCHED_ORDER","CLIENT_ORDER","EUR/USD","1.17440","1000.00","Sell","","1.17507","","1.17395","","","","","","","","",""
"61016","2025-09-24 19:17:35 -12","MARKET_IF_TOUCHED_ORDER","CLIENT_ORDER","EUR/USD","1.17598","1000.00","Buy","","1.17531","","1.17643","","","","","","","","",""
"61017","2025-09-24 19:17:35 -12","MARKET_IF_TOUCHED_ORDER","CLIENT_ORDER","EUR/USD","1.17390","1000.00","Sell","","1.17457","","1.17345","","","","","","","","",""
"61018","2025-09-24 19:17:35 -12","MARKET_IF_TOUCHED_ORDER","CLIENT_ORDER","EUR/USD","1.17648","1000.00","Buy","","1.17581","","1.17693","","","","","","","","",""
"61019","2025-09-24 19:17:36 -12","MARKET_IF_TOUCHED_ORDER","CLIENT_ORDER","EUR/USD","1.17340","1000.00","Sell","","1.17407","","1.17295","","","","","","","","",""
"61020","2025-09-24 19:17:36 -12","MARKET_IF_TOUCHED_ORDER","CLIENT_ORDER","EUR/USD","1.17698","1000.00","Buy","","1.17631","","1.17743","","","","","","","","",""
"61021","2025-09-24 19:17:36 -12","MARKET_IF_TOUCHED_ORDER","CLIENT_ORDER","EUR/USD","1.17290","1000.00","Sell","","1.17357","","1.17245","","","","","","","","",""
"61022","2025-09-24 19:17:36 -12","MARKET_IF_TOUCHED_ORDER","CLIENT_ORDER","EUR/USD","1.17748","1000.00","Buy","","1.17681","","1.17793","","","","","","","","",""
"61023","2025-09-24 19:17:37 -12","MARKET_IF_TOUCHED_ORDER","CLIENT_ORDER","EUR/USD","1.17240","1000.00","Sell","","1.17307","","1.17195","","","","","","","","",""
"61024","2025-09-24 19:19:37 -12","ORDER_CANCEL","CLIENT_REQUEST","","","","","","","","","","","","","","","","",""
"61025","2025-09-24 19:19:38 -12","ORDER_CANCEL","CLIENT_REQUEST","","","","","","","","","","","","","","","","",""
"61026","2025-09-24 19:19:38 -12","ORDER_CANCEL","CLIENT_REQUEST","","","","","","","","","","","","","","","","",""
"61027","2025-09-24 19:19:38 -12","ORDER_CANCEL","CLIENT_REQUEST","","","","","","","","","","","","","","","","",""
"61028","2025-09-24 19:19:38 -12","ORDER_CANCEL","CLIENT_REQUEST","","","","","","","","","","","","","","","","",""
"61029","2025-09-24 19:19:39 -12","ORDER_CANCEL","CLIENT_REQUEST","","","","","","","","","","","","","","","","",""
"61030","2025-09-24 19:19:39 -12","ORDER_CANCEL","CLIENT_REQUEST","","","","","","","","","","","","","","","","",""
"61031","2025-09-24 19:19:39 -12","ORDER_CANCEL","CLIENT_REQUEST","","","","","","","","","","","","","","","","",""
"61032","2025-09-24 19:19:39 -12","ORDER_CANCEL","CLIENT_REQUEST","","","","","","","","","","","","","","","","",""
"61033","2025-09-24 19:19:40 -12","ORDER_CANCEL","CLIENT_REQUEST","","","","","","","","","","","","","","","","",""
"61034","2025-09-24 19:19:41 -12","MARKET_IF_TOUCHED_ORDER","CLIENT_ORDER","EUR/USD","1.17548","1000.00","Buy","","1.17481","","1.17593","","","","","","","","",""
"61035","2025-09-24 19:19:41 -12","MARKET_IF_TOUCHED_ORDER","CLIENT_ORDER","EUR/USD","1.17440","1000.00","Sell","","1.17507","","1.17395","","","","","","","","",""
"61036","2025-09-24 19:19:42 -12","MARKET_IF_TOUCHED_ORDER","CLIENT_ORDER","EUR/USD","1.17598","1000.00","Buy","","1.17531","","1.17643","","","","","","","","",""
"61037","2025-09-24 19:19:42 -12","MARKET_IF_TOUCHED_ORDER","CLIENT_ORDER","EUR/USD","1.17390","1000.00","Sell","","1.17457","","1.17345","","","","","","","","",""
"61038","2025-09-24 19:19:42 -12","MARKET_IF_TOUCHED_ORDER","CLIENT_ORDER","EUR/USD","1.17648","1000.00","Buy","","1.17581","","1.17693","","","","","","","","",""
"61039","2025-09-24 19:19:42 -12","MARKET_IF_TOUCHED_ORDER","CLIENT_ORDER","EUR/USD","1.17340","1000.00","Sell","","1.17407","","1.17295","","","","","","","","",""
"61040","2025-09-24 19:19:43 -12","MARKET_IF_TOUCHED_ORDER","CLIENT_ORDER","EUR/USD","1.17698","1000.00","Buy","","1.17631","","1.17743","","","","","","","","",""
"61041","2025-09-24 19:19:43 -12","MARKET_IF_TOUCHED_ORDER","CLIENT_ORDER","EUR/USD","1.17290","1000.00","Sell","","1.17357","","1.17245","","","","","","","","",""
"61042","2025-09-24 19:19:43 -12","MARKET_IF_TOUCHED_ORDER","CLIENT_ORDER","EUR/USD","1.17748","1000.00","Buy","","1.17681","","1.17793","","","","","","","","",""
"61043","2025-09-24 19:19:43 -12","MARKET_IF_TOUCHED_ORDER","CLIENT_ORDER","EUR/USD","1.17240","1000.00","Sell","","1.17307","","1.17195","","","","","","","","",""
"61044","2025-09-24 19:21:44 -12","ORDER_CANCEL","CLIENT_REQUEST","","","","","","","","","","","","","","","","",""
"61045","2025-09-24 19:21:44 -12","ORDER_CANCEL","CLIENT_REQUEST","","","","","","","","","","","","","","","","",""
"61046","2025-09-24 19:21:45 -12","ORDER_CANCEL","CLIENT_REQUEST","","","","","","","","","","","","","","","","",""
"61047","2025-09-24 19:21:45 -12","ORDER_CANCEL","CLIENT_REQUEST","","","","","","","","","","","","","","","","",""
"61048","2025-09-24 19:21:45 -12","ORDER_CANCEL","CLIENT_REQUEST","","","","","","","","","","","","","","","","",""
"61049","2025-09-24 19:21:45 -12","ORDER_CANCEL","CLIENT_REQUEST","","","","","","","","","","","","","","","","",""
"61050","2025-09-24 19:21:46 -12","ORDER_CANCEL","CLIENT_REQUEST","","","","","","","","","","","","","","","","",""
"61051","2025-09-24 19:21:46 -12","ORDER_CANCEL","CLIENT_REQUEST","","","","","","","","","","","","","","","","",""
"61052","2025-09-24 19:21:46 -12","ORDER_CANCEL","CLIENT_REQUEST","","","","","","","","","","","","","","","","",""
"61053","2025-09-24 19:21:46 -12","ORDER_CANCEL","CLIENT_REQUEST","","","","","","","","","","","","","","","","",""
"61054","2025-09-24 19:21:48 -12","MARKET_IF_TOUCHED_ORDER","CLIENT_ORDER","EUR/USD","1.17548","1000.00","Buy","","1.17482","","1.17592","","","","","","","","",""
"61055","2025-09-24 19:21:48 -12","MARKET_IF_TOUCHED_ORDER","CLIENT_ORDER","EUR/USD","1.17440","1000.00","Sell","","1.17506","","1.17396","","","","","","","","",""
"61056","2025-09-24 19:21:48 -12","MARKET_IF_TOUCHED_ORDER","CLIENT_ORDER","EUR/USD","1.17598","1000.00","Buy","","1.17532","","1.17642","","","","","","","","",""
"61057","2025-09-24 19:21:48 -12","MARKET_IF_TOUCHED_ORDER","CLIENT_ORDER","EUR/USD","1.17390","1000.00","Sell","","1.17456","","1.17346","","","","","","","","",""
"61058","2025-09-24 19:21:49 -12","MARKET_IF_TOUCHED_ORDER","CLIENT_ORDER","EUR/USD","1.17648","1000.00","Buy","","1.17582","","1.17692","","","","","","","","",""
"61059","2025-09-24 19:21:50 -12","MARKET_IF_TOUCHED_ORDER","CLIENT_ORDER","EUR/USD","1.17340","1000.00","Sell","","1.17406","","1.17296","","","","","","","","",""
"61060","2025-09-24 19:21:50 -12","MARKET_IF_TOUCHED_ORDER","CLIENT_ORDER","EUR/USD","1.17698","1000.00","Buy","","1.17632","","1.17742","","","","","","","","",""
"61061","2025-09-24 19:21:50 -12","MARKET_IF_TOUCHED_ORDER","CLIENT_ORDER","EUR/USD","1.17290","1000.00","Sell","","1.17356","","1.17246","","","","","","","","",""
"61062","2025-09-24 19:21:50 -12","MARKET_IF_TOUCHED_ORDER","CLIENT_ORDER","EUR/USD","1.17748","1000.00","Buy","","1.17682","","1.17792","","","","","","","","",""
"61063","2025-09-24 19:21:51 -12","MARKET_IF_TOUCHED_ORDER","CLIENT_ORDER","EUR/USD","1.17240","1000.00","Sell","","1.17306","","1.17196","","","","","","","","",""
"61064","2025-09-24 19:23:51 -12","ORDER_CANCEL","CLIENT_REQUEST","","","","","","","","","","","","","","","","",""
"61065","2025-09-24 19:23:51 -12","ORDER_CANCEL","CLIENT_REQUEST","","","","","","","","","","","","","","","","",""
"61066","2025-09-24 19:23:52 -12","ORDER_CANCEL","CLIENT_REQUEST","","","","","","","","","","","","","","","","",""
"61067","2025-09-24 19:23:52 -12","ORDER_CANCEL","CLIENT_REQUEST","","","","","","","","","","","","","","","","",""
"61068","2025-09-24 19:23:52 -12","ORDER_CANCEL","CLIENT_REQUEST","","","","","","","","","","","","","","","","",""
"61069","2025-09-24 19:23:52 -12","ORDER_CANCEL","CLIENT_REQUEST","","","","","","","","","","","","","","","","",""
"61070","2025-09-24 19:23:53 -12","ORDER_CANCEL","CLIENT_REQUEST","","","","","","","","","","","","","","","","",""
"61071","2025-09-24 19:23:53 -12","ORDER_CANCEL","CLIENT_REQUEST","","","","","","","","","","","","","","","","",""
"61072","2025-09-24 19:23:53 -12","ORDER_CANCEL","CLIENT_REQUEST","","","","","","","","","","","","","","","","",""
"61073","2025-09-24 19:23:53 -12","ORDER_CANCEL","CLIENT_REQUEST","","","","","","","","","","","","","","","","",""
"61074","2025-09-24 19:23:55 -12","MARKET_IF_TOUCHED_ORDER","CLIENT_ORDER","EUR/USD","1.17548","1000.00","Buy","","1.17482","","1.17592","","","","","","","","",""
"61075","2025-09-24 19:23:55 -12","MARKET_IF_TOUCHED_ORDER","CLIENT_ORDER","EUR/USD","1.17440","1000.00","Sell","","1.17506","","1.17396","","","","","","","","",""
"61076","2025-09-24 19:23:55 -12","MARKET_IF_TOUCHED_ORDER","CLIENT_ORDER","EUR/USD","1.17598","1000.00","Buy","","1.17532","","1.17642","","","","","","","","",""
"61077","2025-09-24 19:23:56 -12","MARKET_IF_TOUCHED_ORDER","CLIENT_ORDER","EUR/USD","1.17390","1000.00","Sell","","1.17456","","1.17346","","","","","","","","",""
"61078","2025-09-24 19:23:56 -12","MARKET_IF_TOUCHED_ORDER","CLIENT_ORDER","EUR/USD","1.17648","1000.00","Buy","","1.17582","","1.17692","","","","","","","","",""
"61079","2025-09-24 19:23:56 -12","MARKET_IF_TOUCHED_ORDER","CLIENT_ORDER","EUR/USD","1.17340","1000.00","Sell","","1.17406","","1.17296","","","","","","","","",""
"61080","2025-09-24 19:23:56 -12","MARKET_IF_TOUCHED_ORDER","CLIENT_ORDER","EUR/USD","1.17698","1000.00","Buy","","1.17632","","1.17742","","","","","","","","",""
"61081","2025-09-24 19:23:57 -12","MARKET_IF_TOUCHED_ORDER","CLIENT_ORDER","EUR/USD","1.17290","1000.00","Sell","","1.17356","","1.17246","","","","","","","","",""
"61082","2025-09-24 19:23:57 -12","MARKET_IF_TOUCHED_ORDER","CLIENT_ORDER","EUR/USD","1.17748","1000.00","Buy","","1.17682","","1.17792","","","","","","","","",""
"61083","2025-09-24 19:23:57 -12","MARKET_IF_TOUCHED_ORDER","CLIENT_ORDER","EUR/USD","1.17240","1000.00","Sell","","1.17306","","1.17196","","","","","","","","",""
"61084","2025-09-24 19:25:59 -12","ORDER_CANCEL","CLIENT_REQUEST","","","","","","","","","","","","","","","","",""
"61085","2025-09-24 19:25:59 -12","ORDER_CANCEL","CLIENT_REQUEST","","","","","","","","","","","","","","","","",""
"61086","2025-09-24 19:25:59 -12","ORDER_CANCEL","CLIENT_REQUEST","","","","","","","","","","","","","","","","",""
"61087","2025-09-24 19:25:59 -12","ORDER_CANCEL","CLIENT_REQUEST","","","","","","","","","","","","","","","","",""
"61088","2025-09-24 19:26:00 -12","ORDER_CANCEL","CLIENT_REQUEST","","","","","","","","","","","","","","","","",""
"61089","2025-09-24 19:26:00 -12","ORDER_CANCEL","CLIENT_REQUEST","","","","","","","","","","","","","","","","",""
"61090","2025-09-24 19:26:00 -12","ORDER_CANCEL","CLIENT_REQUEST","","","","","","","","","","","","","","","","",""
"61091","2025-09-24 19:26:00 -12","ORDER_CANCEL","CLIENT_REQUEST","","","","","","","","","","","","","","","","",""
"61092","2025-09-24 19:26:01 -12","ORDER_CANCEL","CLIENT_REQUEST","","","","","","","","","","","","","","","","",""
"61093","2025-09-24 19:26:01 -12","ORDER_CANCEL","CLIENT_REQUEST","","","","","","","","","","","","","","","","",""
"61094","2025-09-24 19:26:02 -12","MARKET_IF_TOUCHED_ORDER","CLIENT_ORDER","EUR/USD","1.17548","1000.00","Buy","","1.17491","","1.17586","","","","","","","","",""
"61095","2025-09-24 19:26:02 -12","MARKET_IF_TOUCHED_ORDER","CLIENT_ORDER","EUR/USD","1.17440","1000.00","Sell","","1.17497","","1.17402","","","","","","","","",""
"61096","2025-09-24 19:26:03 -12","MARKET_IF_TOUCHED_ORDER","CLIENT_ORDER","EUR/USD","1.17598","1000.00","Buy","","1.17541","","1.17636","","","","","","","","",""
"61097","2025-09-24 19:26:03 -12","MARKET_IF_TOUCHED_ORDER","CLIENT_ORDER","EUR/USD","1.17390","1000.00","Sell","","1.17447","","1.17352","","","","","","","","",""
"61098","2025-09-24 19:26:03 -12","MARKET_IF_TOUCHED_ORDER","CLIENT_ORDER","EUR/USD","1.17648","1000.00","Buy","","1.17591","","1.17686","","","","","","","","",""
"61099","2025-09-24 19:26:04 -12","MARKET_IF_TOUCHED_ORDER","CLIENT_ORDER","EUR/USD","1.17340","1000.00","Sell","","1.17397","","1.17302","","","","","","","","",""
"61100","2025-09-24 19:26:04 -12","MARKET_IF_TOUCHED_ORDER","CLIENT_ORDER","EUR/USD","1.17698","1000.00","Buy","","1.17641","","1.17736","","","","","","","","",""
"61101","2025-09-24 19:26:04 -12","MARKET_IF_TOUCHED_ORDER","CLIENT_ORDER","EUR/USD","1.17290","1000.00","Sell","","1.17347","","1.17252","","","","","","","","",""
"61102","2025-09-24 19:26:04 -12","MARKET_IF_TOUCHED_ORDER","CLIENT_ORDER","EUR/USD","1.17748","1000.00","Buy","","1.17691","","1.17786","","","","","","","","",""
"61103","2025-09-24 19:26:05 -12","MARKET_IF_TOUCHED_ORDER","CLIENT_ORDER","EUR/USD","1.17240","1000.00","Sell","","1.17297","","1.17202","","","","","","","","",""
"61104","2025-09-24 19:28:05 -12","ORDER_CANCEL","CLIENT_REQUEST","","","","","","","","","","","","","","","","",""
"61105","2025-09-24 19:28:05 -12","ORDER_CANCEL","CLIENT_REQUEST","","","","","","","","","","","","","","","","",""
"61106","2025-09-24 19:28:06 -12","ORDER_CANCEL","CLIENT_REQUEST","","","","","","","","","","","","","","","","",""
"61107","2025-09-24 19:28:06 -12","ORDER_CANCEL","CLIENT_REQUEST","","","","","","","","","","","","","","","","",""
"61108","2025-09-24 19:28:06 -12","ORDER_CANCEL","CLIENT_REQUEST","","","","","","","","","","","","","","","","",""
"61109","2025-09-24 19:28:06 -12","ORDER_CANCEL","CLIENT_REQUEST","","","","","","","","","","","","","","","","",""
"61110","2025-09-24 19:28:07 -12","ORDER_CANCEL","CLIENT_REQUEST","","","","","","","","","","","","","","","","",""
"61111","2025-09-24 19:28:07 -12","ORDER_CANCEL","CLIENT_REQUEST","","","","","","","","","","","","","","","","",""
"61112","2025-09-24 19:28:07 -12","ORDER_CANCEL","CLIENT_REQUEST","","","","","","","","","","","","","","","","",""
"61113","2025-09-24 19:28:07 -12","ORDER_CANCEL","CLIENT_REQUEST","","","","","","","","","","","","","","","","",""
"61114","2025-09-24 19:28:09 -12","MARKET_IF_TOUCHED_ORDER","CLIENT_ORDER","EUR/USD","1.17548","1000.00","Buy","","1.17491","","1.17586","","","","","","","","",""
"61115","2025-09-24 19:28:09 -12","MARKET_IF_TOUCHED_ORDER","CLIENT_ORDER","EUR/USD","1.17440","1000.00","Sell","","1.17497","","1.17402","","","","","","","","",""
"61116","2025-09-24 19:28:09 -12","MARKET_IF_TOUCHED_ORDER","CLIENT_ORDER","EUR/USD","1.17598","1000.00","Buy","","1.17541","","1.17636","","","","","","","","",""
"61117","2025-09-24 19:28:10 -12","MARKET_IF_TOUCHED_ORDER","CLIENT_ORDER","EUR/USD","1.17390","1000.00","Sell","","1.17447","","1.17352","","","","","","","","",""
"61118","2025-09-24 19:28:10 -12","MARKET_IF_TOUCHED_ORDER","CLIENT_ORDER","EUR/USD","1.17648","1000.00","Buy","","1.17591","","1.17686","","","","","","","","",""
"61119","2025-09-24 19:28:10 -12","MARKET_IF_TOUCHED_ORDER","CLIENT_ORDER","EUR/USD","1.17340","1000.00","Sell","","1.17397","","1.17302","","","","","","","","",""
"61120","2025-09-24 19:28:10 -12","MARKET_IF_TOUCHED_ORDER","CLIENT_ORDER","EUR/USD","1.17698","1000.00","Buy","","1.17641","","1.17736","","","","","","","","",""
"61121","2025-09-24 19:28:11 -12","MARKET_IF_TOUCHED_ORDER","CLIENT_ORDER","EUR/USD","1.17290","1000.00","Sell","","1.17347","","1.17252","","","","","","","","",""
"61122","2025-09-24 19:28:11 -12","MARKET_IF_TOUCHED_ORDER","CLIENT_ORDER","EUR/USD","1.17748","1000.00","Buy","","1.17691","","1.17786","","","","","","","","",""
"61123","2025-09-24 19:28:12 -12","MARKET_IF_TOUCHED_ORDER","CLIENT_ORDER","EUR/USD","1.17240","1000.00","Sell","","1.17297","","1.17202","","","","","","","","",""
"61124","2025-09-24 19:29:33 -12","ORDER_FILL","MARKET_IF_TOUCHED_ORDER","EUR/USD","1.17430","1000.00","Sell","0.0580","","","","","0.00000","0.0000","0.0000","","","0.00000","","98976.31"
"61125","2025-09-24 19:29:33 -12","TAKE_PROFIT_ORDER","ON_FILL","","1.17402","","","","","","","","","","","","","","",""
"61126","2025-09-24 19:29:33 -12","STOP_LOSS_ORDER","ON_FILL","","1.17497","","","","","","","","","","","","","","",""
"61127","2025-09-24 19:30:13 -12","ORDER_CANCEL","CLIENT_REQUEST","","","","","","","","","","","","","","","","",""
"61128","2025-09-24 19:30:13 -12","ORDER_CANCEL","CLIENT_REQUEST","","","","","","","","","","","","","","","","",""
"61129","2025-09-24 19:30:14 -12","ORDER_CANCEL","CLIENT_REQUEST","","","","","","","","","","","","","","","","",""
"61130","2025-09-24 19:30:14 -12","ORDER_CANCEL","CLIENT_REQUEST","","","","","","","","","","","","","","","","",""
"61131","2025-09-24 19:30:14 -12","ORDER_CANCEL","CLIENT_REQUEST","","","","","","","","","","","","","","","","",""
"61132","2025-09-24 19:30:14 -12","ORDER_CANCEL","CLIENT_REQUEST","","","","","","","","","","","","","","","","",""
"61133","2025-09-24 19:30:15 -12","ORDER_CANCEL","CLIENT_REQUEST","","","","","","","","","","","","","","","","",""
"61134","2025-09-24 19:30:15 -12","ORDER_CANCEL","CLIENT_REQUEST","","","","","","","","","","","","","","","","",""
"61135","2025-09-24 19:30:15 -12","ORDER_CANCEL","CLIENT_REQUEST","","","","","","","","","","","","","","","","",""
"61136","2025-09-24 19:30:15 -12","ORDER_CANCEL","CLIENT_REQUEST","","","","","","","","","","","","","","","","",""
"61137","2025-09-24 19:30:16 -12","ORDER_CANCEL","CLIENT_REQUEST","","","","","","","","","","","","","","","","",""
"61138","2025-09-24 19:30:17 -12","MARKET_IF_TOUCHED_ORDER","CLIENT_ORDER","EUR/USD","1.17548","1000.00","Buy","","1.17494","","1.17584","","","","","","","","",""
"61139","2025-09-24 19:30:17 -12","MARKET_IF_TOUCHED_ORDER","CLIENT_ORDER","EUR/USD","1.17440","1000.00","Sell","","1.17494","","1.17404","","","","","","","","",""
"61140","2025-09-24 19:30:18 -12","MARKET_IF_TOUCHED_ORDER","CLIENT_ORDER","EUR/USD","1.17598","1000.00","Buy","","1.17544","","1.17634","","","","","","","","",""
"61141","2025-09-24 19:30:18 -12","MARKET_IF_TOUCHED_ORDER","CLIENT_ORDER","EUR/USD","1.17390","1000.00","Sell","","1.17444","","1.17354","","","","","","","","",""
"61142","2025-09-24 19:30:18 -12","MARKET_IF_TOUCHED_ORDER","CLIENT_ORDER","EUR/USD","1.17648","1000.00","Buy","","1.17594","","1.17684","","","","","","","","",""
"61143","2025-09-24 19:30:18 -12","MARKET_IF_TOUCHED_ORDER","CLIENT_ORDER","EUR/USD","1.17340","1000.00","Sell","","1.17394","","1.17304","","","","","","","","",""
"61144","2025-09-24 19:30:19 -12","MARKET_IF_TOUCHED_ORDER","CLIENT_ORDER","EUR/USD","1.17698","1000.00","Buy","","1.17644","","1.17734","","","","","","","","",""
"61145","2025-09-24 19:30:19 -12","MARKET_IF_TOUCHED_ORDER","CLIENT_ORDER","EUR/USD","1.17290","1000.00","Sell","","1.17344","","1.17254","","","","","","","","",""
"61146","2025-09-24 19:30:19 -12","MARKET_IF_TOUCHED_ORDER","CLIENT_ORDER","EUR/USD","1.17748","1000.00","Buy","","1.17694","","1.17784","","","","","","","","",""
"61147","2025-09-24 19:30:19 -12","MARKET_IF_TOUCHED_ORDER","CLIENT_ORDER","EUR/USD","1.17240","1000.00","Sell","","1.17294","","1.17204","","","","","","","","",""
"61148","2025-09-24 19:31:10 -12","ORDER_FILL","MARKET_IF_TOUCHED_ORDER","EUR/USD","1.17431","1000.00","Sell","0.0580","","","","","0.00000","0.0000","0.0000","","","0.00000","","98976.31"
"61149","2025-09-24 19:31:10 -12","TAKE_PROFIT_ORDER","ON_FILL","","1.17404","","","","","","","","","","","","","","",""
"61150","2025-09-24 19:31:10 -12","STOP_LOSS_ORDER","ON_FILL","","1.17494","","","","","","","","","","","","","","",""
"61151","2025-09-24 19:32:20 -12","ORDER_CANCEL","CLIENT_REQUEST","","","","","","","","","","","","","","","","",""
"61152","2025-09-24 19:32:20 -12","ORDER_CANCEL","CLIENT_REQUEST","","","","","","","","","","","","","","","","",""
"61153","2025-09-24 19:32:20 -12","ORDER_CANCEL","CLIENT_REQUEST","","","","","","","","","","","","","","","","",""
"61154","2025-09-24 19:32:21 -12","ORDER_CANCEL","CLIENT_REQUEST","","","","","","","","","","","","","","","","",""
"61155","2025-09-24 19:32:22 -12","ORDER_CANCEL","CLIENT_REQUEST","","","","","","","","","","","","","","","","",""
"61156","2025-09-24 19:32:22 -12","ORDER_CANCEL","CLIENT_REQUEST","","","","","","","","","","","","","","","","",""
"61157","2025-09-24 19:32:22 -12","ORDER_CANCEL","CLIENT_REQUEST","","","","","","","","","","","","","","","","",""
"61158","2025-09-24 19:32:23 -12","ORDER_CANCEL","CLIENT_REQUEST","","","","","","","","","","","","","","","","",""
"61159","2025-09-24 19:32:23 -12","ORDER_CANCEL","CLIENT_REQUEST","","","","","","","","","","","","","","","","",""
"61160","2025-09-24 19:32:23 -12","ORDER_CANCEL","CLIENT_REQUEST","","","","","","","","","","","","","","","","",""
"61161","2025-09-24 19:32:23 -12","ORDER_CANCEL","CLIENT_REQUEST","","","","","","","","","","","","","","","","",""
"61162","2025-09-24 19:32:25 -12","MARKET_IF_TOUCHED_ORDER","CLIENT_ORDER","EUR/USD","1.17548","1000.00","Buy","","1.17494","","1.17584","","","","","","","","",""
"61163","2025-09-24 19:32:25 -12","MARKET_IF_TOUCHED_ORDER","CLIENT_ORDER","EUR/USD","1.17440","1000.00","Sell","","1.17494","","1.17404","","","","","","","","",""
"61164","2025-09-24 19:32:25 -12","MARKET_IF_TOUCHED_ORDER","CLIENT_ORDER","EUR/USD","1.17598","1000.00","Buy","","1.17544","","1.17634","","","","","","","","",""
"61165","2025-09-24 19:32:26 -12","MARKET_IF_TOUCHED_ORDER","CLIENT_ORDER","EUR/USD","1.17390","1000.00","Sell","","1.17444","","1.17354","","","","","","","","",""
"61166","2025-09-24 19:32:26 -12","MARKET_IF_TOUCHED_ORDER","CLIENT_ORDER","EUR/USD","1.17648","1000.00","Buy","","1.17594","","1.17684","","","","","","","","",""
"61167","2025-09-24 19:32:26 -12","MARKET_IF_TOUCHED_ORDER","CLIENT_ORDER","EUR/USD","1.17340","1000.00","Sell","","1.17394","","1.17304","","","","","","","","",""
"61168","2025-09-24 19:32:26 -12","MARKET_IF_TOUCHED_ORDER","CLIENT_ORDER","EUR/USD","1.17698","1000.00","Buy","","1.17644","","1.17734","","","","","","","","",""
"61169","2025-09-24 19:32:27 -12","MARKET_IF_TOUCHED_ORDER","CLIENT_ORDER","EUR/USD","1.17290","1000.00","Sell","","1.17344","","1.17254","","","","","","","","",""
"61170","2025-09-24 19:32:27 -12","MARKET_IF_TOUCHED_ORDER","CLIENT_ORDER","EUR/USD","1.17748","1000.00","Buy","","1.17694","","1.17784","","","","","","","","",""
"61171","2025-09-24 19:32:27 -12","MARKET_IF_TOUCHED_ORDER","CLIENT_ORDER","EUR/USD","1.17240","1000.00","Sell","","1.17294","","1.17204","","","","","","","","",""
"61172","2025-09-24 19:34:19 -12","ORDER_FILL","MARKET_IF_TOUCHED_ORDER","EUR/USD","1.17432","1000.00","Sell","0.0515","","","","","0.00000","0.0000","0.0000","","","0.00000","","98976.31"
"61173","2025-09-24 19:34:19 -12","TAKE_PROFIT_ORDER","ON_FILL","","1.17404","","","","","","","","","","","","","","",""
"61174","2025-09-24 19:34:19 -12","STOP_LOSS_ORDER","ON_FILL","","1.17494","","","","","","","","","","","","","","",""
"61175","2025-09-24 19:34:28 -12","ORDER_CANCEL","CLIENT_REQUEST","","","","","","","","","","","","","","","","",""
"61176","2025-09-24 19:34:28 -12","ORDER_CANCEL","CLIENT_REQUEST","","","","","","","","","","","","","","","","",""
"61177","2025-09-24 19:34:28 -12","ORDER_CANCEL","CLIENT_REQUEST","","","","","","","","","","","","","","","","",""
"61178","2025-09-24 19:34:28 -12","ORDER_CANCEL","CLIENT_REQUEST","","","","","","","","","","","","","","","","",""
"61179","2025-09-24 19:34:29 -12","ORDER_CANCEL","CLIENT_REQUEST","","","","","","","","","","","","","","","","",""
"61180","2025-09-24 19:34:29 -12","ORDER_CANCEL","CLIENT_REQUEST","","","","","","","","","","","","","","","","",""
"61181","2025-09-24 19:34:29 -12","ORDER_CANCEL","CLIENT_REQUEST","","","","","","","","","","","","","","","","",""
"61182","2025-09-24 19:34:29 -12","ORDER_CANCEL","CLIENT_REQUEST","","","","","","","","","","","","","","","","",""
"61183","2025-09-24 19:34:30 -12","ORDER_CANCEL","CLIENT_REQUEST","","","","","","","","","","","","","","","","",""
"61184","2025-09-24 19:34:30 -12","ORDER_CANCEL","CLIENT_REQUEST","","","","","","","","","","","","","","","","",""
"61185","2025-09-24 19:34:30 -12","ORDER_CANCEL","CLIENT_REQUEST","","","","","","","","","","","","","","","","",""
"61186","2025-09-24 19:34:32 -12","MARKET_IF_TOUCHED_ORDER","CLIENT_ORDER","EUR/USD","1.17548","1000.00","Buy","","1.17494","","1.17584","","","","","","","","",""
"61187","2025-09-24 19:34:32 -12","MARKET_IF_TOUCHED_ORDER","CLIENT_ORDER","EUR/USD","1.17440","1000.00","Sell","","1.17494","","1.17404","","","","","","","","",""
"61188","2025-09-24 19:34:32 -12","MARKET_IF_TOUCHED_ORDER","CLIENT_ORDER","EUR/USD","1.17598","1000.00","Buy","","1.17544","","1.17634","","","","","","","","",""
"61189","2025-09-24 19:34:33 -12","MARKET_IF_TOUCHED_ORDER","CLIENT_ORDER","EUR/USD","1.17390","1000.00","Sell","","1.17444","","1.17354","","","","","","","","",""
"61190","2025-09-24 19:34:33 -12","MARKET_IF_TOUCHED_ORDER","CLIENT_ORDER","EUR/USD","1.17648","1000.00","Buy","","1.17594","","1.17684","","","","","","","","",""
"61191","2025-09-24 19:34:33 -12","MARKET_IF_TOUCHED_ORDER","CLIENT_ORDER","EUR/USD","1.17340","1000.00","Sell","","1.17394","","1.17304","","","","","","","","",""
"61192","2025-09-24 19:34:33 -12","MARKET_IF_TOUCHED_ORDER","CLIENT_ORDER","EUR/USD","1.17698","1000.00","Buy","","1.17644","","1.17734","","","","","","","","",""
"61193","2025-09-24 19:34:33 -12","MARKET_IF_TOUCHED_ORDER","CLIENT_ORDER","EUR/USD","1.17290","1000.00","Sell","","1.17344","","1.17254","","","","","","","","",""
"61194","2025-09-24 19:34:34 -12","MARKET_IF_TOUCHED_ORDER","CLIENT_ORDER","EUR/USD","1.17748","1000.00","Buy","","1.17694","","1.17784","","","","","","","","",""
"61195","2025-09-24 19:34:34 -12","MARKET_IF_TOUCHED_ORDER","CLIENT_ORDER","EUR/USD","1.17240","1000.00","Sell","","1.17294","","1.17204","","","","","","","","",""
"61196","2025-09-24 19:34:35 -12","ORDER_FILL","MARKET_IF_TOUCHED_ORDER","EUR/USD","1.17431","1000.00","Sell","0.0580","","","","","0.00000","0.0000","0.0000","","","0.00000","","98976.31"
"61197","2025-09-24 19:34:35 -12","TAKE_PROFIT_ORDER","ON_FILL","","1.17404","","","","","","","","","","","","","","",""
"61198","2025-09-24 19:34:35 -12","STOP_LOSS_ORDER","ON_FILL","","1.17494","","","","","","","","","","","","","","",""
"61199","2025-09-24 19:36:35 -12","ORDER_CANCEL","CLIENT_REQUEST","","","","","","","","","","","","","","","","",""
"61200","2025-09-24 19:36:35 -12","ORDER_CANCEL","CLIENT_REQUEST","","","","","","","","","","","","","","","","",""
"61201","2025-09-24 19:36:35 -12","ORDER_CANCEL","CLIENT_REQUEST","","","","","","","","","","","","","","","","",""
"61202","2025-09-24 19:36:35 -12","ORDER_CANCEL","CLIENT_REQUEST","","","","","","","","","","","","","","","","",""
"61203","2025-09-24 19:36:36 -12","ORDER_CANCEL","CLIENT_REQUEST","","","","","","","","","","","","","","","","",""
"61204","2025-09-24 19:36:36 -12","ORDER_CANCEL","CLIENT_REQUEST","","","","","","","","","","","","","","","","",""
"61205","2025-09-24 19:36:36 -12","ORDER_CANCEL","CLIENT_REQUEST","","","","","","","","","","","","","","","","",""
"61206","2025-09-24 19:36:36 -12","ORDER_CANCEL","CLIENT_REQUEST","","","","","","","","","","","","","","","","",""
"61207","2025-09-24 19:36:37 -12","ORDER_CANCEL","CLIENT_REQUEST","","","","","","","","","","","","","","","","",""
"61208","2025-09-24 19:36:37 -12","ORDER_CANCEL","CLIENT_REQUEST","","","","","","","","","","","","","","","","",""
"61209","2025-09-24 19:36:37 -12","ORDER_CANCEL","CLIENT_REQUEST","","","","","","","","","","","","","","","","",""
"61210","2025-09-24 19:36:39 -12","MARKET_IF_TOUCHED_ORDER","CLIENT_ORDER","EUR/USD","1.17548","1000.00","Buy","","1.17488","","1.17588","","","","","","","","",""
"61211","2025-09-24 19:36:39 -12","MARKET_IF_TOUCHED_ORDER","CLIENT_ORDER","EUR/USD","1.17440","1000.00","Sell","","1.17500","","1.17400","","","","","","","","",""
"61212","2025-09-24 19:36:39 -12","MARKET_IF_TOUCHED_ORDER","CLIENT_ORDER","EUR/USD","1.17598","1000.00","Buy","","1.17538","","1.17638","","","","","","","","",""
"61213","2025-09-24 19:36:39 -12","MARKET_IF_TOUCHED_ORDER","CLIENT_ORDER","EUR/USD","1.17390","1000.00","Sell","","1.17450","","1.17350","","","","","","","","",""
"61214","2025-09-24 19:36:40 -12","MARKET_IF_TOUCHED_ORDER","CLIENT_ORDER","EUR/USD","1.17648","1000.00","Buy","","1.17588","","1.17688","","","","","","","","",""
"61215","2025-09-24 19:36:40 -12","MARKET_IF_TOUCHED_ORDER","CLIENT_ORDER","EUR/USD","1.17340","1000.00","Sell","","1.17400","","1.17300","","","","","","","","",""
"61216","2025-09-24 19:36:40 -12","MARKET_IF_TOUCHED_ORDER","CLIENT_ORDER","EUR/USD","1.17698","1000.00","Buy","","1.17638","","1.17738","","","","","","","","",""
"61217","2025-09-24 19:36:40 -12","MARKET_IF_TOUCHED_ORDER","CLIENT_ORDER","EUR/USD","1.17290","1000.00","Sell","","1.17350","","1.17250","","","","","","","","",""
"61218","2025-09-24 19:36:41 -12","MARKET_IF_TOUCHED_ORDER","CLIENT_ORDER","EUR/USD","1.17748","1000.00","Buy","","1.17688","","1.17788","","","","","","","","",""
"61219","2025-09-24 19:36:41 -12","MARKET_IF_TOUCHED_ORDER","CLIENT_ORDER","EUR/USD","1.17240","1000.00","Sell","","1.17300","","1.17200","","","","","","","","",""
"61220","2025-09-24 19:38:05 -12","ORDER_FILL","MARKET_IF_TOUCHED_ORDER","EUR/USD","1.17431","1000.00","Sell","0.0580","","","","","0.00000","0.0000","0.0000","","","0.00000","","98976.31"
"61221","2025-09-24 19:38:05 -12","TAKE_PROFIT_ORDER","ON_FILL","","1.17400","","","","","","","","","","","","","","",""
"61222","2025-09-24 19:38:05 -12","STOP_LOSS_ORDER","ON_FILL","","1.17500","","","","","","","","","","","","","","",""
"61223","2025-09-24 19:38:41 -12","ORDER_CANCEL","CLIENT_REQUEST","","","","","","","","","","","","","","","","",""
"61224","2025-09-24 19:38:42 -12","ORDER_CANCEL","CLIENT_REQUEST","","","","","","","","","","","","","","","","",""
"61225","2025-09-24 19:38:42 -12","ORDER_CANCEL","CLIENT_REQUEST","","","","","","","","","","","","","","","","",""
"61226","2025-09-24 19:38:42 -12","ORDER_CANCEL","CLIENT_REQUEST","","","","","","","","","","","","","","","","",""
"61227","2025-09-24 19:38:42 -12","ORDER_CANCEL","CLIENT_REQUEST","","","","","","","","","","","","","","","","",""
"61228","2025-09-24 19:38:43 -12","ORDER_CANCEL","CLIENT_REQUEST","","","","","","","","","","","","","","","","",""
"61229","2025-09-24 19:38:43 -12","ORDER_CANCEL","CLIENT_REQUEST","","","","","","","","","","","","","","","","",""
"61230","2025-09-24 19:38:43 -12","ORDER_CANCEL","CLIENT_REQUEST","","","","","","","","","","","","","","","","",""
"61231","2025-09-24 19:38:43 -12","ORDER_CANCEL","CLIENT_REQUEST","","","","","","","","","","","","","","","","",""
"61232","2025-09-24 19:38:44 -12","ORDER_CANCEL","CLIENT_REQUEST","","","","","","","","","","","","","","","","",""
"61233","2025-09-24 19:38:44 -12","ORDER_CANCEL","CLIENT_REQUEST","","","","","","","","","","","","","","","","",""
"61234","2025-09-24 19:38:45 -12","MARKET_IF_TOUCHED_ORDER","CLIENT_ORDER","EUR/USD","1.17548","1000.00","Buy","","1.17488","","1.17588","","","","","","","","",""
"61235","2025-09-24 19:38:45 -12","MARKET_IF_TOUCHED_ORDER","CLIENT_ORDER","EUR/USD","1.17440","1000.00","Sell","","1.17500","","1.17400","","","","","","","","",""
"61236","2025-09-24 19:38:46 -12","MARKET_IF_TOUCHED_ORDER","CLIENT_ORDER","EUR/USD","1.17598","1000.00","Buy","","1.17538","","1.17638","","","","","","","","",""
"61237","2025-09-24 19:38:46 -12","MARKET_IF_TOUCHED_ORDER","CLIENT_ORDER","EUR/USD","1.17390","1000.00","Sell","","1.17450","","1.17350","","","","","","","","",""
"61238","2025-09-24 19:38:46 -12","MARKET_IF_TOUCHED_ORDER","CLIENT_ORDER","EUR/USD","1.17648","1000.00","Buy","","1.17588","","1.17688","","","","","","","","",""
"61239","2025-09-24 19:38:46 -12","MARKET_IF_TOUCHED_ORDER","CLIENT_ORDER","EUR/USD","1.17340","1000.00","Sell","","1.17400","","1.17300","","","","","","","","",""
"61240","2025-09-24 19:38:47 -12","MARKET_IF_TOUCHED_ORDER","CLIENT_ORDER","EUR/USD","1.17698","1000.00","Buy","","1.17638","","1.17738","","","","","","","","",""
"61241","2025-09-24 19:38:47 -12","MARKET_IF_TOUCHED_ORDER","CLIENT_ORDER","EUR/USD","1.17290","1000.00","Sell","","1.17350","","1.17250","","","","","","","","",""
"61242","2025-09-24 19:38:47 -12","MARKET_IF_TOUCHED_ORDER","CLIENT_ORDER","EUR/USD","1.17748","1000.00","Buy","","1.17688","","1.17788","","","","","","","","",""
"61243","2025-09-24 19:38:48 -12","MARKET_IF_TOUCHED_ORDER","CLIENT_ORDER","EUR/USD","1.17240","1000.00","Sell","","1.17300","","1.17200","","","","","","","","",""
"61244","2025-09-24 19:38:54 -12","ORDER_FILL","MARKET_IF_TOUCHED_ORDER","EUR/USD","1.17429","1000.00","Sell","0.0708","","","","","0.00000","0.0000","0.0000","","","0.00000","","98976.31"
"61245","2025-09-24 19:38:54 -12","TAKE_PROFIT_ORDER","ON_FILL","","1.17400","","","","","","","","","","","","","","",""
"61246","2025-09-24 19:38:54 -12","STOP_LOSS_ORDER","ON_FILL","","1.17500","","","","","","","","","","","","","","",""
"61247","2025-09-24 19:40:48 -12","ORDER_CANCEL","CLIENT_REQUEST","","","","","","","","","","","","","","","","",""
"61248","2025-09-24 19:40:48 -12","ORDER_CANCEL","CLIENT_REQUEST","","","","","","","","","","","","","","","","",""
"61249","2025-09-24 19:40:49 -12","ORDER_CANCEL","CLIENT_REQUEST","","","","","","","","","","","","","","","","",""
"61250","2025-09-24 19:40:49 -12","ORDER_CANCEL","CLIENT_REQUEST","","","","","","","","","","","","","","","","",""
"61251","2025-09-24 19:40:49 -12","ORDER_CANCEL","CLIENT_REQUEST","","","","","","","","","","","","","","","","",""
"61252","2025-09-24 19:40:49 -12","ORDER_CANCEL","CLIENT_REQUEST","","","","","","","","","","","","","","","","",""
"61253","2025-09-24 19:40:50 -12","ORDER_CANCEL","CLIENT_REQUEST","","","","","","","","","","","","","","","","",""
"61254","2025-09-24 19:40:50 -12","ORDER_CANCEL","CLIENT_REQUEST","","","","","","","","","","","","","","","","",""
"61255","2025-09-24 19:40:50 -12","ORDER_CANCEL","CLIENT_REQUEST","","","","","","","","","","","","","","","","",""
"61256","2025-09-24 19:40:50 -12","ORDER_CANCEL","CLIENT_REQUEST","","","","","","","","","","","","","","","","",""
"61257","2025-09-24 19:40:51 -12","ORDER_CANCEL","CLIENT_REQUEST","","","","","","","","","","","","","","","","",""
"61258","2025-09-24 19:40:52 -12","MARKET_IF_TOUCHED_ORDER","CLIENT_ORDER","EUR/USD","1.17548","1000.00","Buy","","1.17491","","1.17586","","","","","","","","",""
"61259","2025-09-24 19:40:52 -12","MARKET_IF_TOUCHED_ORDER","CLIENT_ORDER","EUR/USD","1.17440","1000.00","Sell","","1.17497","","1.17402","","","","","","","","",""
"61260","2025-09-24 19:40:52 -12","MARKET_IF_TOUCHED_ORDER","CLIENT_ORDER","EUR/USD","1.17598","1000.00","Buy","","1.17541","","1.17636","","","","","","","","",""
"61261","2025-09-24 19:40:53 -12","MARKET_IF_TOUCHED_ORDER","CLIENT_ORDER","EUR/USD","1.17390","1000.00","Sell","","1.17447","","1.17352","","","","","","","","",""
"61262","2025-09-24 19:40:53 -12","MARKET_IF_TOUCHED_ORDER","CLIENT_ORDER","EUR/USD","1.17648","1000.00","Buy","","1.17591","","1.17686","","","","","","","","",""
"61263","2025-09-24 19:40:53 -12","MARKET_IF_TOUCHED_ORDER","CLIENT_ORDER","EUR/USD","1.17340","1000.00","Sell","","1.17397","","1.17302","","","","","","","","",""
"61264","2025-09-24 19:40:53 -12","MARKET_IF_TOUCHED_ORDER","CLIENT_ORDER","EUR/USD","1.17698","1000.00","Buy","","1.17641","","1.17736","","","","","","","","",""
"61265","2025-09-24 19:40:54 -12","MARKET_IF_TOUCHED_ORDER","CLIENT_ORDER","EUR/USD","1.17290","1000.00","Sell","","1.17347","","1.17252","","","","","","","","",""
"61266","2025-09-24 19:40:54 -12","MARKET_IF_TOUCHED_ORDER","CLIENT_ORDER","EUR/USD","1.17748","1000.00","Buy","","1.17691","","1.17786","","","","","","","","",""
"61267","2025-09-24 19:40:54 -12","MARKET_IF_TOUCHED_ORDER","CLIENT_ORDER","EUR/USD","1.17240","1000.00","Sell","","1.17297","","1.17202","","","","","","","","",""
"61268","2025-09-24 19:41:15 -12","ORDER_FILL","MARKET_IF_TOUCHED_ORDER","EUR/USD","1.17430","1000.00","Sell","0.0709","","","","","0.00000","0.0000","0.0000","","","0.00000","","98976.31"
"61269","2025-09-24 19:41:15 -12","TAKE_PROFIT_ORDER","ON_FILL","","1.17402","","","","","","","","","","","","","","",""
"61270","2025-09-24 19:41:15 -12","STOP_LOSS_ORDER","ON_FILL","","1.17497","","","","","","","","","","","","","","",""
"61271","2025-09-24 19:42:55 -12","ORDER_CANCEL","CLIENT_REQUEST","","","","","","","","","","","","","","","","",""
"61272","2025-09-24 19:42:55 -12","ORDER_CANCEL","CLIENT_REQUEST","","","","","","","","","","","","","","","","",""
"61273","2025-09-24 19:42:55 -12","ORDER_CANCEL","CLIENT_REQUEST","","","","","","","","","","","","","","","","",""
"61274","2025-09-24 19:42:55 -12","ORDER_CANCEL","CLIENT_REQUEST","","","","","","","","","","","","","","","","",""
"61275","2025-09-24 19:42:56 -12","ORDER_CANCEL","CLIENT_REQUEST","","","","","","","","","","","","","","","","",""
"61276","2025-09-24 19:42:56 -12","ORDER_CANCEL","CLIENT_REQUEST","","","","","","","","","","","","","","","","",""
"61277","2025-09-24 19:42:56 -12","ORDER_CANCEL","CLIENT_REQUEST","","","","","","","","","","","","","","","","",""
"61278","2025-09-24 19:42:56 -12","ORDER_CANCEL","CLIENT_REQUEST","","","","","","","","","","","","","","","","",""
"61279","2025-09-24 19:42:57 -12","ORDER_CANCEL","CLIENT_REQUEST","","","","","","","","","","","","","","","","",""
"61280","2025-09-24 19:42:57 -12","ORDER_CANCEL","CLIENT_REQUEST","","","","","","","","","","","","","","","","",""
"61281","2025-09-24 19:42:57 -12","ORDER_CANCEL","CLIENT_REQUEST","","","","","","","","","","","","","","","","",""
"61282","2025-09-24 19:42:59 -12","MARKET_IF_TOUCHED_ORDER","CLIENT_ORDER","EUR/USD","1.17548","1000.00","Buy","","1.17491","","1.17586","","","","","","","","",""
"61283","2025-09-24 19:42:59 -12","MARKET_IF_TOUCHED_ORDER","CLIENT_ORDER","EUR/USD","1.17440","1000.00","Sell","","1.17497","","1.17402","","","","","","","","",""
"61284","2025-09-24 19:42:59 -12","MARKET_IF_TOUCHED_ORDER","CLIENT_ORDER","EUR/USD","1.17598","1000.00","Buy","","1.17541","","1.17636","","","","","","","","",""
"61285","2025-09-24 19:42:59 -12","MARKET_IF_TOUCHED_ORDER","CLIENT_ORDER","EUR/USD","1.17390","1000.00","Sell","","1.17447","","1.17352","","","","","","","","",""
"61286","2025-09-24 19:43:00 -12","MARKET_IF_TOUCHED_ORDER","CLIENT_ORDER","EUR/USD","1.17648","1000.00","Buy","","1.17591","","1.17686","","","","","","","","",""
"61287","2025-09-24 19:43:00 -12","MARKET_IF_TOUCHED_ORDER","CLIENT_ORDER","EUR/USD","1.17340","1000.00","Sell","","1.17397","","1.17302","","","","","","","","",""
"61288","2025-09-24 19:43:00 -12","MARKET_IF_TOUCHED_ORDER","CLIENT_ORDER","EUR/USD","1.17698","1000.00","Buy","","1.17641","","1.17736","","","","","","","","",""
"61289","2025-09-24 19:43:00 -12","MARKET_IF_TOUCHED_ORDER","CLIENT_ORDER","EUR/USD","1.17290","1000.00","Sell","","1.17347","","1.17252","","","","","","","","",""
"61290","2025-09-24 19:43:01 -12","MARKET_IF_TOUCHED_ORDER","CLIENT_ORDER","EUR/USD","1.17748","1000.00","Buy","","1.17691","","1.17786","","","","","","","","",""
"61291","2025-09-24 19:43:01 -12","MARKET_IF_TOUCHED_ORDER","CLIENT_ORDER","EUR/USD","1.17240","1000.00","Sell","","1.17297","","1.17202","","","","","","","","",""
"61292","2025-09-24 19:43:07 -12","ORDER_FILL","MARKET_IF_TOUCHED_ORDER","EUR/USD","1.17429","1000.00","Sell","0.0709","","","","","0.00000","0.0000","0.0000","","","0.00000","","98976.31"
"61293","2025-09-24 19:43:07 -12","TAKE_PROFIT_ORDER","ON_FILL","","1.17402","","","","","","","","","","","","","","",""
"61294","2025-09-24 19:43:07 -12","STOP_LOSS_ORDER","ON_FILL","","1.17497","","","","","","","","","","","","","","",""
"61295","2025-09-24 19:45:01 -12","ORDER_CANCEL","CLIENT_REQUEST","","","","","","","","","","","","","","","","",""
"61296","2025-09-24 19:45:02 -12","ORDER_CANCEL","CLIENT_REQUEST","","","","","","","","","","","","","","","","",""
"61297","2025-09-24 19:45:02 -12","ORDER_CANCEL","CLIENT_REQUEST","","","","","","","","","","","","","","","","",""
"61298","2025-09-24 19:45:02 -12","ORDER_CANCEL","CLIENT_REQUEST","","","","","","","","","","","","","","","","",""
"61299","2025-09-24 19:45:02 -12","ORDER_CANCEL","CLIENT_REQUEST","","","","","","","","","","","","","","","","",""
"61300","2025-09-24 19:45:03 -12","ORDER_CANCEL","CLIENT_REQUEST","","","","","","","","","","","","","","","","",""
"61301","2025-09-24 19:45:03 -12","ORDER_CANCEL","CLIENT_REQUEST","","","","","","","","","","","","","","","","",""
"61302","2025-09-24 19:45:03 -12","ORDER_CANCEL","CLIENT_REQUEST","","","","","","","","","","","","","","","","",""
"61303","2025-09-24 19:45:03 -12","ORDER_CANCEL","CLIENT_REQUEST","","","","","","","","","","","","","","","","",""
"61304","2025-09-24 19:45:04 -12","ORDER_CANCEL","CLIENT_REQUEST","","","","","","","","","","","","","","","","",""
"61305","2025-09-24 19:45:04 -12","ORDER_CANCEL","CLIENT_REQUEST","","","","","","","","","","","","","","","","",""
"61306","2025-09-24 19:45:05 -12","MARKET_IF_TOUCHED_ORDER","CLIENT_ORDER","EUR/USD","1.17548","1000.00","Buy","","1.17494","","1.17584","","","","","","","","",""
"61307","2025-09-24 19:45:06 -12","MARKET_IF_TOUCHED_ORDER","CLIENT_ORDER","EUR/USD","1.17440","1000.00","Sell","","1.17494","","1.17404","","","","","","","","",""
"61308","2025-09-24 19:45:06 -12","MARKET_IF_TOUCHED_ORDER","CLIENT_ORDER","EUR/USD","1.17598","1000.00","Buy","","1.17544","","1.17634","","","","","","","","",""
"61309","2025-09-24 19:45:06 -12","MARKET_IF_TOUCHED_ORDER","CLIENT_ORDER","EUR/USD","1.17390","1000.00","Sell","","1.17444","","1.17354","","","","","","","","",""
"61310","2025-09-24 19:45:06 -12","MARKET_IF_TOUCHED_ORDER","CLIENT_ORDER","EUR/USD","1.17648","1000.00","Buy","","1.17594","","1.17684","","","","","","","","",""
"61311","2025-09-24 19:45:07 -12","MARKET_IF_TOUCHED_ORDER","CLIENT_ORDER","EUR/USD","1.17340","1000.00","Sell","","1.17394","","1.17304","","","","","","","","",""
"61312","2025-09-24 19:45:07 -12","MARKET_IF_TOUCHED_ORDER","CLIENT_ORDER","EUR/USD","1.17698","1000.00","Buy","","1.17644","","1.17734","","","","","","","","",""
"61313","2025-09-24 19:45:07 -12","MARKET_IF_TOUCHED_ORDER","CLIENT_ORDER","EUR/USD","1.17290","1000.00","Sell","","1.17344","","1.17254","","","","","","","","",""
"61314","2025-09-24 19:45:07 -12","MARKET_IF_TOUCHED_ORDER","CLIENT_ORDER","EUR/USD","1.17748","1000.00","Buy","","1.17694","","1.17784","","","","","","","","",""
"61315","2025-09-24 19:45:08 -12","MARKET_IF_TOUCHED_ORDER","CLIENT_ORDER","EUR/USD","1.17240","1000.00","Sell","","1.17294","","1.17204","","","","","","","","",""
"61316","2025-09-24 19:46:13 -12","ORDER_FILL","MARKET_IF_TOUCHED_ORDER","EUR/USD","1.17380","1000.00","Sell","0.0580","","","","","0.00000","0.0000","0.0000","","","0.00000","","98976.31"
"61317","2025-09-24 19:46:13 -12","TAKE_PROFIT_ORDER","ON_FILL","","1.17354","","","","","","","","","","","","","","",""
"61318","2025-09-24 19:46:13 -12","STOP_LOSS_ORDER","ON_FILL","","1.17444","","","","","","","","","","","","","","",""
"61319","2025-09-24 19:47:09 -12","ORDER_CANCEL","CLIENT_REQUEST","","","","","","","","","","","","","","","","",""
"61320","2025-09-24 19:47:09 -12","ORDER_CANCEL","CLIENT_REQUEST","","","","","","","","","","","","","","","","",""
"61321","2025-09-24 19:47:09 -12","ORDER_CANCEL","CLIENT_REQUEST","","","","","","","","","","","","","","","","",""
"61322","2025-09-24 19:47:09 -12","ORDER_CANCEL","CLIENT_REQUEST","","","","","","","","","","","","","","","","",""
"61323","2025-09-24 19:47:10 -12","ORDER_CANCEL","CLIENT_REQUEST","","","","","","","","","","","","","","","","",""
"61324","2025-09-24 19:47:10 -12","ORDER_CANCEL","CLIENT_REQUEST","","","","","","","","","","","","","","","","",""
"61325","2025-09-24 19:47:10 -12","ORDER_CANCEL","CLIENT_REQUEST","","","","","","","","","","","","","","","","",""
"61326","2025-09-24 19:47:10 -12","ORDER_CANCEL","CLIENT_REQUEST","","","","","","","","","","","","","","","","",""
"61327","2025-09-24 19:47:11 -12","ORDER_CANCEL","CLIENT_REQUEST","","","","","","","","","","","","","","","","",""
"61328","2025-09-24 19:47:11 -12","ORDER_CANCEL","CLIENT_REQUEST","","","","","","","","","","","","","","","","",""
"61329","2025-09-24 19:47:12 -12","ORDER_CANCEL","CLIENT_REQUEST","","","","","","","","","","","","","","","","",""
"61330","2025-09-24 19:47:13 -12","MARKET_IF_TOUCHED_ORDER","CLIENT_ORDER","EUR/USD","1.17548","1000.00","Buy","","1.17494","","1.17584","","","","","","","","",""
"61331","2025-09-24 19:47:13 -12","MARKET_IF_TOUCHED_ORDER","CLIENT_ORDER","EUR/USD","1.17440","1000.00","Sell","","1.17494","","1.17404","","","","","","","","",""
"61332","2025-09-24 19:47:14 -12","MARKET_IF_TOUCHED_ORDER","CLIENT_ORDER","EUR/USD","1.17598","1000.00","Buy","","1.17544","","1.17634","","","","","","","","",""
"61333","2025-09-24 19:47:14 -12","MARKET_IF_TOUCHED_ORDER","CLIENT_ORDER","EUR/USD","1.17390","1000.00","Sell","","1.17444","","1.17354","","","","","","","","",""
"61334","2025-09-24 19:47:14 -12","MARKET_IF_TOUCHED_ORDER","CLIENT_ORDER","EUR/USD","1.17648","1000.00","Buy","","1.17594","","1.17684","","","","","","","","",""
"61335","2025-09-24 19:47:14 -12","MARKET_IF_TOUCHED_ORDER","CLIENT_ORDER","EUR/USD","1.17340","1000.00","Sell","","1.17394","","1.17304","","","","","","","","",""
"61336","2025-09-24 19:47:15 -12","MARKET_IF_TOUCHED_ORDER","CLIENT_ORDER","EUR/USD","1.17698","1000.00","Buy","","1.17644","","1.17734","","","","","","","","",""
"61337","2025-09-24 19:47:15 -12","MARKET_IF_TOUCHED_ORDER","CLIENT_ORDER","EUR/USD","1.17290","1000.00","Sell","","1.17344","","1.17254","","","","","","","","",""
"61338","2025-09-24 19:47:15 -12","MARKET_IF_TOUCHED_ORDER","CLIENT_ORDER","EUR/USD","1.17748","1000.00","Buy","","1.17694","","1.17784","","","","","","","","",""
"61339","2025-09-24 19:47:15 -12","MARKET_IF_TOUCHED_ORDER","CLIENT_ORDER","EUR/USD","1.17240","1000.00","Sell","","1.17294","","1.17204","","","","","","","","",""
"61340","2025-09-24 19:47:58 -12","ORDER_FILL","MARKET_IF_TOUCHED_ORDER","EUR/USD","1.17379","1000.00","Sell","0.0709","","","","","0.00000","0.0000","0.0000","","","0.00000","","98976.31"
"61341","2025-09-24 19:47:58 -12","TAKE_PROFIT_ORDER","ON_FILL","","1.17354","","","","","","","","","","","","","","",""
"61342","2025-09-24 19:47:58 -12","STOP_LOSS_ORDER","ON_FILL","","1.17444","","","","","","","","","","","","","","",""
"61343","2025-09-24 19:48:45 -12","ORDER_FILL","TAKE_PROFIT_ORDER","EUR/USD","1.17354","1000.00","Buy","0.0644","","","","","0.00000","0.0000","0.0000","","1.2821","0.32050","","98976.63"
"61344","2025-09-24 19:48:45 -12","ORDER_CANCEL","LINKED_TRADE_CLOSED","","","","","","","","","","","","","","","","",""
"61345","2025-09-24 19:49:16 -12","ORDER_CANCEL","CLIENT_REQUEST","","","","","","","","","","","","","","","","",""
"61346","2025-09-24 19:49:17 -12","ORDER_CANCEL","CLIENT_REQUEST","","","","","","","","","","","","","","","","",""
"61347","2025-09-24 19:49:17 -12","ORDER_CANCEL","CLIENT_REQUEST","","","","","","","","","","","","","","","","",""
"61348","2025-09-24 19:49:18 -12","ORDER_CANCEL","CLIENT_REQUEST","","","","","","","","","","","","","","","","",""
"61349","2025-09-24 19:49:18 -12","ORDER_CANCEL","CLIENT_REQUEST","","","","","","","","","","","","","","","","",""
"61350","2025-09-24 19:49:18 -12","ORDER_CANCEL","CLIENT_REQUEST","","","","","","","","","","","","","","","","",""
"61351","2025-09-24 19:49:18 -12","ORDER_CANCEL","CLIENT_REQUEST","","","","","","","","","","","","","","","","",""
"61352","2025-09-24 19:49:19 -12","ORDER_CANCEL","CLIENT_REQUEST","","","","","","","","","","","","","","","","",""
"61353","2025-09-24 19:49:19 -12","ORDER_CANCEL","CLIENT_REQUEST","","","","","","","","","","","","","","","","",""
"61354","2025-09-24 19:49:20 -12","MARKET_IF_TOUCHED_ORDER","CLIENT_ORDER","EUR/USD","1.17548","1000.00","Buy","","1.17494","","1.17584","","","","","","","","",""
"61355","2025-09-24 19:49:21 -12","MARKET_IF_TOUCHED_ORDER","CLIENT_ORDER","EUR/USD","1.17440","1000.00","Sell","","1.17494","","1.17404","","","","","","","","",""
"61356","2025-09-24 19:49:21 -12","MARKET_IF_TOUCHED_ORDER","CLIENT_ORDER","EUR/USD","1.17598","1000.00","Buy","","1.17544","","1.17634","","","","","","","","",""
"61357","2025-09-24 19:49:21 -12","MARKET_IF_TOUCHED_ORDER","CLIENT_ORDER","EUR/USD","1.17390","1000.00","Sell","","1.17444","","1.17354","","","","","","","","",""
"61358","2025-09-24 19:49:21 -12","MARKET_IF_TOUCHED_ORDER","CLIENT_ORDER","EUR/USD","1.17648","1000.00","Buy","","1.17594","","1.17684","","","","","","","","",""
"61359","2025-09-24 19:49:22 -12","MARKET_IF_TOUCHED_ORDER","CLIENT_ORDER","EUR/USD","1.17340","1000.00","Sell","","1.17394","","1.17304","","","","","","","","",""
"61360","2025-09-24 19:49:22 -12","MARKET_IF_TOUCHED_ORDER","CLIENT_ORDER","EUR/USD","1.17698","1000.00","Buy","","1.17644","","1.17734","","","","","","","","",""
"61361","2025-09-24 19:49:22 -12","MARKET_IF_TOUCHED_ORDER","CLIENT_ORDER","EUR/USD","1.17290","1000.00","Sell","","1.17344","","1.17254","","","","","","","","",""
"61362","2025-09-24 19:49:23 -12","MARKET_IF_TOUCHED_ORDER","CLIENT_ORDER","EUR/USD","1.17748","1000.00","Buy","","1.17694","","1.17784","","","","","","","","",""
"61363","2025-09-24 19:49:23 -12","MARKET_IF_TOUCHED_ORDER","CLIENT_ORDER","EUR/USD","1.17240","1000.00","Sell","","1.17294","","1.17204","","","","","","","","",""
"61364","2025-09-24 19:49:23 -12","ORDER_FILL","MARKET_IF_TOUCHED_ORDER","EUR/USD","1.17329","1000.00","Sell","0.0709","","","","","0.00000","0.0000","0.0000","","","0.00000","","98976.63"
"61365","2025-09-24 19:49:23 -12","TAKE_PROFIT_ORDER","ON_FILL","","1.17304","","","","","","","","","","","","","","",""
"61366","2025-09-24 19:49:23 -12","STOP_LOSS_ORDER","ON_FILL","","1.17394","","","","","","","","","","","","","","",""
"61367","2025-09-24 19:51:23 -12","ORDER_CANCEL","CLIENT_REQUEST","","","","","","","","","","","","","","","","",""
"61368","2025-09-24 19:51:24 -12","ORDER_CANCEL","CLIENT_REQUEST","","","","","","","","","","","","","","","","",""
"61369","2025-09-24 19:51:24 -12","ORDER_CANCEL","CLIENT_REQUEST","","","","","","","","","","","","","","","","",""
"61370","2025-09-24 19:51:24 -12","ORDER_CANCEL","CLIENT_REQUEST","","","","","","","","","","","","","","","","",""
"61371","2025-09-24 19:51:24 -12","ORDER_CANCEL","CLIENT_REQUEST","","","","","","","","","","","","","","","","",""
"61372","2025-09-24 19:51:25 -12","ORDER_CANCEL","CLIENT_REQUEST","","","","","","","","","","","","","","","","",""
"61373","2025-09-24 19:51:25 -12","ORDER_CANCEL","CLIENT_REQUEST","","","","","","","","","","","","","","","","",""
"61374","2025-09-24 19:51:25 -12","ORDER_CANCEL","CLIENT_REQUEST","","","","","","","","","","","","","","","","",""
"61375","2025-09-24 19:51:25 -12","ORDER_CANCEL","CLIENT_REQUEST","","","","","","","","","","","","","","","","",""
"61376","2025-09-24 19:51:26 -12","ORDER_CANCEL","CLIENT_REQUEST","","","","","","","","","","","","","","","","",""
"61377","2025-09-24 19:51:26 -12","ORDER_CANCEL","CLIENT_REQUEST","","","","","","","","","","","","","","","","",""
"61378","2025-09-24 19:51:27 -12","MARKET_IF_TOUCHED_ORDER","CLIENT_ORDER","EUR/USD","1.17548","1000.00","Buy","","1.17486","","1.17589","","","","","","","","",""
"61379","2025-09-24 19:51:28 -12","MARKET_IF_TOUCHED_ORDER","CLIENT_ORDER","EUR/USD","1.17440","1000.00","Sell","","1.17502","","1.17399","","","","","","","","",""
"61380","2025-09-24 19:51:28 -12","MARKET_IF_TOUCHED_ORDER","CLIENT_ORDER","EUR/USD","1.17598","1000.00","Buy","","1.17536","","1.17639","","","","","","","","",""
"61381","2025-09-24 19:51:28 -12","MARKET_IF_TOUCHED_ORDER","CLIENT_ORDER","EUR/USD","1.17390","1000.00","Sell","","1.17452","","1.17349","","","","","","","","",""
"61382","2025-09-24 19:51:28 -12","MARKET_IF_TOUCHED_ORDER","CLIENT_ORDER","EUR/USD","1.17648","1000.00","Buy","","1.17586","","1.17689","","","","","","","","",""
"61383","2025-09-24 19:51:29 -12","MARKET_IF_TOUCHED_ORDER","CLIENT_ORDER","EUR/USD","1.17340","1000.00","Sell","","1.17402","","1.17299","","","","","","","","",""
"61384","2025-09-24 19:51:29 -12","MARKET_IF_TOUCHED_ORDER","CLIENT_ORDER","EUR/USD","1.17698","1000.00","Buy","","1.17636","","1.17739","","","","","","","","",""
"61385","2025-09-24 19:51:29 -12","MARKET_IF_TOUCHED_ORDER","CLIENT_ORDER","EUR/USD","1.17290","1000.00","Sell","","1.17352","","1.17249","","","","","","","","",""
"61386","2025-09-24 19:51:29 -12","MARKET_IF_TOUCHED_ORDER","CLIENT_ORDER","EUR/USD","1.17748","1000.00","Buy","","1.17686","","1.17789","","","","","","","","",""
"61387","2025-09-24 19:51:30 -12","MARKET_IF_TOUCHED_ORDER","CLIENT_ORDER","EUR/USD","1.17240","1000.00","Sell","","1.17302","","1.17199","","","","","","","","",""
"61388","2025-09-24 19:53:25 -12","ORDER_FILL","MARKET_IF_TOUCHED_ORDER","EUR/USD","1.17331","1000.00","Sell","0.0580","","","","","0.00000","0.0000","0.0000","","","0.00000","","98976.63"
"61389","2025-09-24 19:53:25 -12","TAKE_PROFIT_ORDER","ON_FILL","","1.17299","","","","","","","","","","","","","","",""
"61390","2025-09-24 19:53:25 -12","STOP_LOSS_ORDER","ON_FILL","","1.17402","","","","","","","","","","","","","","",""
"61391","2025-09-24 19:53:30 -12","ORDER_CANCEL","CLIENT_REQUEST","","","","","","","","","","","","","","","","",""
"61392","2025-09-24 19:53:30 -12","ORDER_CANCEL","CLIENT_REQUEST","","","","","","","","","","","","","","","","",""
"61393","2025-09-24 19:53:31 -12","ORDER_CANCEL","CLIENT_REQUEST","","","","","","","","","","","","","","","","",""
"61394","2025-09-24 19:53:31 -12","ORDER_CANCEL","CLIENT_REQUEST","","","","","","","","","","","","","","","","",""
"61395","2025-09-24 19:53:31 -12","ORDER_CANCEL","CLIENT_REQUEST","","","","","","","","","","","","","","","","",""
"61396","2025-09-24 19:53:32 -12","ORDER_CANCEL","CLIENT_REQUEST","","","","","","","","","","","","","","","","",""
"61397","2025-09-24 19:53:32 -12","ORDER_CANCEL","CLIENT_REQUEST","","","","","","","","","","","","","","","","",""
"61398","2025-09-24 19:53:32 -12","ORDER_CANCEL","CLIENT_REQUEST","","","","","","","","","","","","","","","","",""
"61399","2025-09-24 19:53:33 -12","ORDER_CANCEL","CLIENT_REQUEST","","","","","","","","","","","","","","","","",""
"61400","2025-09-24 19:53:33 -12","ORDER_CANCEL","CLIENT_REQUEST","","","","","","","","","","","","","","","","",""
"61401","2025-09-24 19:53:33 -12","ORDER_CANCEL","CLIENT_REQUEST","","","","","","","","","","","","","","","","",""
"61402","2025-09-24 19:53:35 -12","MARKET_IF_TOUCHED_ORDER","CLIENT_ORDER","EUR/USD","1.17548","1000.00","Buy","","1.17486","","1.17589","","","","","","","","",""
"61403","2025-09-24 19:53:35 -12","MARKET_IF_TOUCHED_ORDER","CLIENT_ORDER","EUR/USD","1.17440","1000.00","Sell","","1.17502","","1.17399","","","","","","","","",""
"61404","2025-09-24 19:53:35 -12","MARKET_IF_TOUCHED_ORDER","CLIENT_ORDER","EUR/USD","1.17598","1000.00","Buy","","1.17536","","1.17639","","","","","","","","",""
"61405","2025-09-24 19:53:35 -12","MARKET_IF_TOUCHED_ORDER","CLIENT_ORDER","EUR/USD","1.17390","1000.00","Sell","","1.17452","","1.17349","","","","","","","","",""
"61406","2025-09-24 19:53:36 -12","MARKET_IF_TOUCHED_ORDER","CLIENT_ORDER","EUR/USD","1.17648","1000.00","Buy","","1.17586","","1.17689","","","","","","","","",""
"61407","2025-09-24 19:53:36 -12","MARKET_IF_TOUCHED_ORDER","CLIENT_ORDER","EUR/USD","1.17340","1000.00","Sell","","1.17402","","1.17299","","","","","","","","",""
"61408","2025-09-24 19:53:36 -12","MARKET_IF_TOUCHED_ORDER","CLIENT_ORDER","EUR/USD","1.17698","1000.00","Buy","","1.17636","","1.17739","","","","","","","","",""
"61409","2025-09-24 19:53:36 -12","MARKET_IF_TOUCHED_ORDER","CLIENT_ORDER","EUR/USD","1.17290","1000.00","Sell","","1.17352","","1.17249","","","","","","","","",""
"61410","2025-09-24 19:53:37 -12","MARKET_IF_TOUCHED_ORDER","CLIENT_ORDER","EUR/USD","1.17748","1000.00","Buy","","1.17686","","1.17789","","","","","","","","",""
"61411","2025-09-24 19:53:37 -12","MARKET_IF_TOUCHED_ORDER","CLIENT_ORDER","EUR/USD","1.17240","1000.00","Sell","","1.17302","","1.17199","","","","","","","","",""
"61412","2025-09-24 19:53:44 -12","ORDER_FILL","MARKET_IF_TOUCHED_ORDER","EUR/USD","1.17332","1000.00","Sell","0.0516","","","","","0.00000","0.0000","0.0000","","","0.00000","","98976.63"
"61413","2025-09-24 19:53:44 -12","TAKE_PROFIT_ORDER","ON_FILL","","1.17299","","","","","","","","","","","","","","",""
"61414","2025-09-24 19:53:44 -12","STOP_LOSS_ORDER","ON_FILL","","1.17402","","","","","","","","","","","","","","",""
"61415","2025-09-24 19:55:37 -12","ORDER_CANCEL","CLIENT_REQUEST","","","","","","","","","","","","","","","","",""
"61416","2025-09-24 19:55:38 -12","ORDER_CANCEL","CLIENT_REQUEST","","","","","","","","","","","","","","","","",""
"61417","2025-09-24 19:55:38 -12","ORDER_CANCEL","CLIENT_REQUEST","","","","","","","","","","","","","","","","",""
"61418","2025-09-24 19:55:38 -12","ORDER_CANCEL","CLIENT_REQUEST","","","","","","","","","","","","","","","","",""
"61419","2025-09-24 19:55:38 -12","ORDER_CANCEL","CLIENT_REQUEST","","","","","","","","","","","","","","","","",""
"61420","2025-09-24 19:55:39 -12","ORDER_CANCEL","CLIENT_REQUEST","","","","","","","","","","","","","","","","",""
"61421","2025-09-24 19:55:39 -12","ORDER_CANCEL","CLIENT_REQUEST","","","","","","","","","","","","","","","","",""
"61422","2025-09-24 19:55:39 -12","ORDER_CANCEL","CLIENT_REQUEST","","","","","","","","","","","","","","","","",""
"61423","2025-09-24 19:55:40 -12","ORDER_CANCEL","CLIENT_REQUEST","","","","","","","","","","","","","","","","",""
"61424","2025-09-24 19:55:40 -12","ORDER_CANCEL","CLIENT_REQUEST","","","","","","","","","","","","","","","","",""
"61425","2025-09-24 19:55:40 -12","ORDER_CANCEL","CLIENT_REQUEST","","","","","","","","","","","","","","","","",""
"61426","2025-09-24 19:55:41 -12","MARKET_IF_TOUCHED_ORDER","CLIENT_ORDER","EUR/USD","1.17548","1000.00","Buy","","1.17485","","1.17590","","","","","","","","",""
"61427","2025-09-24 19:55:42 -12","MARKET_IF_TOUCHED_ORDER","CLIENT_ORDER","EUR/USD","1.17440","1000.00","Sell","","1.17503","","1.17398","","","","","","","","",""
"61428","2025-09-24 19:55:42 -12","MARKET_IF_TOUCHED_ORDER","CLIENT_ORDER","EUR/USD","1.17598","1000.00","Buy","","1.17535","","1.17640","","","","","","","","",""
"61429","2025-09-24 19:55:42 -12","MARKET_IF_TOUCHED_ORDER","CLIENT_ORDER","EUR/USD","1.17390","1000.00","Sell","","1.17453","","1.17348","","","","","","","","",""
"61430","2025-09-24 19:55:42 -12","MARKET_IF_TOUCHED_ORDER","CLIENT_ORDER","EUR/USD","1.17648","1000.00","Buy","","1.17585","","1.17690","","","","","","","","",""
"61431","2025-09-24 19:55:43 -12","MARKET_IF_TOUCHED_ORDER","CLIENT_ORDER","EUR/USD","1.17340","1000.00","Sell","","1.17403","","1.17298","","","","","","","","",""
"61432","2025-09-24 19:55:43 -12","MARKET_IF_TOUCHED_ORDER","CLIENT_ORDER","EUR/USD","1.17698","1000.00","Buy","","1.17635","","1.17740","","","","","","","","",""
"61433","2025-09-24 19:55:43 -12","MARKET_IF_TOUCHED_ORDER","CLIENT_ORDER","EUR/USD","1.17290","1000.00","Sell","","1.17353","","1.17248","","","","","","","","",""
"61434","2025-09-24 19:55:43 -12","MARKET_IF_TOUCHED_ORDER","CLIENT_ORDER","EUR/USD","1.17748","1000.00","Buy","","1.17685","","1.17790","","","","","","","","",""
"61435","2025-09-24 19:55:44 -12","MARKET_IF_TOUCHED_ORDER","CLIENT_ORDER","EUR/USD","1.17240","1000.00","Sell","","1.17303","","1.17198","","","","","","","","",""
"61436","2025-09-24 19:56:47 -12","ORDER_FILL","MARKET_IF_TOUCHED_ORDER","EUR/USD","1.17329","1000.00","Sell","0.0709","","","","","0.00000","0.0000","0.0000","","","0.00000","","98976.63"
"61437","2025-09-24 19:56:47 -12","TAKE_PROFIT_ORDER","ON_FILL","","1.17298","","","","","","","","","","","","","","",""
"61438","2025-09-24 19:56:47 -12","STOP_LOSS_ORDER","ON_FILL","","1.17403","","","","","","","","","","","","","","",""
"61439","2025-09-24 19:57:44 -12","ORDER_CANCEL","CLIENT_REQUEST","","","","","","","","","","","","","","","","",""
"61440","2025-09-24 19:57:44 -12","ORDER_CANCEL","CLIENT_REQUEST","","","","","","","","","","","","","","","","",""
"61441","2025-09-24 19:57:45 -12","ORDER_CANCEL","CLIENT_REQUEST","","","","","","","","","","","","","","","","",""
"61442","2025-09-24 19:57:45 -12","ORDER_CANCEL","CLIENT_REQUEST","","","","","","","","","","","","","","","","",""
"61443","2025-09-24 19:57:45 -12","ORDER_CANCEL","CLIENT_REQUEST","","","","","","","","","","","","","","","","",""
"61444","2025-09-24 19:57:45 -12","ORDER_CANCEL","CLIENT_REQUEST","","","","","","","","","","","","","","","","",""
"61445","2025-09-24 19:57:46 -12","ORDER_CANCEL","CLIENT_REQUEST","","","","","","","","","","","","","","","","",""
"61446","2025-09-24 19:57:46 -12","ORDER_CANCEL","CLIENT_REQUEST","","","","","","","","","","","","","","","","",""
"61447","2025-09-24 19:57:46 -12","ORDER_CANCEL","CLIENT_REQUEST","","","","","","","","","","","","","","","","",""
"61448","2025-09-24 19:57:46 -12","ORDER_CANCEL","CLIENT_REQUEST","","","","","","","","","","","","","","","","",""
"61449","2025-09-24 19:57:47 -12","ORDER_CANCEL","CLIENT_REQUEST","","","","","","","","","","","","","","","","",""
"61450","2025-09-24 19:57:48 -12","MARKET_IF_TOUCHED_ORDER","CLIENT_ORDER","EUR/USD","1.17548","1000.00","Buy","","1.17485","","1.17590","","","","","","","","",""
"61451","2025-09-24 19:57:48 -12","MARKET_IF_TOUCHED_ORDER","CLIENT_ORDER","EUR/USD","1.17440","1000.00","Sell","","1.17503","","1.17398","","","","","","","","",""
"61452","2025-09-24 19:57:49 -12","MARKET_IF_TOUCHED_ORDER","CLIENT_ORDER","EUR/USD","1.17598","1000.00","Buy","","1.17535","","1.17640","","","","","","","","",""
"61453","2025-09-24 19:57:49 -12","MARKET_IF_TOUCHED_ORDER","CLIENT_ORDER","EUR/USD","1.17390","1000.00","Sell","","1.17453","","1.17348","","","","","","","","",""
"61454","2025-09-24 19:57:49 -12","MARKET_IF_TOUCHED_ORDER","CLIENT_ORDER","EUR/USD","1.17648","1000.00","Buy","","1.17585","","1.17690","","","","","","","","",""
"61455","2025-09-24 19:57:49 -12","MARKET_IF_TOUCHED_ORDER","CLIENT_ORDER","EUR/USD","1.17340","1000.00","Sell","","1.17403","","1.17298","","","","","","","","",""
"61456","2025-09-24 19:57:50 -12","MARKET_IF_TOUCHED_ORDER","CLIENT_ORDER","EUR/USD","1.17698","1000.00","Buy","","1.17635","","1.17740","","","","","","","","",""
"61457","2025-09-24 19:57:50 -12","MARKET_IF_TOUCHED_ORDER","CLIENT_ORDER","EUR/USD","1.17290","1000.00","Sell","","1.17353","","1.17248","","","","","","","","",""
"61458","2025-09-24 19:57:50 -12","MARKET_IF_TOUCHED_ORDER","CLIENT_ORDER","EUR/USD","1.17748","1000.00","Buy","","1.17685","","1.17790","","","","","","","","",""
"61459","2025-09-24 19:57:50 -12","MARKET_IF_TOUCHED_ORDER","CLIENT_ORDER","EUR/USD","1.17240","1000.00","Sell","","1.17303","","1.17198","","","","","","","","",""
"61460","2025-09-24 19:58:50 -12","ORDER_FILL","MARKET_IF_TOUCHED_ORDER","EUR/USD","1.17331","1000.00","Sell","0.0580","","","","","0.00000","0.0000","0.0000","","","0.00000","","98976.63"
"61461","2025-09-24 19:58:50 -12","TAKE_PROFIT_ORDER","ON_FILL","","1.17298","","","","","","","","","","","","","","",""
"61462","2025-09-24 19:58:50 -12","STOP_LOSS_ORDER","ON_FILL","","1.17403","","","","","","","","","","","","","","",""
"61463","2025-09-24 19:59:58 -12","ORDER_CANCEL","CLIENT_REQUEST","","","","","","","","","","","","","","","","",""
"61464","2025-09-24 19:59:58 -12","ORDER_CANCEL","CLIENT_REQUEST","","","","","","","","","","","","","","","","",""
"61465","2025-09-24 19:59:58 -12","ORDER_CANCEL","CLIENT_REQUEST","","","","","","","","","","","","","","","","",""
"61466","2025-09-24 19:59:59 -12","ORDER_CANCEL","CLIENT_REQUEST","","","","","","","","","","","","","","","","",""
"61467","2025-09-24 19:59:59 -12","ORDER_CANCEL","CLIENT_REQUEST","","","","","","","","","","","","","","","","",""
"61468","2025-09-24 19:59:59 -12","ORDER_CANCEL","CLIENT_REQUEST","","","","","","","","","","","","","","","","",""
"61469","2025-09-24 20:00:00 -12","ORDER_CANCEL","CLIENT_REQUEST","","","","","","","","","","","","","","","","",""
"61470","2025-09-24 20:00:00 -12","ORDER_CANCEL","CLIENT_REQUEST","","","","","","","","","","","","","","","","",""
"61471","2025-09-24 20:00:00 -12","ORDER_CANCEL","CLIENT_REQUEST","","","","","","","","","","","","","","","","",""
"61472","2025-09-24 20:00:00 -12","ORDER_CANCEL","CLIENT_REQUEST","","","","","","","","","","","","","","","","",""
"61473","2025-09-24 20:00:01 -12","ORDER_CANCEL","CLIENT_REQUEST","","","","","","","","","","","","","","","","",""
"61474","2025-09-24 20:00:02 -12","MARKET_IF_TOUCHED_ORDER","CLIENT_ORDER","EUR/USD","1.17548","1000.00","Buy","","1.17484","","1.17590","","","","","","","","",""
"61475","2025-09-24 20:00:02 -12","MARKET_IF_TOUCHED_ORDER","CLIENT_ORDER","EUR/USD","1.17440","1000.00","Sell","","1.17504","","1.17398","","","","","","","","",""
"61476","2025-09-24 20:00:03 -12","MARKET_IF_TOUCHED_ORDER","CLIENT_ORDER","EUR/USD","1.17598","1000.00","Buy","","1.17534","","1.17640","","","","","","","","",""
"61477","2025-09-24 20:00:03 -12","MARKET_IF_TOUCHED_ORDER","CLIENT_ORDER","EUR/USD","1.17390","1000.00","Sell","","1.17454","","1.17348","","","","","","","","",""
"61478","2025-09-24 20:00:03 -12","MARKET_IF_TOUCHED_ORDER","CLIENT_ORDER","EUR/USD","1.17648","1000.00","Buy","","1.17584","","1.17690","","","","","","","","",""
"61479","2025-09-24 20:00:03 -12","MARKET_IF_TOUCHED_ORDER","CLIENT_ORDER","EUR/USD","1.17340","1000.00","Sell","","1.17404","","1.17298","","","","","","","","",""
"61480","2025-09-24 20:00:04 -12","MARKET_IF_TOUCHED_ORDER","CLIENT_ORDER","EUR/USD","1.17698","1000.00","Buy","","1.17634","","1.17740","","","","","","","","",""
"61481","2025-09-24 20:00:04 -12","MARKET_IF_TOUCHED_ORDER","CLIENT_ORDER","EUR/USD","1.17290","1000.00","Sell","","1.17354","","1.17248","","","","","","","","",""
"61482","2025-09-24 20:00:04 -12","MARKET_IF_TOUCHED_ORDER","CLIENT_ORDER","EUR/USD","1.17748","1000.00","Buy","","1.17684","","1.17790","","","","","","","","",""
"61483","2025-09-24 20:00:04 -12","MARKET_IF_TOUCHED_ORDER","CLIENT_ORDER","EUR/USD","1.17240","1000.00","Sell","","1.17304","","1.17198","","","","","","","","",""
"61484","2025-09-24 20:00:35 -12","ORDER_FILL","MARKET_IF_TOUCHED_ORDER","EUR/USD","1.17329","1000.00","Sell","0.0709","","","","","0.00000","0.0000","0.0000","","","0.00000","","98976.63"
"61485","2025-09-24 20:00:35 -12","TAKE_PROFIT_ORDER","ON_FILL","","1.17298","","","","","","","","","","","","","","",""
"61486","2025-09-24 20:00:35 -12","STOP_LOSS_ORDER","ON_FILL","","1.17404","","","","","","","","","","","","","","",""
"61487","2025-09-24 20:02:05 -12","ORDER_CANCEL","CLIENT_REQUEST","","","","","","","","","","","","","","","","",""
"61488","2025-09-24 20:02:05 -12","ORDER_CANCEL","CLIENT_REQUEST","","","","","","","","","","","","","","","","",""
"61489","2025-09-24 20:02:05 -12","ORDER_CANCEL","CLIENT_REQUEST","","","","","","","","","","","","","","","","",""
"61490","2025-09-24 20:02:06 -12","ORDER_CANCEL","CLIENT_REQUEST","","","","","","","","","","","","","","","","",""
"61491","2025-09-24 20:02:06 -12","ORDER_CANCEL","CLIENT_REQUEST","","","","","","","","","","","","","","","","",""
"61492","2025-09-24 20:02:06 -12","ORDER_CANCEL","CLIENT_REQUEST","","","","","","","","","","","","","","","","",""
"61493","2025-09-24 20:02:06 -12","ORDER_CANCEL","CLIENT_REQUEST","","","","","","","","","","","","","","","","",""
"61494","2025-09-24 20:02:07 -12","ORDER_CANCEL","CLIENT_REQUEST","","","","","","","","","","","","","","","","",""
"61495","2025-09-24 20:02:07 -12","ORDER_CANCEL","CLIENT_REQUEST","","","","","","","","","","","","","","","","",""
"61496","2025-09-24 20:02:07 -12","ORDER_CANCEL","CLIENT_REQUEST","","","","","","","","","","","","","","","","",""
"61497","2025-09-24 20:02:07 -12","ORDER_CANCEL","CLIENT_REQUEST","","","","","","","","","","","","","","","","",""
"61498","2025-09-24 20:02:09 -12","MARKET_IF_TOUCHED_ORDER","CLIENT_ORDER","EUR/USD","1.17548","1000.00","Buy","","1.17484","","1.17590","","","","","","","","",""
"61499","2025-09-24 20:02:09 -12","MARKET_IF_TOUCHED_ORDER","CLIENT_ORDER","EUR/USD","1.17440","1000.00","Sell","","1.17504","","1.17398","","","","","","","","",""
"61500","2025-09-24 20:02:09 -12","MARKET_IF_TOUCHED_ORDER","CLIENT_ORDER","EUR/USD","1.17598","1000.00","Buy","","1.17534","","1.17640","","","","","","","","",""
"61501","2025-09-24 20:02:10 -12","MARKET_IF_TOUCHED_ORDER","CLIENT_ORDER","EUR/USD","1.17390","1000.00","Sell","","1.17454","","1.17348","","","","","","","","",""
"61502","2025-09-24 20:02:10 -12","MARKET_IF_TOUCHED_ORDER","CLIENT_ORDER","EUR/USD","1.17648","1000.00","Buy","","1.17584","","1.17690","","","","","","","","",""
"61503","2025-09-24 20:02:10 -12","MARKET_IF_TOUCHED_ORDER","CLIENT_ORDER","EUR/USD","1.17340","1000.00","Sell","","1.17404","","1.17298","","","","","","","","",""
"61504","2025-09-24 20:02:10 -12","MARKET_IF_TOUCHED_ORDER","CLIENT_ORDER","EUR/USD","1.17698","1000.00","Buy","","1.17634","","1.17740","","","","","","","","",""
"61505","2025-09-24 20:02:11 -12","MARKET_IF_TOUCHED_ORDER","CLIENT_ORDER","EUR/USD","1.17290","1000.00","Sell","","1.17354","","1.17248","","","","","","","","",""
"61506","2025-09-24 20:02:11 -12","MARKET_IF_TOUCHED_ORDER","CLIENT_ORDER","EUR/USD","1.17748","1000.00","Buy","","1.17684","","1.17790","","","","","","","","",""
"61507","2025-09-24 20:02:11 -12","MARKET_IF_TOUCHED_ORDER","CLIENT_ORDER","EUR/USD","1.17240","1000.00","Sell","","1.17304","","1.17198","","","","","","","","",""
"61508","2025-09-24 20:02:15 -12","ORDER_FILL","MARKET_IF_TOUCHED_ORDER","EUR/USD","1.17330","1000.00","Sell","0.0644","","","","","0.00000","0.0000","0.0000","","","0.00000","","98976.63"
"61509","2025-09-24 20:02:15 -12","TAKE_PROFIT_ORDER","ON_FILL","","1.17298","","","","","","","","","","","","","","",""
"61510","2025-09-24 20:02:15 -12","STOP_LOSS_ORDER","ON_FILL","","1.17404","","","","","","","","","","","","","","",""
"61511","2025-09-24 20:04:13 -12","ORDER_CANCEL","CLIENT_REQUEST","","","","","","","","","","","","","","","","",""
"61512","2025-09-24 20:04:13 -12","ORDER_CANCEL","CLIENT_REQUEST","","","","","","","","","","","","","","","","",""
"61513","2025-09-24 20:04:13 -12","ORDER_CANCEL","CLIENT_REQUEST","","","","","","","","","","","","","","","","",""
"61514","2025-09-24 20:04:13 -12","ORDER_CANCEL","CLIENT_REQUEST","","","","","","","","","","","","","","","","",""
"61515","2025-09-24 20:04:14 -12","ORDER_CANCEL","CLIENT_REQUEST","","","","","","","","","","","","","","","","",""
"61516","2025-09-24 20:04:14 -12","ORDER_CANCEL","CLIENT_REQUEST","","","","","","","","","","","","","","","","",""
"61517","2025-09-24 20:04:14 -12","ORDER_CANCEL","CLIENT_REQUEST","","","","","","","","","","","","","","","","",""
"61518","2025-09-24 20:04:14 -12","ORDER_CANCEL","CLIENT_REQUEST","","","","","","","","","","","","","","","","",""
"61519","2025-09-24 20:04:15 -12","ORDER_CANCEL","CLIENT_REQUEST","","","","","","","","","","","","","","","","",""
"61520","2025-09-24 20:04:15 -12","ORDER_CANCEL","CLIENT_REQUEST","","","","","","","","","","","","","","","","",""
"61521","2025-09-24 20:04:15 -12","ORDER_CANCEL","CLIENT_REQUEST","","","","","","","","","","","","","","","","",""
"61522","2025-09-24 20:04:17 -12","MARKET_IF_TOUCHED_ORDER","CLIENT_ORDER","EUR/USD","1.17548","1000.00","Buy","","1.17484","","1.17590","","","","","","","","",""
"61523","2025-09-24 20:04:17 -12","MARKET_IF_TOUCHED_ORDER","CLIENT_ORDER","EUR/USD","1.17440","1000.00","Sell","","1.17504","","1.17398","","","","","","","","",""
"61524","2025-09-24 20:04:17 -12","MARKET_IF_TOUCHED_ORDER","CLIENT_ORDER","EUR/USD","1.17598","1000.00","Buy","","1.17534","","1.17640","","","","","","","","",""
"61525","2025-09-24 20:04:17 -12","MARKET_IF_TOUCHED_ORDER","CLIENT_ORDER","EUR/USD","1.17390","1000.00","Sell","","1.17454","","1.17348","","","","","","","","",""
"61526","2025-09-24 20:04:18 -12","MARKET_IF_TOUCHED_ORDER","CLIENT_ORDER","EUR/USD","1.17648","1000.00","Buy","","1.17584","","1.17690","","","","","","","","",""
"61527","2025-09-24 20:04:18 -12","MARKET_IF_TOUCHED_ORDER","CLIENT_ORDER","EUR/USD","1.17340","1000.00","Sell","","1.17404","","1.17298","","","","","","","","",""
"61528","2025-09-24 20:04:18 -12","MARKET_IF_TOUCHED_ORDER","CLIENT_ORDER","EUR/USD","1.17698","1000.00","Buy","","1.17634","","1.17740","","","","","","","","",""
"61529","2025-09-24 20:04:18 -12","MARKET_IF_TOUCHED_ORDER","CLIENT_ORDER","EUR/USD","1.17290","1000.00","Sell","","1.17354","","1.17248","","","","","","","","",""
"61530","2025-09-24 20:04:19 -12","MARKET_IF_TOUCHED_ORDER","CLIENT_ORDER","EUR/USD","1.17748","1000.00","Buy","","1.17684","","1.17790","","","","","","","","",""
"61531","2025-09-24 20:04:19 -12","MARKET_IF_TOUCHED_ORDER","CLIENT_ORDER","EUR/USD","1.17240","1000.00","Sell","","1.17304","","1.17198","","","","","","","","",""
"61532","2025-09-24 20:06:20 -12","ORDER_CANCEL","CLIENT_REQUEST","","","","","","","","","","","","","","","","",""
"61533","2025-09-24 20:06:20 -12","ORDER_CANCEL","CLIENT_REQUEST","","","","","","","","","","","","","","","","",""
"61534","2025-09-24 20:06:21 -12","ORDER_CANCEL","CLIENT_REQUEST","","","","","","","","","","","","","","","","",""
"61535","2025-09-24 20:06:21 -12","ORDER_CANCEL","CLIENT_REQUEST","","","","","","","","","","","","","","","","",""
"61536","2025-09-24 20:06:21 -12","ORDER_CANCEL","CLIENT_REQUEST","","","","","","","","","","","","","","","","",""
"61537","2025-09-24 20:06:22 -12","ORDER_CANCEL","CLIENT_REQUEST","","","","","","","","","","","","","","","","",""
"61538","2025-09-24 20:06:22 -12","ORDER_CANCEL","CLIENT_REQUEST","","","","","","","","","","","","","","","","",""
"61539","2025-09-24 20:06:22 -12","ORDER_CANCEL","CLIENT_REQUEST","","","","","","","","","","","","","","","","",""
"61540","2025-09-24 20:06:22 -12","ORDER_CANCEL","CLIENT_REQUEST","","","","","","","","","","","","","","","","",""
"61541","2025-09-24 20:06:23 -12","ORDER_CANCEL","CLIENT_REQUEST","","","","","","","","","","","","","","","","",""
"61542","2025-09-24 20:06:24 -12","MARKET_IF_TOUCHED_ORDER","CLIENT_ORDER","EUR/USD","1.17548","1000.00","Buy","","1.17480","","1.17593","","","","","","","","",""
"61543","2025-09-24 20:06:24 -12","MARKET_IF_TOUCHED_ORDER","CLIENT_ORDER","EUR/USD","1.17440","1000.00","Sell","","1.17508","","1.17395","","","","","","","","",""
"61544","2025-09-24 20:06:25 -12","MARKET_IF_TOUCHED_ORDER","CLIENT_ORDER","EUR/USD","1.17598","1000.00","Buy","","1.17530","","1.17643","","","","","","","","",""
"61545","2025-09-24 20:06:25 -12","MARKET_IF_TOUCHED_ORDER","CLIENT_ORDER","EUR/USD","1.17390","1000.00","Sell","","1.17458","","1.17345","","","","","","","","",""
"61546","2025-09-24 20:06:25 -12","MARKET_IF_TOUCHED_ORDER","CLIENT_ORDER","EUR/USD","1.17648","1000.00","Buy","","1.17580","","1.17693","","","","","","","","",""
"61547","2025-09-24 20:06:26 -12","MARKET_IF_TOUCHED_ORDER","CLIENT_ORDER","EUR/USD","1.17340","1000.00","Sell","","1.17408","","1.17295","","","","","","","","",""
"61548","2025-09-24 20:06:26 -12","MARKET_IF_TOUCHED_ORDER","CLIENT_ORDER","EUR/USD","1.17698","1000.00","Buy","","1.17630","","1.17743","","","","","","","","",""
"61549","2025-09-24 20:06:26 -12","MARKET_IF_TOUCHED_ORDER","CLIENT_ORDER","EUR/USD","1.17290","1000.00","Sell","","1.17358","","1.17245","","","","","","","","",""
"61550","2025-09-24 20:06:26 -12","MARKET_IF_TOUCHED_ORDER","CLIENT_ORDER","EUR/USD","1.17748","1000.00","Buy","","1.17680","","1.17793","","","","","","","","",""
"61551","2025-09-24 20:06:27 -12","MARKET_IF_TOUCHED_ORDER","CLIENT_ORDER","EUR/USD","1.17240","1000.00","Sell","","1.17308","","1.17195","","","","","","","","",""
"61552","2025-09-24 20:08:27 -12","ORDER_CANCEL","CLIENT_REQUEST","","","","","","","","","","","","","","","","",""
"61553","2025-09-24 20:08:28 -12","ORDER_CANCEL","CLIENT_REQUEST","","","","","","","","","","","","","","","","",""
"61554","2025-09-24 20:08:28 -12","ORDER_CANCEL","CLIENT_REQUEST","","","","","","","","","","","","","","","","",""
"61555","2025-09-24 20:08:28 -12","ORDER_CANCEL","CLIENT_REQUEST","","","","","","","","","","","","","","","","",""
"61556","2025-09-24 20:08:28 -12","ORDER_CANCEL","CLIENT_REQUEST","","","","","","","","","","","","","","","","",""
"61557","2025-09-24 20:08:29 -12","ORDER_CANCEL","CLIENT_REQUEST","","","","","","","","","","","","","","","","",""
"61558","2025-09-24 20:08:29 -12","ORDER_CANCEL","CLIENT_REQUEST","","","","","","","","","","","","","","","","",""
"61559","2025-09-24 20:08:29 -12","ORDER_CANCEL","CLIENT_REQUEST","","","","","","","","","","","","","","","","",""
"61560","2025-09-24 20:08:29 -12","ORDER_CANCEL","CLIENT_REQUEST","","","","","","","","","","","","","","","","",""
"61561","2025-09-24 20:08:30 -12","ORDER_CANCEL","CLIENT_REQUEST","","","","","","","","","","","","","","","","",""
"61562","2025-09-24 20:08:31 -12","MARKET_IF_TOUCHED_ORDER","CLIENT_ORDER","EUR/USD","1.17548","1000.00","Buy","","1.17480","","1.17593","","","","","","","","",""
"61563","2025-09-24 20:08:31 -12","MARKET_IF_TOUCHED_ORDER","CLIENT_ORDER","EUR/USD","1.17440","1000.00","Sell","","1.17508","","1.17395","","","","","","","","",""
"61564","2025-09-24 20:08:31 -12","MARKET_IF_TOUCHED_ORDER","CLIENT_ORDER","EUR/USD","1.17598","1000.00","Buy","","1.17530","","1.17643","","","","","","","","",""
"61565","2025-09-24 20:08:32 -12","MARKET_IF_TOUCHED_ORDER","CLIENT_ORDER","EUR/USD","1.17390","1000.00","Sell","","1.17458","","1.17345","","","","","","","","",""
"61566","2025-09-24 20:08:32 -12","MARKET_IF_TOUCHED_ORDER","CLIENT_ORDER","EUR/USD","1.17648","1000.00","Buy","","1.17580","","1.17693","","","","","","","","",""
"61567","2025-09-24 20:08:32 -12","MARKET_IF_TOUCHED_ORDER","CLIENT_ORDER","EUR/USD","1.17340","1000.00","Sell","","1.17408","","1.17295","","","","","","","","",""
"61568","2025-09-24 20:08:32 -12","MARKET_IF_TOUCHED_ORDER","CLIENT_ORDER","EUR/USD","1.17698","1000.00","Buy","","1.17630","","1.17743","","","","","","","","",""
"61569","2025-09-24 20:08:33 -12","MARKET_IF_TOUCHED_ORDER","CLIENT_ORDER","EUR/USD","1.17290","1000.00","Sell","","1.17358","","1.17245","","","","","","","","",""
"61570","2025-09-24 20:08:33 -12","MARKET_IF_TOUCHED_ORDER","CLIENT_ORDER","EUR/USD","1.17748","1000.00","Buy","","1.17680","","1.17793","","","","","","","","",""
"61571","2025-09-24 20:08:33 -12","MARKET_IF_TOUCHED_ORDER","CLIENT_ORDER","EUR/USD","1.17240","1000.00","Sell","","1.17308","","1.17195","","","","","","","","",""
"61572","2025-09-24 20:09:27 -12","ORDER_FILL","MARKET_IF_TOUCHED_ORDER","EUR/USD","1.17380","1000.00","Sell","0.0709","","","","","0.00000","0.0000","0.0000","","","0.00000","","98976.63"
"61573","2025-09-24 20:09:27 -12","TAKE_PROFIT_ORDER","ON_FILL","","1.17345","","","","","","","","","","","","","","",""
"61574","2025-09-24 20:09:27 -12","STOP_LOSS_ORDER","ON_FILL","","1.17458","","","","","","","","","","","","","","",""
"61575","2025-09-24 20:10:34 -12","ORDER_CANCEL","CLIENT_REQUEST","","","","","","","","","","","","","","","","",""
"61576","2025-09-24 20:10:34 -12","ORDER_CANCEL","CLIENT_REQUEST","","","","","","","","","","","","","","","","",""
"61577","2025-09-24 20:10:34 -12","ORDER_CANCEL","CLIENT_REQUEST","","","","","","","","","","","","","","","","",""
"61578","2025-09-24 20:10:35 -12","ORDER_CANCEL","CLIENT_REQUEST","","","","","","","","","","","","","","","","",""
"61579","2025-09-24 20:10:35 -12","ORDER_CANCEL","CLIENT_REQUEST","","","","","","","","","","","","","","","","",""
"61580","2025-09-24 20:10:35 -12","ORDER_CANCEL","CLIENT_REQUEST","","","","","","","","","","","","","","","","",""
"61581","2025-09-24 20:10:35 -12","ORDER_CANCEL","CLIENT_REQUEST","","","","","","","","","","","","","","","","",""
"61582","2025-09-24 20:10:36 -12","ORDER_CANCEL","CLIENT_REQUEST","","","","","","","","","","","","","","","","",""
"61583","2025-09-24 20:10:36 -12","ORDER_CANCEL","CLIENT_REQUEST","","","","","","","","","","","","","","","","",""
"61584","2025-09-24 20:10:36 -12","ORDER_CANCEL","CLIENT_REQUEST","","","","","","","","","","","","","","","","",""
"61585","2025-09-24 20:10:36 -12","ORDER_CANCEL","CLIENT_REQUEST","","","","","","","","","","","","","","","","",""
"61586","2025-09-24 20:10:38 -12","MARKET_IF_TOUCHED_ORDER","CLIENT_ORDER","EUR/USD","1.17548","1000.00","Buy","","1.17477","","1.17595","","","","","","","","",""
"61587","2025-09-24 20:10:38 -12","MARKET_IF_TOUCHED_ORDER","CLIENT_ORDER","EUR/USD","1.17440","1000.00","Sell","","1.17511","","1.17393","","","","","","","","",""
"61588","2025-09-24 20:10:38 -12","MARKET_IF_TOUCHED_ORDER","CLIENT_ORDER","EUR/USD","1.17598","1000.00","Buy","","1.17527","","1.17645","","","","","","","","",""
"61589","2025-09-24 20:10:38 -12","MARKET_IF_TOUCHED_ORDER","CLIENT_ORDER","EUR/USD","1.17390","1000.00","Sell","","1.17461","","1.17343","","","","","","","","",""
"61590","2025-09-24 20:10:38 -12","ORDER_FILL","MARKET_IF_TOUCHED_ORDER","EUR/USD","1.17382","1000.00","Sell","0.0515","","","","","0.00000","0.0000","0.0000","","","0.00000","","98976.63"
"61591","2025-09-24 20:10:38 -12","TAKE_PROFIT_ORDER","ON_FILL","","1.17343","","","","","","","","","","","","","","",""
"61592","2025-09-24 20:10:38 -12","STOP_LOSS_ORDER","ON_FILL","","1.17461","","","","","","","","","","","","","","",""
"61593","2025-09-24 20:10:39 -12","MARKET_IF_TOUCHED_ORDER","CLIENT_ORDER","EUR/USD","1.17648","1000.00","Buy","","1.17577","","1.17695","","","","","","","","",""
"61594","2025-09-24 20:10:39 -12","MARKET_IF_TOUCHED_ORDER","CLIENT_ORDER","EUR/USD","1.17340","1000.00","Sell","","1.17411","","1.17293","","","","","","","","",""
"61595","2025-09-24 20:10:39 -12","MARKET_IF_TOUCHED_ORDER","CLIENT_ORDER","EUR/USD","1.17698","1000.00","Buy","","1.17627","","1.17745","","","","","","","","",""
"61596","2025-09-24 20:10:39 -12","MARKET_IF_TOUCHED_ORDER","CLIENT_ORDER","EUR/USD","1.17290","1000.00","Sell","","1.17361","","1.17243","","","","","","","","",""
"61597","2025-09-24 20:10:40 -12","MARKET_IF_TOUCHED_ORDER","CLIENT_ORDER","EUR/USD","1.17748","1000.00","Buy","","1.17677","","1.17795","","","","","","","","",""
"61598","2025-09-24 20:10:40 -12","MARKET_IF_TOUCHED_ORDER","CLIENT_ORDER","EUR/USD","1.17240","1000.00","Sell","","1.17311","","1.17193","","","","","","","","",""
"61599","2025-09-24 20:12:40 -12","ORDER_CANCEL","CLIENT_REQUEST","","","","","","","","","","","","","","","","",""
"61600","2025-09-24 20:12:41 -12","ORDER_CANCEL","CLIENT_REQUEST","","","","","","","","","","","","","","","","",""
"61601","2025-09-24 20:12:41 -12","ORDER_CANCEL","CLIENT_REQUEST","","","","","","","","","","","","","","","","",""
"61602","2025-09-24 20:12:41 -12","ORDER_CANCEL","CLIENT_REQUEST","","","","","","","","","","","","","","","","",""
"61603","2025-09-24 20:12:41 -12","ORDER_CANCEL","CLIENT_REQUEST","","","","","","","","","","","","","","","","",""
"61604","2025-09-24 20:12:42 -12","ORDER_CANCEL","CLIENT_REQUEST","","","","","","","","","","","","","","","","",""
"61605","2025-09-24 20:12:42 -12","ORDER_CANCEL","CLIENT_REQUEST","","","","","","","","","","","","","","","","",""
"61606","2025-09-24 20:12:42 -12","ORDER_CANCEL","CLIENT_REQUEST","","","","","","","","","","","","","","","","",""
"61607","2025-09-24 20:12:42 -12","ORDER_CANCEL","CLIENT_REQUEST","","","","","","","","","","","","","","","","",""
"61608","2025-09-24 20:12:43 -12","ORDER_CANCEL","CLIENT_REQUEST","","","","","","","","","","","","","","","","",""
"61609","2025-09-24 20:12:43 -12","ORDER_CANCEL","CLIENT_REQUEST","","","","","","","","","","","","","","","","",""
"61610","2025-09-24 20:12:44 -12","MARKET_IF_TOUCHED_ORDER","CLIENT_ORDER","EUR/USD","1.17548","1000.00","Buy","","1.17477","","1.17595","","","","","","","","",""
"61611","2025-09-24 20:12:45 -12","MARKET_IF_TOUCHED_ORDER","CLIENT_ORDER","EUR/USD","1.17440","1000.00","Sell","","1.17511","","1.17393","","","","","","","","",""
"61612","2025-09-24 20:12:45 -12","MARKET_IF_TOUCHED_ORDER","CLIENT_ORDER","EUR/USD","1.17598","1000.00","Buy","","1.17527","","1.17645","","","","","","","","",""
"61613","2025-09-24 20:12:45 -12","MARKET_IF_TOUCHED_ORDER","CLIENT_ORDER","EUR/USD","1.17390","1000.00","Sell","","1.17461","","1.17343","","","","","","","","",""
"61614","2025-09-24 20:12:45 -12","MARKET_IF_TOUCHED_ORDER","CLIENT_ORDER","EUR/USD","1.17648","1000.00","Buy","","1.17577","","1.17695","","","","","","","","",""
"61615","2025-09-24 20:12:46 -12","MARKET_IF_TOUCHED_ORDER","CLIENT_ORDER","EUR/USD","1.17340","1000.00","Sell","","1.17411","","1.17293","","","","","","","","",""
"61616","2025-09-24 20:12:46 -12","MARKET_IF_TOUCHED_ORDER","CLIENT_ORDER","EUR/USD","1.17698","1000.00","Buy","","1.17627","","1.17745","","","","","","","","",""
"61617","2025-09-24 20:12:46 -12","MARKET_IF_TOUCHED_ORDER","CLIENT_ORDER","EUR/USD","1.17290","1000.00","Sell","","1.17361","","1.17243","","","","","","","","",""
"61618","2025-09-24 20:12:46 -12","MARKET_IF_TOUCHED_ORDER","CLIENT_ORDER","EUR/USD","1.17748","1000.00","Buy","","1.17677","","1.17795","","","","","","","","",""
"61619","2025-09-24 20:12:47 -12","MARKET_IF_TOUCHED_ORDER","CLIENT_ORDER","EUR/USD","1.17240","1000.00","Sell","","1.17311","","1.17193","","","","","","","","",""
"61620","2025-09-24 20:14:47 -12","ORDER_CANCEL","CLIENT_REQUEST","","","","","","","","","","","","","","","","",""
"61621","2025-09-24 20:14:48 -12","ORDER_CANCEL","CLIENT_REQUEST","","","","","","","","","","","","","","","","",""
"61622","2025-09-24 20:14:48 -12","ORDER_CANCEL","CLIENT_REQUEST","","","","","","","","","","","","","","","","",""
"61623","2025-09-24 20:14:48 -12","ORDER_CANCEL","CLIENT_REQUEST","","","","","","","","","","","","","","","","",""
"61624","2025-09-24 20:14:48 -12","ORDER_CANCEL","CLIENT_REQUEST","","","","","","","","","","","","","","","","",""
"61625","2025-09-24 20:14:49 -12","ORDER_CANCEL","CLIENT_REQUEST","","","","","","","","","","","","","","","","",""
"61626","2025-09-24 20:14:49 -12","ORDER_CANCEL","CLIENT_REQUEST","","","","","","","","","","","","","","","","",""
"61627","2025-09-24 20:14:49 -12","ORDER_CANCEL","CLIENT_REQUEST","","","","","","","","","","","","","","","","",""
"61628","2025-09-24 20:14:49 -12","ORDER_CANCEL","CLIENT_REQUEST","","","","","","","","","","","","","","","","",""
"61629","2025-09-24 20:14:50 -12","ORDER_CANCEL","CLIENT_REQUEST","","","","","","","","","","","","","","","","",""
"61630","2025-09-24 20:14:51 -12","MARKET_IF_TOUCHED_ORDER","CLIENT_ORDER","EUR/USD","1.17548","1000.00","Buy","","1.17477","","1.17595","","","","","","","","",""
"61631","2025-09-24 20:14:51 -12","MARKET_IF_TOUCHED_ORDER","CLIENT_ORDER","EUR/USD","1.17440","1000.00","Sell","","1.17511","","1.17393","","","","","","","","",""
"61632","2025-09-24 20:14:52 -12","MARKET_IF_TOUCHED_ORDER","CLIENT_ORDER","EUR/USD","1.17598","1000.00","Buy","","1.17527","","1.17645","","","","","","","","",""
"61633","2025-09-24 20:14:52 -12","MARKET_IF_TOUCHED_ORDER","CLIENT_ORDER","EUR/USD","1.17390","1000.00","Sell","","1.17461","","1.17343","","","","","","","","",""
"61634","2025-09-24 20:14:52 -12","MARKET_IF_TOUCHED_ORDER","CLIENT_ORDER","EUR/USD","1.17648","1000.00","Buy","","1.17577","","1.17695","","","","","","","","",""
"61635","2025-09-24 20:14:52 -12","MARKET_IF_TOUCHED_ORDER","CLIENT_ORDER","EUR/USD","1.17340","1000.00","Sell","","1.17411","","1.17293","","","","","","","","",""
"61636","2025-09-24 20:14:53 -12","MARKET_IF_TOUCHED_ORDER","CLIENT_ORDER","EUR/USD","1.17698","1000.00","Buy","","1.17627","","1.17745","","","","","","","","",""
"61637","2025-09-24 20:14:53 -12","MARKET_IF_TOUCHED_ORDER","CLIENT_ORDER","EUR/USD","1.17290","1000.00","Sell","","1.17361","","1.17243","","","","","","","","",""
"61638","2025-09-24 20:14:53 -12","MARKET_IF_TOUCHED_ORDER","CLIENT_ORDER","EUR/USD","1.17748","1000.00","Buy","","1.17677","","1.17795","","","","","","","","",""
"61639","2025-09-24 20:14:53 -12","MARKET_IF_TOUCHED_ORDER","CLIENT_ORDER","EUR/USD","1.17240","1000.00","Sell","","1.17311","","1.17193","","","","","","","","",""
"61640","2025-09-24 20:15:05 -12","ORDER_FILL","MARKET_IF_TOUCHED_ORDER","EUR/USD","1.17379","1000.00","Sell","0.0708","","","","","0.00000","0.0000","0.0000","","","0.00000","","98976.63"
"61641","2025-09-24 20:15:05 -12","TAKE_PROFIT_ORDER","ON_FILL","","1.17343","","","","","","","","","","","","","","",""
"61642","2025-09-24 20:15:05 -12","STOP_LOSS_ORDER","ON_FILL","","1.17461","","","","","","","","","","","","","","",""
"61643","2025-09-24 20:16:54 -12","ORDER_CANCEL","CLIENT_REQUEST","","","","","","","","","","","","","","","","",""
"61644","2025-09-24 20:16:54 -12","ORDER_CANCEL","CLIENT_REQUEST","","","","","","","","","","","","","","","","",""
"61645","2025-09-24 20:16:54 -12","ORDER_CANCEL","CLIENT_REQUEST","","","","","","","","","","","","","","","","",""
"61646","2025-09-24 20:16:55 -12","ORDER_CANCEL","CLIENT_REQUEST","","","","","","","","","","","","","","","","",""
"61647","2025-09-24 20:16:55 -12","ORDER_CANCEL","CLIENT_REQUEST","","","","","","","","","","","","","","","","",""
"61648","2025-09-24 20:16:55 -12","ORDER_CANCEL","CLIENT_REQUEST","","","","","","","","","","","","","","","","",""
"61649","2025-09-24 20:16:55 -12","ORDER_CANCEL","CLIENT_REQUEST","","","","","","","","","","","","","","","","",""
"61650","2025-09-24 20:16:56 -12","ORDER_CANCEL","CLIENT_REQUEST","","","","","","","","","","","","","","","","",""
"61651","2025-09-24 20:16:56 -12","ORDER_CANCEL","CLIENT_REQUEST","","","","","","","","","","","","","","","","",""
"61652","2025-09-24 20:16:56 -12","ORDER_CANCEL","CLIENT_REQUEST","","","","","","","","","","","","","","","","",""
"61653","2025-09-24 20:16:56 -12","ORDER_CANCEL","CLIENT_REQUEST","","","","","","","","","","","","","","","","",""
"61654","2025-09-24 20:16:58 -12","MARKET_IF_TOUCHED_ORDER","CLIENT_ORDER","EUR/USD","1.17548","1000.00","Buy","","1.17477","","1.17596","","","","","","","","",""
"61655","2025-09-24 20:16:58 -12","MARKET_IF_TOUCHED_ORDER","CLIENT_ORDER","EUR/USD","1.17440","1000.00","Sell","","1.17511","","1.17392","","","","","","","","",""
"61656","2025-09-24 20:16:58 -12","MARKET_IF_TOUCHED_ORDER","CLIENT_ORDER","EUR/USD","1.17598","1000.00","Buy","","1.17527","","1.17646","","","","","","","","",""
"61657","2025-09-24 20:16:59 -12","MARKET_IF_TOUCHED_ORDER","CLIENT_ORDER","EUR/USD","1.17390","1000.00","Sell","","1.17461","","1.17342","","","","","","","","",""
"61658","2025-09-24 20:16:59 -12","MARKET_IF_TOUCHED_ORDER","CLIENT_ORDER","EUR/USD","1.17648","1000.00","Buy","","1.17577","","1.17696","","","","","","","","",""
"61659","2025-09-24 20:16:59 -12","MARKET_IF_TOUCHED_ORDER","CLIENT_ORDER","EUR/USD","1.17340","1000.00","Sell","","1.17411","","1.17292","","","","","","","","",""
"61660","2025-09-24 20:16:59 -12","MARKET_IF_TOUCHED_ORDER","CLIENT_ORDER","EUR/USD","1.17698","1000.00","Buy","","1.17627","","1.17746","","","","","","","","",""
"61661","2025-09-24 20:17:00 -12","MARKET_IF_TOUCHED_ORDER","CLIENT_ORDER","EUR/USD","1.17290","1000.00","Sell","","1.17361","","1.17242","","","","","","","","",""
"61662","2025-09-24 20:17:00 -12","MARKET_IF_TOUCHED_ORDER","CLIENT_ORDER","EUR/USD","1.17748","1000.00","Buy","","1.17677","","1.17796","","","","","","","","",""
"61663","2025-09-24 20:17:00 -12","MARKET_IF_TOUCHED_ORDER","CLIENT_ORDER","EUR/USD","1.17240","1000.00","Sell","","1.17311","","1.17192","","","","","","","","",""
"61664","2025-09-24 20:19:01 -12","ORDER_CANCEL","CLIENT_REQUEST","","","","","","","","","","","","","","","","",""
"61665","2025-09-24 20:19:01 -12","ORDER_CANCEL","CLIENT_REQUEST","","","","","","","","","","","","","","","","",""
"61666","2025-09-24 20:19:01 -12","ORDER_CANCEL","CLIENT_REQUEST","","","","","","","","","","","","","","","","",""
"61667","2025-09-24 20:19:02 -12","ORDER_CANCEL","CLIENT_REQUEST","","","","","","","","","","","","","","","","",""
"61668","2025-09-24 20:19:02 -12","ORDER_CANCEL","CLIENT_REQUEST","","","","","","","","","","","","","","","","",""
"61669","2025-09-24 20:19:02 -12","ORDER_CANCEL","CLIENT_REQUEST","","","","","","","","","","","","","","","","",""
"61670","2025-09-24 20:19:02 -12","ORDER_CANCEL","CLIENT_REQUEST","","","","","","","","","","","","","","","","",""
"61671","2025-09-24 20:19:03 -12","ORDER_CANCEL","CLIENT_REQUEST","","","","","","","","","","","","","","","","",""
"61672","2025-09-24 20:19:03 -12","ORDER_CANCEL","CLIENT_REQUEST","","","","","","","","","","","","","","","","",""
"61673","2025-09-24 20:19:03 -12","ORDER_CANCEL","CLIENT_REQUEST","","","","","","","","","","","","","","","","",""
"61674","2025-09-24 20:19:05 -12","MARKET_IF_TOUCHED_ORDER","CLIENT_ORDER","EUR/USD","1.17548","1000.00","Buy","","1.17477","","1.17596","","","","","","","","",""
"61675","2025-09-24 20:19:05 -12","MARKET_IF_TOUCHED_ORDER","CLIENT_ORDER","EUR/USD","1.17440","1000.00","Sell","","1.17511","","1.17392","","","","","","","","",""
"61676","2025-09-24 20:19:05 -12","MARKET_IF_TOUCHED_ORDER","CLIENT_ORDER","EUR/USD","1.17598","1000.00","Buy","","1.17527","","1.17646","","","","","","","","",""
"61677","2025-09-24 20:19:05 -12","MARKET_IF_TOUCHED_ORDER","CLIENT_ORDER","EUR/USD","1.17390","1000.00","Sell","","1.17461","","1.17342","","","","","","","","",""
"61678","2025-09-24 20:19:06 -12","MARKET_IF_TOUCHED_ORDER","CLIENT_ORDER","EUR/USD","1.17648","1000.00","Buy","","1.17577","","1.17696","","","","","","","","",""
"61679","2025-09-24 20:19:06 -12","MARKET_IF_TOUCHED_ORDER","CLIENT_ORDER","EUR/USD","1.17340","1000.00","Sell","","1.17411","","1.17292","","","","","","","","",""
"61680","2025-09-24 20:19:06 -12","MARKET_IF_TOUCHED_ORDER","CLIENT_ORDER","EUR/USD","1.17698","1000.00","Buy","","1.17627","","1.17746","","","","","","","","",""
"61681","2025-09-24 20:19:06 -12","MARKET_IF_TOUCHED_ORDER","CLIENT_ORDER","EUR/USD","1.17290","1000.00","Sell","","1.17361","","1.17242","","","","","","","","",""
"61682","2025-09-24 20:19:07 -12","MARKET_IF_TOUCHED_ORDER","CLIENT_ORDER","EUR/USD","1.17748","1000.00","Buy","","1.17677","","1.17796","","","","","","","","",""
"61683","2025-09-24 20:19:07 -12","MARKET_IF_TOUCHED_ORDER","CLIENT_ORDER","EUR/USD","1.17240","1000.00","Sell","","1.17311","","1.17192","","","","","","","","",""
"61684","2025-09-24 20:21:08 -12","ORDER_CANCEL","CLIENT_REQUEST","","","","","","","","","","","","","","","","",""
"61685","2025-09-24 20:21:08 -12","ORDER_CANCEL","CLIENT_REQUEST","","","","","","","","","","","","","","","","",""
"61686","2025-09-24 20:21:08 -12","ORDER_CANCEL","CLIENT_REQUEST","","","","","","","","","","","","","","","","",""
"61687","2025-09-24 20:21:09 -12","ORDER_CANCEL","CLIENT_REQUEST","","","","","","","","","","","","","","","","",""
"61688","2025-09-24 20:21:09 -12","ORDER_CANCEL","CLIENT_REQUEST","","","","","","","","","","","","","","","","",""
"61689","2025-09-24 20:21:09 -12","ORDER_CANCEL","CLIENT_REQUEST","","","","","","","","","","","","","","","","",""
"61690","2025-09-24 20:21:09 -12","ORDER_CANCEL","CLIENT_REQUEST","","","","","","","","","","","","","","","","",""
"61691","2025-09-24 20:21:10 -12","ORDER_CANCEL","CLIENT_REQUEST","","","","","","","","","","","","","","","","",""
"61692","2025-09-24 20:21:10 -12","ORDER_CANCEL","CLIENT_REQUEST","","","","","","","","","","","","","","","","",""
"61693","2025-09-24 20:21:11 -12","ORDER_CANCEL","CLIENT_REQUEST","","","","","","","","","","","","","","","","",""
"61694","2025-09-24 20:21:12 -12","MARKET_IF_TOUCHED_ORDER","CLIENT_ORDER","EUR/USD","1.17548","1000.00","Buy","","1.17479","","1.17594","","","","","","","","",""
"61695","2025-09-24 20:21:12 -12","MARKET_IF_TOUCHED_ORDER","CLIENT_ORDER","EUR/USD","1.17440","1000.00","Sell","","1.17509","","1.17394","","","","","","","","",""
"61696","2025-09-24 20:21:13 -12","MARKET_IF_TOUCHED_ORDER","CLIENT_ORDER","EUR/USD","1.17598","1000.00","Buy","","1.17529","","1.17644","","","","","","","","",""
"61697","2025-09-24 20:21:13 -12","MARKET_IF_TOUCHED_ORDER","CLIENT_ORDER","EUR/USD","1.17390","1000.00","Sell","","1.17459","","1.17344","","","","","","","","",""
"61698","2025-09-24 20:21:13 -12","MARKET_IF_TOUCHED_ORDER","CLIENT_ORDER","EUR/USD","1.17648","1000.00","Buy","","1.17579","","1.17694","","","","","","","","",""
"61699","2025-09-24 20:21:13 -12","MARKET_IF_TOUCHED_ORDER","CLIENT_ORDER","EUR/USD","1.17340","1000.00","Sell","","1.17409","","1.17294","","","","","","","","",""
"61700","2025-09-24 20:21:14 -12","MARKET_IF_TOUCHED_ORDER","CLIENT_ORDER","EUR/USD","1.17698","1000.00","Buy","","1.17629","","1.17744","","","","","","","","",""
"61701","2025-09-24 20:21:14 -12","MARKET_IF_TOUCHED_ORDER","CLIENT_ORDER","EUR/USD","1.17290","1000.00","Sell","","1.17359","","1.17244","","","","","","","","",""
"61702","2025-09-24 20:21:14 -12","MARKET_IF_TOUCHED_ORDER","CLIENT_ORDER","EUR/USD","1.17748","1000.00","Buy","","1.17679","","1.17794","","","","","","","","",""
"61703","2025-09-24 20:21:14 -12","MARKET_IF_TOUCHED_ORDER","CLIENT_ORDER","EUR/USD","1.17240","1000.00","Sell","","1.17309","","1.17194","","","","","","","","",""
"61704","2025-09-24 20:22:21 -12","ORDER_FILL","MARKET_IF_TOUCHED_ORDER","EUR/USD","1.17380","1000.00","Sell","0.0644","","","","","0.00000","0.0000","0.0000","","","0.00000","","98976.63"
"61705","2025-09-24 20:22:21 -12","TAKE_PROFIT_ORDER","ON_FILL","","1.17344","","","","","","","","","","","","","","",""
"61706","2025-09-24 20:22:21 -12","STOP_LOSS_ORDER","ON_FILL","","1.17459","","","","","","","","","","","","","","",""
"61707","2025-09-24 20:23:29 -12","ORDER_CANCEL","CLIENT_REQUEST","","","","","","","","","","","","","","","","",""
"61708","2025-09-24 20:23:29 -12","ORDER_CANCEL","CLIENT_REQUEST","","","","","","","","","","","","","","","","",""
"61709","2025-09-24 20:23:30 -12","ORDER_CANCEL","CLIENT_REQUEST","","","","","","","","","","","","","","","","",""
"61710","2025-09-24 20:23:30 -12","ORDER_CANCEL","CLIENT_REQUEST","","","","","","","","","","","","","","","","",""
"61711","2025-09-24 20:23:31 -12","ORDER_CANCEL","CLIENT_REQUEST","","","","","","","","","","","","","","","","",""
"61712","2025-09-24 20:23:31 -12","ORDER_CANCEL","CLIENT_REQUEST","","","","","","","","","","","","","","","","",""
"61713","2025-09-24 20:23:31 -12","ORDER_CANCEL","CLIENT_REQUEST","","","","","","","","","","","","","","","","",""
"61714","2025-09-24 20:23:31 -12","ORDER_CANCEL","CLIENT_REQUEST","","","","","","","","","","","","","","","","",""
"61715","2025-09-24 20:23:32 -12","ORDER_CANCEL","CLIENT_REQUEST","","","","","","","","","","","","","","","","",""
"61716","2025-09-24 20:23:32 -12","ORDER_CANCEL","CLIENT_REQUEST","","","","","","","","","","","","","","","","",""
"61717","2025-09-24 20:23:32 -12","ORDER_CANCEL","CLIENT_REQUEST","","","","","","","","","","","","","","","","",""
"61718","2025-09-24 20:23:34 -12","MARKET_IF_TOUCHED_ORDER","CLIENT_ORDER","EUR/USD","1.17548","1000.00","Buy","","1.17479","","1.17594","","","","","","","","",""
"61719","2025-09-24 20:23:34 -12","MARKET_IF_TOUCHED_ORDER","CLIENT_ORDER","EUR/USD","1.17440","1000.00","Sell","","1.17509","","1.17394","","","","","","","","",""
"61720","2025-09-24 20:23:34 -12","MARKET_IF_TOUCHED_ORDER","CLIENT_ORDER","EUR/USD","1.17598","1000.00","Buy","","1.17529","","1.17644","","","","","","","","",""
"61721","2025-09-24 20:23:34 -12","MARKET_IF_TOUCHED_ORDER","CLIENT_ORDER","EUR/USD","1.17390","1000.00","Sell","","1.17459","","1.17344","","","","","","","","",""
"61722","2025-09-24 20:23:35 -12","MARKET_IF_TOUCHED_ORDER","CLIENT_ORDER","EUR/USD","1.17648","1000.00","Buy","","1.17579","","1.17694","","","","","","","","",""
"61723","2025-09-24 20:23:35 -12","MARKET_IF_TOUCHED_ORDER","CLIENT_ORDER","EUR/USD","1.17340","1000.00","Sell","","1.17409","","1.17294","","","","","","","","",""
"61724","2025-09-24 20:23:35 -12","MARKET_IF_TOUCHED_ORDER","CLIENT_ORDER","EUR/USD","1.17698","1000.00","Buy","","1.17629","","1.17744","","","","","","","","",""
"61725","2025-09-24 20:23:35 -12","MARKET_IF_TOUCHED_ORDER","CLIENT_ORDER","EUR/USD","1.17290","1000.00","Sell","","1.17359","","1.17244","","","","","","","","",""
"61726","2025-09-24 20:23:36 -12","MARKET_IF_TOUCHED_ORDER","CLIENT_ORDER","EUR/USD","1.17748","1000.00","Buy","","1.17679","","1.17794","","","","","","","","",""
"61727","2025-09-24 20:23:36 -12","MARKET_IF_TOUCHED_ORDER","CLIENT_ORDER","EUR/USD","1.17240","1000.00","Sell","","1.17309","","1.17194","","","","","","","","",""
"61728","2025-09-24 20:23:50 -12","ORDER_FILL","MARKET_IF_TOUCHED_ORDER","EUR/USD","1.17382","1000.00","Sell","0.0515","","","","","0.00000","0.0000","0.0000","","","0.00000","","98976.63"
"61729","2025-09-24 20:23:50 -12","TAKE_PROFIT_ORDER","ON_FILL","","1.17344","","","","","","","","","","","","","","",""
"61730","2025-09-24 20:23:50 -12","STOP_LOSS_ORDER","ON_FILL","","1.17459","","","","","","","","","","","","","","",""
"61731","2025-09-24 20:25:36 -12","ORDER_CANCEL","CLIENT_REQUEST","","","","","","","","","","","","","","","","",""
"61732","2025-09-24 20:25:37 -12","ORDER_CANCEL","CLIENT_REQUEST","","","","","","","","","","","","","","","","",""
"61733","2025-09-24 20:25:37 -12","ORDER_CANCEL","CLIENT_REQUEST","","","","","","","","","","","","","","","","",""
"61734","2025-09-24 20:25:37 -12","ORDER_CANCEL","CLIENT_REQUEST","","","","","","","","","","","","","","","","",""
"61735","2025-09-24 20:25:37 -12","ORDER_CANCEL","CLIENT_REQUEST","","","","","","","","","","","","","","","","",""
"61736","2025-09-24 20:25:38 -12","ORDER_CANCEL","CLIENT_REQUEST","","","","","","","","","","","","","","","","",""
"61737","2025-09-24 20:25:38 -12","ORDER_CANCEL","CLIENT_REQUEST","","","","","","","","","","","","","","","","",""
"61738","2025-09-24 20:25:38 -12","ORDER_CANCEL","CLIENT_REQUEST","","","","","","","","","","","","","","","","",""
"61739","2025-09-24 20:25:39 -12","ORDER_CANCEL","CLIENT_REQUEST","","","","","","","","","","","","","","","","",""
"61740","2025-09-24 20:25:39 -12","ORDER_CANCEL","CLIENT_REQUEST","","","","","","","","","","","","","","","","",""
"61741","2025-09-24 20:25:39 -12","ORDER_CANCEL","CLIENT_REQUEST","","","","","","","","","","","","","","","","",""
"61742","2025-09-24 20:25:41 -12","MARKET_IF_TOUCHED_ORDER","CLIENT_ORDER","EUR/USD","1.17548","1000.00","Buy","","1.17476","","1.17596","","","","","","","","",""
"61743","2025-09-24 20:25:41 -12","MARKET_IF_TOUCHED_ORDER","CLIENT_ORDER","EUR/USD","1.17440","1000.00","Sell","","1.17512","","1.17392","","","","","","","","",""
"61744","2025-09-24 20:25:41 -12","MARKET_IF_TOUCHED_ORDER","CLIENT_ORDER","EUR/USD","1.17598","1000.00","Buy","","1.17526","","1.17646","","","","","","","","",""
"61745","2025-09-24 20:25:41 -12","MARKET_IF_TOUCHED_ORDER","CLIENT_ORDER","EUR/USD","1.17390","1000.00","Sell","","1.17462","","1.17342","","","","","","","","",""
"61746","2025-09-24 20:25:42 -12","MARKET_IF_TOUCHED_ORDER","CLIENT_ORDER","EUR/USD","1.17648","1000.00","Buy","","1.17576","","1.17696","","","","","","","","",""
"61747","2025-09-24 20:25:42 -12","MARKET_IF_TOUCHED_ORDER","CLIENT_ORDER","EUR/USD","1.17340","1000.00","Sell","","1.17412","","1.17292","","","","","","","","",""
"61748","2025-09-24 20:25:42 -12","MARKET_IF_TOUCHED_ORDER","CLIENT_ORDER","EUR/USD","1.17698","1000.00","Buy","","1.17626","","1.17746","","","","","","","","",""
"61749","2025-09-24 20:25:43 -12","MARKET_IF_TOUCHED_ORDER","CLIENT_ORDER","EUR/USD","1.17290","1000.00","Sell","","1.17362","","1.17242","","","","","","","","",""
"61750","2025-09-24 20:25:43 -12","MARKET_IF_TOUCHED_ORDER","CLIENT_ORDER","EUR/USD","1.17748","1000.00","Buy","","1.17676","","1.17796","","","","","","","","",""
"61751","2025-09-24 20:25:43 -12","MARKET_IF_TOUCHED_ORDER","CLIENT_ORDER","EUR/USD","1.17240","1000.00","Sell","","1.17312","","1.17192","","","","","","","","",""
"61752","2025-09-24 20:27:44 -12","ORDER_CANCEL","CLIENT_REQUEST","","","","","","","","","","","","","","","","",""
"61753","2025-09-24 20:27:44 -12","ORDER_CANCEL","CLIENT_REQUEST","","","","","","","","","","","","","","","","",""
"61754","2025-09-24 20:27:44 -12","ORDER_CANCEL","CLIENT_REQUEST","","","","","","","","","","","","","","","","",""
"61755","2025-09-24 20:27:44 -12","ORDER_CANCEL","CLIENT_REQUEST","","","","","","","","","","","","","","","","",""
"61756","2025-09-24 20:27:45 -12","ORDER_CANCEL","CLIENT_REQUEST","","","","","","","","","","","","","","","","",""
"61757","2025-09-24 20:27:45 -12","ORDER_CANCEL","CLIENT_REQUEST","","","","","","","","","","","","","","","","",""
"61758","2025-09-24 20:27:45 -12","ORDER_CANCEL","CLIENT_REQUEST","","","","","","","","","","","","","","","","",""
"61759","2025-09-24 20:27:45 -12","ORDER_CANCEL","CLIENT_REQUEST","","","","","","","","","","","","","","","","",""
"61760","2025-09-24 20:27:46 -12","ORDER_CANCEL","CLIENT_REQUEST","","","","","","","","","","","","","","","","",""
"61761","2025-09-24 20:27:46 -12","ORDER_CANCEL","CLIENT_REQUEST","","","","","","","","","","","","","","","","",""
"61762","2025-09-24 20:27:47 -12","MARKET_IF_TOUCHED_ORDER","CLIENT_ORDER","EUR/USD","1.17548","1000.00","Buy","","1.17476","","1.17596","","","","","","","","",""
"61763","2025-09-24 20:27:48 -12","MARKET_IF_TOUCHED_ORDER","CLIENT_ORDER","EUR/USD","1.17440","1000.00","Sell","","1.17512","","1.17392","","","","","","","","",""
"61764","2025-09-24 20:27:48 -12","MARKET_IF_TOUCHED_ORDER","CLIENT_ORDER","EUR/USD","1.17598","1000.00","Buy","","1.17526","","1.17646","","","","","","","","",""
"61765","2025-09-24 20:27:48 -12","MARKET_IF_TOUCHED_ORDER","CLIENT_ORDER","EUR/USD","1.17390","1000.00","Sell","","1.17462","","1.17342","","","","","","","","",""
"61766","2025-09-24 20:27:48 -12","MARKET_IF_TOUCHED_ORDER","CLIENT_ORDER","EUR/USD","1.17648","1000.00","Buy","","1.17576","","1.17696","","","","","","","","",""
"61767","2025-09-24 20:27:49 -12","MARKET_IF_TOUCHED_ORDER","CLIENT_ORDER","EUR/USD","1.17340","1000.00","Sell","","1.17412","","1.17292","","","","","","","","",""
"61768","2025-09-24 20:27:49 -12","MARKET_IF_TOUCHED_ORDER","CLIENT_ORDER","EUR/USD","1.17698","1000.00","Buy","","1.17626","","1.17746","","","","","","","","",""
"61769","2025-09-24 20:27:49 -12","MARKET_IF_TOUCHED_ORDER","CLIENT_ORDER","EUR/USD","1.17290","1000.00","Sell","","1.17362","","1.17242","","","","","","","","",""
"61770","2025-09-24 20:27:49 -12","MARKET_IF_TOUCHED_ORDER","CLIENT_ORDER","EUR/USD","1.17748","1000.00","Buy","","1.17676","","1.17796","","","","","","","","",""
"61771","2025-09-24 20:27:50 -12","MARKET_IF_TOUCHED_ORDER","CLIENT_ORDER","EUR/USD","1.17240","1000.00","Sell","","1.17312","","1.17192","","","","","","","","",""
"61772","2025-09-24 20:29:50 -12","ORDER_CANCEL","CLIENT_REQUEST","","","","","","","","","","","","","","","","",""
"61773","2025-09-24 20:29:50 -12","ORDER_CANCEL","CLIENT_REQUEST","","","","","","","","","","","","","","","","",""
"61774","2025-09-24 20:29:51 -12","ORDER_CANCEL","CLIENT_REQUEST","","","","","","","","","","","","","","","","",""
"61775","2025-09-24 20:29:51 -12","ORDER_CANCEL","CLIENT_REQUEST","","","","","","","","","","","","","","","","",""
"61776","2025-09-24 20:29:51 -12","ORDER_CANCEL","CLIENT_REQUEST","","","","","","","","","","","","","","","","",""
"61777","2025-09-24 20:29:51 -12","ORDER_CANCEL","CLIENT_REQUEST","","","","","","","","","","","","","","","","",""
"61778","2025-09-24 20:29:52 -12","ORDER_CANCEL","CLIENT_REQUEST","","","","","","","","","","","","","","","","",""
"61779","2025-09-24 20:29:52 -12","ORDER_CANCEL","CLIENT_REQUEST","","","","","","","","","","","","","","","","",""
"61780","2025-09-24 20:29:52 -12","ORDER_CANCEL","CLIENT_REQUEST","","","","","","","","","","","","","","","","",""
"61781","2025-09-24 20:29:53 -12","ORDER_CANCEL","CLIENT_REQUEST","","","","","","","","","","","","","","","","",""
"61782","2025-09-24 20:29:54 -12","MARKET_IF_TOUCHED_ORDER","CLIENT_ORDER","EUR/USD","1.17548","1000.00","Buy","","1.17476","","1.17596","","","","","","","","",""
"61783","2025-09-24 20:29:54 -12","MARKET_IF_TOUCHED_ORDER","CLIENT_ORDER","EUR/USD","1.17440","1000.00","Sell","","1.17512","","1.17392","","","","","","","","",""
"61784","2025-09-24 20:29:54 -12","MARKET_IF_TOUCHED_ORDER","CLIENT_ORDER","EUR/USD","1.17598","1000.00","Buy","","1.17526","","1.17646","","","","","","","","",""
"61785","2025-09-24 20:29:55 -12","MARKET_IF_TOUCHED_ORDER","CLIENT_ORDER","EUR/USD","1.17390","1000.00","Sell","","1.17462","","1.17342","","","","","","","","",""
"61786","2025-09-24 20:29:55 -12","MARKET_IF_TOUCHED_ORDER","CLIENT_ORDER","EUR/USD","1.17648","1000.00","Buy","","1.17576","","1.17696","","","","","","","","",""
"61787","2025-09-24 20:29:55 -12","MARKET_IF_TOUCHED_ORDER","CLIENT_ORDER","EUR/USD","1.17340","1000.00","Sell","","1.17412","","1.17292","","","","","","","","",""
"61788","2025-09-24 20:29:55 -12","MARKET_IF_TOUCHED_ORDER","CLIENT_ORDER","EUR/USD","1.17698","1000.00","Buy","","1.17626","","1.17746","","","","","","","","",""
"61789","2025-09-24 20:29:56 -12","MARKET_IF_TOUCHED_ORDER","CLIENT_ORDER","EUR/USD","1.17290","1000.00","Sell","","1.17362","","1.17242","","","","","","","","",""
"61790","2025-09-24 20:29:56 -12","MARKET_IF_TOUCHED_ORDER","CLIENT_ORDER","EUR/USD","1.17748","1000.00","Buy","","1.17676","","1.17796","","","","","","","","",""
"61791","2025-09-24 20:29:56 -12","MARKET_IF_TOUCHED_ORDER","CLIENT_ORDER","EUR/USD","1.17240","1000.00","Sell","","1.17312","","1.17192","","","","","","","","",""
"61792","2025-09-24 20:30:59 -12","ORDER_FILL","MARKET_IF_TOUCHED_ORDER","EUR/USD","1.17379","1000.00","Sell","0.0708","","","","","0.00000","0.0000","0.0000","","","0.00000","","98976.63"
"61793","2025-09-24 20:30:59 -12","TAKE_PROFIT_ORDER","ON_FILL","","1.17342","","","","","","","","","","","","","","",""
"61794","2025-09-24 20:30:59 -12","STOP_LOSS_ORDER","ON_FILL","","1.17462","","","","","","","","","","","","","","",""
"61795","2025-09-24 20:31:57 -12","ORDER_CANCEL","CLIENT_REQUEST","","","","","","","","","","","","","","","","",""
"61796","2025-09-24 20:31:57 -12","ORDER_CANCEL","CLIENT_REQUEST","","","","","","","","","","","","","","","","",""
"61797","2025-09-24 20:31:57 -12","ORDER_CANCEL","CLIENT_REQUEST","","","","","","","","","","","","","","","","",""
"61798","2025-09-24 20:31:57 -12","ORDER_CANCEL","CLIENT_REQUEST","","","","","","","","","","","","","","","","",""
"61799","2025-09-24 20:31:58 -12","ORDER_CANCEL","CLIENT_REQUEST","","","","","","","","","","","","","","","","",""
"61800","2025-09-24 20:31:58 -12","ORDER_CANCEL","CLIENT_REQUEST","","","","","","","","","","","","","","","","",""
"61801","2025-09-24 20:31:58 -12","ORDER_CANCEL","CLIENT_REQUEST","","","","","","","","","","","","","","","","",""
"61802","2025-09-24 20:31:59 -12","ORDER_CANCEL","CLIENT_REQUEST","","","","","","","","","","","","","","","","",""
"61803","2025-09-24 20:31:59 -12","ORDER_CANCEL","CLIENT_REQUEST","","","","","","","","","","","","","","","","",""
"61804","2025-09-24 20:31:59 -12","ORDER_CANCEL","CLIENT_REQUEST","","","","","","","","","","","","","","","","",""
"61805","2025-09-24 20:31:59 -12","ORDER_CANCEL","CLIENT_REQUEST","","","","","","","","","","","","","","","","",""
"61806","2025-09-24 20:32:01 -12","MARKET_IF_TOUCHED_ORDER","CLIENT_ORDER","EUR/USD","1.17548","1000.00","Buy","","1.17474","","1.17598","","","","","","","","",""
"61807","2025-09-24 20:32:01 -12","MARKET_IF_TOUCHED_ORDER","CLIENT_ORDER","EUR/USD","1.17440","1000.00","Sell","","1.17514","","1.17390","","","","","","","","",""
"61808","2025-09-24 20:32:01 -12","MARKET_IF_TOUCHED_ORDER","CLIENT_ORDER","EUR/USD","1.17598","1000.00","Buy","","1.17524","","1.17648","","","","","","","","",""
"61809","2025-09-24 20:32:02 -12","MARKET_IF_TOUCHED_ORDER","CLIENT_ORDER","EUR/USD","1.17390","1000.00","Sell","","1.17464","","1.17340","","","","","","","","",""
"61810","2025-09-24 20:32:02 -12","MARKET_IF_TOUCHED_ORDER","CLIENT_ORDER","EUR/USD","1.17648","1000.00","Buy","","1.17574","","1.17698","","","","","","","","",""
"61811","2025-09-24 20:32:02 -12","MARKET_IF_TOUCHED_ORDER","CLIENT_ORDER","EUR/USD","1.17340","1000.00","Sell","","1.17414","","1.17290","","","","","","","","",""
"61812","2025-09-24 20:32:02 -12","MARKET_IF_TOUCHED_ORDER","CLIENT_ORDER","EUR/USD","1.17698","1000.00","Buy","","1.17624","","1.17748","","","","","","","","",""
"61813","2025-09-24 20:32:03 -12","MARKET_IF_TOUCHED_ORDER","CLIENT_ORDER","EUR/USD","1.17290","1000.00","Sell","","1.17364","","1.17240","","","","","","","","",""
"61814","2025-09-24 20:32:03 -12","MARKET_IF_TOUCHED_ORDER","CLIENT_ORDER","EUR/USD","1.17748","1000.00","Buy","","1.17674","","1.17798","","","","","","","","",""
"61815","2025-09-24 20:32:03 -12","MARKET_IF_TOUCHED_ORDER","CLIENT_ORDER","EUR/USD","1.17240","1000.00","Sell","","1.17314","","1.17190","","","","","","","","",""
"61816","2025-09-24 20:32:08 -12","ORDER_FILL","MARKET_IF_TOUCHED_ORDER","EUR/USD","1.17380","1000.00","Sell","0.0644","","","","","0.00000","0.0000","0.0000","","","0.00000","","98976.63"
"61817","2025-09-24 20:32:08 -12","TAKE_PROFIT_ORDER","ON_FILL","","1.17340","","","","","","","","","","","","","","",""
"61818","2025-09-24 20:32:08 -12","STOP_LOSS_ORDER","ON_FILL","","1.17464","","","","","","","","","","","","","","",""
"61819","2025-09-24 20:34:04 -12","ORDER_CANCEL","CLIENT_REQUEST","","","","","","","","","","","","","","","","",""
"61820","2025-09-24 20:34:04 -12","ORDER_CANCEL","CLIENT_REQUEST","","","","","","","","","","","","","","","","",""
"61821","2025-09-24 20:34:04 -12","ORDER_CANCEL","CLIENT_REQUEST","","","","","","","","","","","","","","","","",""
"61822","2025-09-24 20:34:04 -12","ORDER_CANCEL","CLIENT_REQUEST","","","","","","","","","","","","","","","","",""
"61823","2025-09-24 20:34:05 -12","ORDER_CANCEL","CLIENT_REQUEST","","","","","","","","","","","","","","","","",""
"61824","2025-09-24 20:34:05 -12","ORDER_CANCEL","CLIENT_REQUEST","","","","","","","","","","","","","","","","",""
"61825","2025-09-24 20:34:05 -12","ORDER_CANCEL","CLIENT_REQUEST","","","","","","","","","","","","","","","","",""
"61826","2025-09-24 20:34:06 -12","ORDER_CANCEL","CLIENT_REQUEST","","","","","","","","","","","","","","","","",""
"61827","2025-09-24 20:34:06 -12","ORDER_CANCEL","CLIENT_REQUEST","","","","","","","","","","","","","","","","",""
"61828","2025-09-24 20:34:06 -12","ORDER_CANCEL","CLIENT_REQUEST","","","","","","","","","","","","","","","","",""
"61829","2025-09-24 20:34:06 -12","ORDER_CANCEL","CLIENT_REQUEST","","","","","","","","","","","","","","","","",""
"61830","2025-09-24 20:34:08 -12","MARKET_IF_TOUCHED_ORDER","CLIENT_ORDER","EUR/USD","1.17548","1000.00","Buy","","1.17474","","1.17598","","","","","","","","",""
"61831","2025-09-24 20:34:08 -12","MARKET_IF_TOUCHED_ORDER","CLIENT_ORDER","EUR/USD","1.17440","1000.00","Sell","","1.17514","","1.17390","","","","","","","","",""
"61832","2025-09-24 20:34:08 -12","MARKET_IF_TOUCHED_ORDER","CLIENT_ORDER","EUR/USD","1.17598","1000.00","Buy","","1.17524","","1.17648","","","","","","","","",""
"61833","2025-09-24 20:34:08 -12","MARKET_IF_TOUCHED_ORDER","CLIENT_ORDER","EUR/USD","1.17390","1000.00","Sell","","1.17464","","1.17340","","","","","","","","",""
"61834","2025-09-24 20:34:09 -12","MARKET_IF_TOUCHED_ORDER","CLIENT_ORDER","EUR/USD","1.17648","1000.00","Buy","","1.17574","","1.17698","","","","","","","","",""
"61835","2025-09-24 20:34:09 -12","MARKET_IF_TOUCHED_ORDER","CLIENT_ORDER","EUR/USD","1.17340","1000.00","Sell","","1.17414","","1.17290","","","","","","","","",""
"61836","2025-09-24 20:34:09 -12","MARKET_IF_TOUCHED_ORDER","CLIENT_ORDER","EUR/USD","1.17698","1000.00","Buy","","1.17624","","1.17748","","","","","","","","",""
"61837","2025-09-24 20:34:09 -12","MARKET_IF_TOUCHED_ORDER","CLIENT_ORDER","EUR/USD","1.17290","1000.00","Sell","","1.17364","","1.17240","","","","","","","","",""
"61838","2025-09-24 20:34:10 -12","MARKET_IF_TOUCHED_ORDER","CLIENT_ORDER","EUR/USD","1.17748","1000.00","Buy","","1.17674","","1.17798","","","","","","","","",""
"61839","2025-09-24 20:34:10 -12","MARKET_IF_TOUCHED_ORDER","CLIENT_ORDER","EUR/USD","1.17240","1000.00","Sell","","1.17314","","1.17190","","","","","","","","",""
"61840","2025-09-24 20:36:11 -12","ORDER_CANCEL","CLIENT_REQUEST","","","","","","","","","","","","","","","","",""
"61841","2025-09-24 20:36:11 -12","ORDER_CANCEL","CLIENT_REQUEST","","","","","","","","","","","","","","","","",""
"61842","2025-09-24 20:36:11 -12","ORDER_CANCEL","CLIENT_REQUEST","","","","","","","","","","","","","","","","",""
"61843","2025-09-24 20:36:11 -12","ORDER_CANCEL","CLIENT_REQUEST","","","","","","","","","","","","","","","","",""
"61844","2025-09-24 20:36:12 -12","ORDER_CANCEL","CLIENT_REQUEST","","","","","","","","","","","","","","","","",""
"61845","2025-09-24 20:36:12 -12","ORDER_CANCEL","CLIENT_REQUEST","","","","","","","","","","","","","","","","",""
"61846","2025-09-24 20:36:12 -12","ORDER_CANCEL","CLIENT_REQUEST","","","","","","","","","","","","","","","","",""
"61847","2025-09-24 20:36:12 -12","ORDER_CANCEL","CLIENT_REQUEST","","","","","","","","","","","","","","","","",""
"61848","2025-09-24 20:36:13 -12","ORDER_CANCEL","CLIENT_REQUEST","","","","","","","","","","","","","","","","",""
"61849","2025-09-24 20:36:13 -12","ORDER_CANCEL","CLIENT_REQUEST","","","","","","","","","","","","","","","","",""
"61850","2025-09-24 20:36:14 -12","MARKET_IF_TOUCHED_ORDER","CLIENT_ORDER","EUR/USD","1.17548","1000.00","Buy","","1.17475","","1.17597","","","","","","","","",""
"61851","2025-09-24 20:36:14 -12","MARKET_IF_TOUCHED_ORDER","CLIENT_ORDER","EUR/USD","1.17440","1000.00","Sell","","1.17513","","1.17391","","","","","","","","",""
"61852","2025-09-24 20:36:15 -12","MARKET_IF_TOUCHED_ORDER","CLIENT_ORDER","EUR/USD","1.17598","1000.00","Buy","","1.17525","","1.17647","","","","","","","","",""
"61853","2025-09-24 20:36:15 -12","MARKET_IF_TOUCHED_ORDER","CLIENT_ORDER","EUR/USD","1.17390","1000.00","Sell","","1.17463","","1.17341","","","","","","","","",""
"61854","2025-09-24 20:36:15 -12","MARKET_IF_TOUCHED_ORDER","CLIENT_ORDER","EUR/USD","1.17648","1000.00","Buy","","1.17575","","1.17697","","","","","","","","",""
"61855","2025-09-24 20:36:15 -12","MARKET_IF_TOUCHED_ORDER","CLIENT_ORDER","EUR/USD","1.17340","1000.00","Sell","","1.17413","","1.17291","","","","","","","","",""
"61856","2025-09-24 20:36:16 -12","MARKET_IF_TOUCHED_ORDER","CLIENT_ORDER","EUR/USD","1.17698","1000.00","Buy","","1.17625","","1.17747","","","","","","","","",""
"61857","2025-09-24 20:36:16 -12","MARKET_IF_TOUCHED_ORDER","CLIENT_ORDER","EUR/USD","1.17290","1000.00","Sell","","1.17363","","1.17241","","","","","","","","",""
"61858","2025-09-24 20:36:16 -12","MARKET_IF_TOUCHED_ORDER","CLIENT_ORDER","EUR/USD","1.17748","1000.00","Buy","","1.17675","","1.17797","","","","","","","","",""
"61859","2025-09-24 20:36:17 -12","MARKET_IF_TOUCHED_ORDER","CLIENT_ORDER","EUR/USD","1.17240","1000.00","Sell","","1.17313","","1.17191","","","","","","","","",""
"61860","2025-09-24 20:38:18 -12","ORDER_CANCEL","CLIENT_REQUEST","","","","","","","","","","","","","","","","",""
"61861","2025-09-24 20:38:18 -12","ORDER_CANCEL","CLIENT_REQUEST","","","","","","","","","","","","","","","","",""
"61862","2025-09-24 20:38:19 -12","ORDER_CANCEL","CLIENT_REQUEST","","","","","","","","","","","","","","","","",""
"61863","2025-09-24 20:38:19 -12","ORDER_CANCEL","CLIENT_REQUEST","","","","","","","","","","","","","","","","",""
"61864","2025-09-24 20:38:19 -12","ORDER_CANCEL","CLIENT_REQUEST","","","","","","","","","","","","","","","","",""
"61865","2025-09-24 20:38:19 -12","ORDER_CANCEL","CLIENT_REQUEST","","","","","","","","","","","","","","","","",""
"61866","2025-09-24 20:38:20 -12","ORDER_CANCEL","CLIENT_REQUEST","","","","","","","","","","","","","","","","",""
"61867","2025-09-24 20:38:20 -12","ORDER_CANCEL","CLIENT_REQUEST","","","","","","","","","","","","","","","","",""
"61868","2025-09-24 20:38:21 -12","ORDER_CANCEL","CLIENT_REQUEST","","","","","","","","","","","","","","","","",""
"61869","2025-09-24 20:38:21 -12","ORDER_CANCEL","CLIENT_REQUEST","","","","","","","","","","","","","","","","",""
"61870","2025-09-24 20:38:23 -12","MARKET_IF_TOUCHED_ORDER","CLIENT_ORDER","EUR/USD","1.17548","1000.00","Buy","","1.17475","","1.17597","","","","","","","","",""
"61871","2025-09-24 20:38:23 -12","MARKET_IF_TOUCHED_ORDER","CLIENT_ORDER","EUR/USD","1.17440","1000.00","Sell","","1.17513","","1.17391","","","","","","","","",""
"61872","2025-09-24 20:38:23 -12","MARKET_IF_TOUCHED_ORDER","CLIENT_ORDER","EUR/USD","1.17598","1000.00","Buy","","1.17525","","1.17647","","","","","","","","",""
"61873","2025-09-24 20:38:23 -12","MARKET_IF_TOUCHED_ORDER","CLIENT_ORDER","EUR/USD","1.17390","1000.00","Sell","","1.17463","","1.17341","","","","","","","","",""
"61874","2025-09-24 20:38:24 -12","MARKET_IF_TOUCHED_ORDER","CLIENT_ORDER","EUR/USD","1.17648","1000.00","Buy","","1.17575","","1.17697","","","","","","","","",""
"61875","2025-09-24 20:38:24 -12","MARKET_IF_TOUCHED_ORDER","CLIENT_ORDER","EUR/USD","1.17340","1000.00","Sell","","1.17413","","1.17291","","","","","","","","",""
"61876","2025-09-24 20:38:24 -12","MARKET_IF_TOUCHED_ORDER","CLIENT_ORDER","EUR/USD","1.17698","1000.00","Buy","","1.17625","","1.17747","","","","","","","","",""
"61877","2025-09-24 20:38:24 -12","MARKET_IF_TOUCHED_ORDER","CLIENT_ORDER","EUR/USD","1.17290","1000.00","Sell","","1.17363","","1.17241","","","","","","","","",""
"61878","2025-09-24 20:38:25 -12","MARKET_IF_TOUCHED_ORDER","CLIENT_ORDER","EUR/USD","1.17748","1000.00","Buy","","1.17675","","1.17797","","","","","","","","",""
"61879","2025-09-24 20:38:25 -12","MARKET_IF_TOUCHED_ORDER","CLIENT_ORDER","EUR/USD","1.17240","1000.00","Sell","","1.17313","","1.17191","","","","","","","","",""
"61880","2025-09-24 20:40:26 -12","ORDER_CANCEL","CLIENT_REQUEST","","","","","","","","","","","","","","","","",""
"61881","2025-09-24 20:40:26 -12","ORDER_CANCEL","CLIENT_REQUEST","","","","","","","","","","","","","","","","",""
"61882","2025-09-24 20:40:26 -12","ORDER_CANCEL","CLIENT_REQUEST","","","","","","","","","","","","","","","","",""
"61883","2025-09-24 20:40:27 -12","ORDER_CANCEL","CLIENT_REQUEST","","","","","","","","","","","","","","","","",""
"61884","2025-09-24 20:40:27 -12","ORDER_CANCEL","CLIENT_REQUEST","","","","","","","","","","","","","","","","",""
"61885","2025-09-24 20:40:27 -12","ORDER_CANCEL","CLIENT_REQUEST","","","","","","","","","","","","","","","","",""
"61886","2025-09-24 20:40:28 -12","ORDER_CANCEL","CLIENT_REQUEST","","","","","","","","","","","","","","","","",""
"61887","2025-09-24 20:40:30 -12","ORDER_CANCEL","CLIENT_REQUEST","","","","","","","","","","","","","","","","",""
"61888","2025-09-24 20:40:30 -12","ORDER_CANCEL","CLIENT_REQUEST","","","","","","","","","","","","","","","","",""
"61889","2025-09-24 20:40:30 -12","ORDER_CANCEL","CLIENT_REQUEST","","","","","","","","","","","","","","","","",""
"61890","2025-09-24 20:40:31 -12","MARKET_IF_TOUCHED_ORDER","CLIENT_ORDER","EUR/USD","1.17548","1000.00","Buy","","1.17482","","1.17592","","","","","","","","",""
"61891","2025-09-24 20:40:32 -12","MARKET_IF_TOUCHED_ORDER","CLIENT_ORDER","EUR/USD","1.17440","1000.00","Sell","","1.17506","","1.17396","","","","","","","","",""
"61892","2025-09-24 20:40:32 -12","MARKET_IF_TOUCHED_ORDER","CLIENT_ORDER","EUR/USD","1.17598","1000.00","Buy","","1.17532","","1.17642","","","","","","","","",""
"61893","2025-09-24 20:40:32 -12","MARKET_IF_TOUCHED_ORDER","CLIENT_ORDER","EUR/USD","1.17390","1000.00","Sell","","1.17456","","1.17346","","","","","","","","",""
"61894","2025-09-24 20:40:32 -12","MARKET_IF_TOUCHED_ORDER","CLIENT_ORDER","EUR/USD","1.17648","1000.00","Buy","","1.17582","","1.17692","","","","","","","","",""
"61895","2025-09-24 20:40:33 -12","MARKET_IF_TOUCHED_ORDER","CLIENT_ORDER","EUR/USD","1.17340","1000.00","Sell","","1.17406","","1.17296","","","","","","","","",""
"61896","2025-09-24 20:40:33 -12","MARKET_IF_TOUCHED_ORDER","CLIENT_ORDER","EUR/USD","1.17698","1000.00","Buy","","1.17632","","1.17742","","","","","","","","",""
"61897","2025-09-24 20:40:33 -12","MARKET_IF_TOUCHED_ORDER","CLIENT_ORDER","EUR/USD","1.17290","1000.00","Sell","","1.17356","","1.17246","","","","","","","","",""
"61898","2025-09-24 20:40:33 -12","MARKET_IF_TOUCHED_ORDER","CLIENT_ORDER","EUR/USD","1.17748","1000.00","Buy","","1.17682","","1.17792","","","","","","","","",""
"61899","2025-09-24 20:40:34 -12","MARKET_IF_TOUCHED_ORDER","CLIENT_ORDER","EUR/USD","1.17240","1000.00","Sell","","1.17306","","1.17196","","","","","","","","",""
"61900","2025-09-24 20:42:34 -12","ORDER_CANCEL","CLIENT_REQUEST","","","","","","","","","","","","","","","","",""
"61901","2025-09-24 20:42:34 -12","ORDER_CANCEL","CLIENT_REQUEST","","","","","","","","","","","","","","","","",""
"61902","2025-09-24 20:42:35 -12","ORDER_CANCEL","CLIENT_REQUEST","","","","","","","","","","","","","","","","",""
"61903","2025-09-24 20:42:35 -12","ORDER_CANCEL","CLIENT_REQUEST","","","","","","","","","","","","","","","","",""
"61904","2025-09-24 20:42:35 -12","ORDER_CANCEL","CLIENT_REQUEST","","","","","","","","","","","","","","","","",""
"61905","2025-09-24 20:42:35 -12","ORDER_CANCEL","CLIENT_REQUEST","","","","","","","","","","","","","","","","",""
"61906","2025-09-24 20:42:36 -12","ORDER_CANCEL","CLIENT_REQUEST","","","","","","","","","","","","","","","","",""
"61907","2025-09-24 20:42:39 -12","ORDER_CANCEL","CLIENT_REQUEST","","","","","","","","","","","","","","","","",""
"61908","2025-09-24 20:42:40 -12","ORDER_CANCEL","CLIENT_REQUEST","","","","","","","","","","","","","","","","",""
"61909","2025-09-24 20:42:40 -12","ORDER_CANCEL","CLIENT_REQUEST","","","","","","","","","","","","","","","","",""
"61910","2025-09-24 20:42:42 -12","MARKET_IF_TOUCHED_ORDER","CLIENT_ORDER","EUR/USD","1.17548","1000.00","Buy","","1.17482","","1.17592","","","","","","","","",""
"61911","2025-09-24 20:42:42 -12","MARKET_IF_TOUCHED_ORDER","CLIENT_ORDER","EUR/USD","1.17440","1000.00","Sell","","1.17506","","1.17396","","","","","","","","",""
"61912","2025-09-24 20:42:42 -12","MARKET_IF_TOUCHED_ORDER","CLIENT_ORDER","EUR/USD","1.17598","1000.00","Buy","","1.17532","","1.17642","","","","","","","","",""
"61913","2025-09-24 20:42:42 -12","MARKET_IF_TOUCHED_ORDER","CLIENT_ORDER","EUR/USD","1.17390","1000.00","Sell","","1.17456","","1.17346","","","","","","","","",""
"61914","2025-09-24 20:42:43 -12","MARKET_IF_TOUCHED_ORDER","CLIENT_ORDER","EUR/USD","1.17648","1000.00","Buy","","1.17582","","1.17692","","","","","","","","",""
"61915","2025-09-24 20:42:43 -12","MARKET_IF_TOUCHED_ORDER","CLIENT_ORDER","EUR/USD","1.17340","1000.00","Sell","","1.17406","","1.17296","","","","","","","","",""
"61916","2025-09-24 20:42:43 -12","MARKET_IF_TOUCHED_ORDER","CLIENT_ORDER","EUR/USD","1.17698","1000.00","Buy","","1.17632","","1.17742","","","","","","","","",""
"61917","2025-09-24 20:42:43 -12","MARKET_IF_TOUCHED_ORDER","CLIENT_ORDER","EUR/USD","1.17290","1000.00","Sell","","1.17356","","1.17246","","","","","","","","",""
"61918","2025-09-24 20:42:44 -12","MARKET_IF_TOUCHED_ORDER","CLIENT_ORDER","EUR/USD","1.17748","1000.00","Buy","","1.17682","","1.17792","","","","","","","","",""
"61919","2025-09-24 20:42:44 -12","MARKET_IF_TOUCHED_ORDER","CLIENT_ORDER","EUR/USD","1.17240","1000.00","Sell","","1.17306","","1.17196","","","","","","","","",""
"61920","2025-09-24 20:43:43 -12","ORDER_FILL","MARKET_IF_TOUCHED_ORDER","EUR/USD","1.17331","1000.00","Sell","0.0580","","","","","0.00000","0.0000","0.0000","","","0.00000","","98976.63"
"61921","2025-09-24 20:43:43 -12","TAKE_PROFIT_ORDER","ON_FILL","","1.17296","","","","","","","","","","","","","","",""
"61922","2025-09-24 20:43:43 -12","STOP_LOSS_ORDER","ON_FILL","","1.17406","","","","","","","","","","","","","","",""
"61923","2025-09-24 20:44:44 -12","ORDER_CANCEL","CLIENT_REQUEST","","","","","","","","","","","","","","","","",""
"61924","2025-09-24 20:44:45 -12","ORDER_CANCEL","CLIENT_REQUEST","","","","","","","","","","","","","","","","",""
"61925","2025-09-24 20:44:45 -12","ORDER_CANCEL","CLIENT_REQUEST","","","","","","","","","","","","","","","","",""
"61926","2025-09-24 20:44:45 -12","ORDER_CANCEL","CLIENT_REQUEST","","","","","","","","","","","","","","","","",""
"61927","2025-09-24 20:44:45 -12","ORDER_CANCEL","CLIENT_REQUEST","","","","","","","","","","","","","","","","",""
"61928","2025-09-24 20:44:46 -12","ORDER_CANCEL","CLIENT_REQUEST","","","","","","","","","","","","","","","","",""
"61929","2025-09-24 20:44:46 -12","ORDER_CANCEL","CLIENT_REQUEST","","","","","","","","","","","","","","","","",""
"61930","2025-09-24 20:44:46 -12","ORDER_CANCEL","CLIENT_REQUEST","","","","","","","","","","","","","","","","",""
"61931","2025-09-24 20:44:46 -12","ORDER_CANCEL","CLIENT_REQUEST","","","","","","","","","","","","","","","","",""
"61932","2025-09-24 20:44:47 -12","ORDER_CANCEL","CLIENT_REQUEST","","","","","","","","","","","","","","","","",""
"61933","2025-09-24 20:44:47 -12","ORDER_CANCEL","CLIENT_REQUEST","","","","","","","","","","","","","","","","",""
"61934","2025-09-24 20:44:48 -12","MARKET_IF_TOUCHED_ORDER","CLIENT_ORDER","EUR/USD","1.17548","1000.00","Buy","","1.17482","","1.17592","","","","","","","","",""
"61935","2025-09-24 20:44:49 -12","MARKET_IF_TOUCHED_ORDER","CLIENT_ORDER","EUR/USD","1.17440","1000.00","Sell","","1.17506","","1.17396","","","","","","","","",""
"61936","2025-09-24 20:44:49 -12","MARKET_IF_TOUCHED_ORDER","CLIENT_ORDER","EUR/USD","1.17598","1000.00","Buy","","1.17532","","1.17642","","","","","","","","",""
"61937","2025-09-24 20:44:49 -12","MARKET_IF_TOUCHED_ORDER","CLIENT_ORDER","EUR/USD","1.17390","1000.00","Sell","","1.17456","","1.17346","","","","","","","","",""
"61938","2025-09-24 20:44:49 -12","MARKET_IF_TOUCHED_ORDER","CLIENT_ORDER","EUR/USD","1.17648","1000.00","Buy","","1.17582","","1.17692","","","","","","","","",""
"61939","2025-09-24 20:44:50 -12","MARKET_IF_TOUCHED_ORDER","CLIENT_ORDER","EUR/USD","1.17340","1000.00","Sell","","1.17406","","1.17296","","","","","","","","",""
"61940","2025-09-24 20:44:50 -12","MARKET_IF_TOUCHED_ORDER","CLIENT_ORDER","EUR/USD","1.17698","1000.00","Buy","","1.17632","","1.17742","","","","","","","","",""
"61941","2025-09-24 20:44:50 -12","MARKET_IF_TOUCHED_ORDER","CLIENT_ORDER","EUR/USD","1.17290","1000.00","Sell","","1.17356","","1.17246","","","","","","","","",""
"61942","2025-09-24 20:44:50 -12","MARKET_IF_TOUCHED_ORDER","CLIENT_ORDER","EUR/USD","1.17748","1000.00","Buy","","1.17682","","1.17792","","","","","","","","",""
"61943","2025-09-24 20:44:51 -12","MARKET_IF_TOUCHED_ORDER","CLIENT_ORDER","EUR/USD","1.17240","1000.00","Sell","","1.17306","","1.17196","","","","","","","","",""
"61944","2025-09-24 20:45:41 -12","ORDER_FILL","MARKET_IF_TOUCHED_ORDER","EUR/USD","1.17379","1000.00","Sell","0.0709","","","","","0.00000","0.0000","0.0000","","","0.00000","","98976.63"
"61945","2025-09-24 20:45:41 -12","TAKE_PROFIT_ORDER","ON_FILL","","1.17346","","","","","","","","","","","","","","",""
"61946","2025-09-24 20:45:41 -12","STOP_LOSS_ORDER","ON_FILL","","1.17456","","","","","","","","","","","","","","",""
"61947","2025-09-24 20:46:51 -12","ORDER_CANCEL","CLIENT_REQUEST","","","","","","","","","","","","","","","","",""
"61948","2025-09-24 20:46:51 -12","ORDER_CANCEL","CLIENT_REQUEST","","","","","","","","","","","","","","","","",""
"61949","2025-09-24 20:46:52 -12","ORDER_CANCEL","CLIENT_REQUEST","","","","","","","","","","","","","","","","",""
"61950","2025-09-24 20:46:52 -12","ORDER_CANCEL","CLIENT_REQUEST","","","","","","","","","","","","","","","","",""
"61951","2025-09-24 20:46:52 -12","ORDER_CANCEL","CLIENT_REQUEST","","","","","","","","","","","","","","","","",""
"61952","2025-09-24 20:46:52 -12","ORDER_CANCEL","CLIENT_REQUEST","","","","","","","","","","","","","","","","",""
"61953","2025-09-24 20:46:53 -12","ORDER_CANCEL","CLIENT_REQUEST","","","","","","","","","","","","","","","","",""
"61954","2025-09-24 20:46:53 -12","ORDER_CANCEL","CLIENT_REQUEST","","","","","","","","","","","","","","","","",""
"61955","2025-09-24 20:46:53 -12","ORDER_CANCEL","CLIENT_REQUEST","","","","","","","","","","","","","","","","",""
"61956","2025-09-24 20:46:54 -12","ORDER_CANCEL","CLIENT_REQUEST","","","","","","","","","","","","","","","","",""
"61957","2025-09-24 20:46:54 -12","ORDER_CANCEL","CLIENT_REQUEST","","","","","","","","","","","","","","","","",""
"61958","2025-09-24 20:46:55 -12","MARKET_IF_TOUCHED_ORDER","CLIENT_ORDER","EUR/USD","1.17548","1000.00","Buy","","1.17482","","1.17592","","","","","","","","",""
"61959","2025-09-24 20:46:55 -12","MARKET_IF_TOUCHED_ORDER","CLIENT_ORDER","EUR/USD","1.17440","1000.00","Sell","","1.17506","","1.17396","","","","","","","","",""
"61960","2025-09-24 20:46:56 -12","MARKET_IF_TOUCHED_ORDER","CLIENT_ORDER","EUR/USD","1.17598","1000.00","Buy","","1.17532","","1.17642","","","","","","","","",""
"61961","2025-09-24 20:46:56 -12","MARKET_IF_TOUCHED_ORDER","CLIENT_ORDER","EUR/USD","1.17390","1000.00","Sell","","1.17456","","1.17346","","","","","","","","",""
"61962","2025-09-24 20:46:56 -12","MARKET_IF_TOUCHED_ORDER","CLIENT_ORDER","EUR/USD","1.17648","1000.00","Buy","","1.17582","","1.17692","","","","","","","","",""
"61963","2025-09-24 20:46:57 -12","MARKET_IF_TOUCHED_ORDER","CLIENT_ORDER","EUR/USD","1.17340","1000.00","Sell","","1.17406","","1.17296","","","","","","","","",""
"61964","2025-09-24 20:46:57 -12","MARKET_IF_TOUCHED_ORDER","CLIENT_ORDER","EUR/USD","1.17698","1000.00","Buy","","1.17632","","1.17742","","","","","","","","",""
"61965","2025-09-24 20:46:57 -12","MARKET_IF_TOUCHED_ORDER","CLIENT_ORDER","EUR/USD","1.17290","1000.00","Sell","","1.17356","","1.17246","","","","","","","","",""
"61966","2025-09-24 20:46:57 -12","MARKET_IF_TOUCHED_ORDER","CLIENT_ORDER","EUR/USD","1.17748","1000.00","Buy","","1.17682","","1.17792","","","","","","","","",""
"61967","2025-09-24 20:46:58 -12","MARKET_IF_TOUCHED_ORDER","CLIENT_ORDER","EUR/USD","1.17240","1000.00","Sell","","1.17306","","1.17196","","","","","","","","",""
"61968","2025-09-24 20:47:31 -12","ORDER_FILL","MARKET_IF_TOUCHED_ORDER","EUR/USD","1.17380","1000.00","Sell","0.0644","","","","","0.00000","0.0000","0.0000","","","0.00000","","98976.63"
"61969","2025-09-24 20:47:31 -12","TAKE_PROFIT_ORDER","ON_FILL","","1.17346","","","","","","","","","","","","","","",""
"61970","2025-09-24 20:47:31 -12","STOP_LOSS_ORDER","ON_FILL","","1.17456","","","","","","","","","","","","","","",""
"61971","2025-09-24 20:48:58 -12","ORDER_CANCEL","CLIENT_REQUEST","","","","","","","","","","","","","","","","",""
"61972","2025-09-24 20:48:58 -12","ORDER_CANCEL","CLIENT_REQUEST","","","","","","","","","","","","","","","","",""
"61973","2025-09-24 20:48:59 -12","ORDER_CANCEL","CLIENT_REQUEST","","","","","","","","","","","","","","","","",""
"61974","2025-09-24 20:48:59 -12","ORDER_CANCEL","CLIENT_REQUEST","","","","","","","","","","","","","","","","",""
"61975","2025-09-24 20:48:59 -12","ORDER_CANCEL","CLIENT_REQUEST","","","","","","","","","","","","","","","","",""
"61976","2025-09-24 20:48:59 -12","ORDER_CANCEL","CLIENT_REQUEST","","","","","","","","","","","","","","","","",""
"61977","2025-09-24 20:49:00 -12","ORDER_CANCEL","CLIENT_REQUEST","","","","","","","","","","","","","","","","",""
"61978","2025-09-24 20:49:00 -12","ORDER_CANCEL","CLIENT_REQUEST","","","","","","","","","","","","","","","","",""
"61979","2025-09-24 20:49:00 -12","ORDER_CANCEL","CLIENT_REQUEST","","","","","","","","","","","","","","","","",""
"61980","2025-09-24 20:49:00 -12","ORDER_CANCEL","CLIENT_REQUEST","","","","","","","","","","","","","","","","",""
"61981","2025-09-24 20:49:01 -12","ORDER_CANCEL","CLIENT_REQUEST","","","","","","","","","","","","","","","","",""
"61982","2025-09-24 20:49:02 -12","MARKET_IF_TOUCHED_ORDER","CLIENT_ORDER","EUR/USD","1.17548","1000.00","Buy","","1.17482","","1.17592","","","","","","","","",""
"61983","2025-09-24 20:49:03 -12","MARKET_IF_TOUCHED_ORDER","CLIENT_ORDER","EUR/USD","1.17440","1000.00","Sell","","1.17506","","1.17396","","","","","","","","",""
"61984","2025-09-24 20:49:03 -12","MARKET_IF_TOUCHED_ORDER","CLIENT_ORDER","EUR/USD","1.17598","1000.00","Buy","","1.17532","","1.17642","","","","","","","","",""
"61985","2025-09-24 20:49:03 -12","MARKET_IF_TOUCHED_ORDER","CLIENT_ORDER","EUR/USD","1.17390","1000.00","Sell","","1.17456","","1.17346","","","","","","","","",""
"61986","2025-09-24 20:49:03 -12","MARKET_IF_TOUCHED_ORDER","CLIENT_ORDER","EUR/USD","1.17648","1000.00","Buy","","1.17582","","1.17692","","","","","","","","",""
"61987","2025-09-24 20:49:04 -12","MARKET_IF_TOUCHED_ORDER","CLIENT_ORDER","EUR/USD","1.17340","1000.00","Sell","","1.17406","","1.17296","","","","","","","","",""
"61988","2025-09-24 20:49:04 -12","MARKET_IF_TOUCHED_ORDER","CLIENT_ORDER","EUR/USD","1.17698","1000.00","Buy","","1.17632","","1.17742","","","","","","","","",""
"61989","2025-09-24 20:49:04 -12","MARKET_IF_TOUCHED_ORDER","CLIENT_ORDER","EUR/USD","1.17290","1000.00","Sell","","1.17356","","1.17246","","","","","","","","",""
"61990","2025-09-24 20:49:04 -12","MARKET_IF_TOUCHED_ORDER","CLIENT_ORDER","EUR/USD","1.17748","1000.00","Buy","","1.17682","","1.17792","","","","","","","","",""
"61991","2025-09-24 20:49:05 -12","MARKET_IF_TOUCHED_ORDER","CLIENT_ORDER","EUR/USD","1.17240","1000.00","Sell","","1.17306","","1.17196","","","","","","","","",""
"61992","2025-09-24 20:49:06 -12","ORDER_FILL","MARKET_IF_TOUCHED_ORDER","EUR/USD","1.17380","1000.00","Sell","0.0644","","","","","0.00000","0.0000","0.0000","","","0.00000","","98976.63"
"61993","2025-09-24 20:49:06 -12","TAKE_PROFIT_ORDER","ON_FILL","","1.17346","","","","","","","","","","","","","","",""
"61994","2025-09-24 20:49:06 -12","STOP_LOSS_ORDER","ON_FILL","","1.17456","","","","","","","","","","","","","","",""
"61995","2025-09-24 20:51:05 -12","ORDER_CANCEL","CLIENT_REQUEST","","","","","","","","","","","","","","","","",""
"61996","2025-09-24 20:51:06 -12","ORDER_CANCEL","CLIENT_REQUEST","","","","","","","","","","","","","","","","",""
"61997","2025-09-24 20:51:06 -12","ORDER_CANCEL","CLIENT_REQUEST","","","","","","","","","","","","","","","","",""
"61998","2025-09-24 20:51:06 -12","ORDER_CANCEL","CLIENT_REQUEST","","","","","","","","","","","","","","","","",""
"61999","2025-09-24 20:51:06 -12","ORDER_CANCEL","CLIENT_REQUEST","","","","","","","","","","","","","","","","",""
"62000","2025-09-24 20:51:06 -12","ORDER_CANCEL","CLIENT_REQUEST","","","","","","","","","","","","","","","","",""
"62001","2025-09-24 20:51:07 -12","ORDER_CANCEL","CLIENT_REQUEST","","","","","","","","","","","","","","","","",""
"62002","2025-09-24 20:51:07 -12","ORDER_CANCEL","CLIENT_REQUEST","","","","","","","","","","","","","","","","",""
"62003","2025-09-24 20:51:07 -12","ORDER_CANCEL","CLIENT_REQUEST","","","","","","","","","","","","","","","","",""
"62004","2025-09-24 20:51:08 -12","ORDER_CANCEL","CLIENT_REQUEST","","","","","","","","","","","","","","","","",""
"62005","2025-09-24 20:51:08 -12","ORDER_CANCEL","CLIENT_REQUEST","","","","","","","","","","","","","","","","",""
"62006","2025-09-24 20:51:10 -12","MARKET_IF_TOUCHED_ORDER","CLIENT_ORDER","EUR/USD","1.17548","1000.00","Buy","","1.17482","","1.17592","","","","","","","","",""
"62007","2025-09-24 20:51:10 -12","MARKET_IF_TOUCHED_ORDER","CLIENT_ORDER","EUR/USD","1.17440","1000.00","Sell","","1.17506","","1.17396","","","","","","","","",""
"62008","2025-09-24 20:51:10 -12","MARKET_IF_TOUCHED_ORDER","CLIENT_ORDER","EUR/USD","1.17598","1000.00","Buy","","1.17532","","1.17642","","","","","","","","",""
"62009","2025-09-24 20:51:11 -12","MARKET_IF_TOUCHED_ORDER","CLIENT_ORDER","EUR/USD","1.17390","1000.00","Sell","","1.17456","","1.17346","","","","","","","","",""
"62010","2025-09-24 20:51:11 -12","MARKET_IF_TOUCHED_ORDER","CLIENT_ORDER","EUR/USD","1.17648","1000.00","Buy","","1.17582","","1.17692","","","","","","","","",""
"62011","2025-09-24 20:51:11 -12","MARKET_IF_TOUCHED_ORDER","CLIENT_ORDER","EUR/USD","1.17340","1000.00","Sell","","1.17406","","1.17296","","","","","","","","",""
"62012","2025-09-24 20:51:11 -12","MARKET_IF_TOUCHED_ORDER","CLIENT_ORDER","EUR/USD","1.17698","1000.00","Buy","","1.17632","","1.17742","","","","","","","","",""
"62013","2025-09-24 20:51:12 -12","MARKET_IF_TOUCHED_ORDER","CLIENT_ORDER","EUR/USD","1.17290","1000.00","Sell","","1.17356","","1.17246","","","","","","","","",""
"62014","2025-09-24 20:51:12 -12","MARKET_IF_TOUCHED_ORDER","CLIENT_ORDER","EUR/USD","1.17748","1000.00","Buy","","1.17682","","1.17792","","","","","","","","",""
"62015","2025-09-24 20:51:12 -12","MARKET_IF_TOUCHED_ORDER","CLIENT_ORDER","EUR/USD","1.17240","1000.00","Sell","","1.17306","","1.17196","","","","","","","","",""
"62016","2025-09-24 20:52:47 -12","ORDER_FILL","MARKET_IF_TOUCHED_ORDER","EUR/USD","1.17380","1000.00","Sell","0.0644","","","","","0.00000","0.0000","0.0000","","","0.00000","","98976.63"
"62017","2025-09-24 20:52:47 -12","TAKE_PROFIT_ORDER","ON_FILL","","1.17346","","","","","","","","","","","","","","",""
"62018","2025-09-24 20:52:47 -12","STOP_LOSS_ORDER","ON_FILL","","1.17456","","","","","","","","","","","","","","",""
"62019","2025-09-24 20:53:13 -12","ORDER_CANCEL","CLIENT_REQUEST","","","","","","","","","","","","","","","","",""
"62020","2025-09-24 20:53:13 -12","ORDER_CANCEL","CLIENT_REQUEST","","","","","","","","","","","","","","","","",""
"62021","2025-09-24 20:53:14 -12","ORDER_CANCEL","CLIENT_REQUEST","","","","","","","","","","","","","","","","",""
"62022","2025-09-24 20:53:14 -12","ORDER_CANCEL","CLIENT_REQUEST","","","","","","","","","","","","","","","","",""
"62023","2025-09-24 20:53:14 -12","ORDER_CANCEL","CLIENT_REQUEST","","","","","","","","","","","","","","","","",""
"62024","2025-09-24 20:53:14 -12","ORDER_CANCEL","CLIENT_REQUEST","","","","","","","","","","","","","","","","",""
"62025","2025-09-24 20:53:15 -12","ORDER_CANCEL","CLIENT_REQUEST","","","","","","","","","","","","","","","","",""
"62026","2025-09-24 20:53:15 -12","ORDER_CANCEL","CLIENT_REQUEST","","","","","","","","","","","","","","","","",""
"62027","2025-09-24 20:53:15 -12","ORDER_CANCEL","CLIENT_REQUEST","","","","","","","","","","","","","","","","",""
"62028","2025-09-24 20:53:15 -12","ORDER_CANCEL","CLIENT_REQUEST","","","","","","","","","","","","","","","","",""
"62029","2025-09-24 20:53:16 -12","ORDER_CANCEL","CLIENT_REQUEST","","","","","","","","","","","","","","","","",""
"62030","2025-09-24 20:53:17 -12","MARKET_IF_TOUCHED_ORDER","CLIENT_ORDER","EUR/USD","1.17548","1000.00","Buy","","1.17482","","1.17592","","","","","","","","",""
"62031","2025-09-24 20:53:17 -12","MARKET_IF_TOUCHED_ORDER","CLIENT_ORDER","EUR/USD","1.17440","1000.00","Sell","","1.17506","","1.17396","","","","","","","","",""
"62032","2025-09-24 20:53:18 -12","MARKET_IF_TOUCHED_ORDER","CLIENT_ORDER","EUR/USD","1.17598","1000.00","Buy","","1.17532","","1.17642","","","","","","","","",""
"62033","2025-09-24 20:53:18 -12","MARKET_IF_TOUCHED_ORDER","CLIENT_ORDER","EUR/USD","1.17390","1000.00","Sell","","1.17456","","1.17346","","","","","","","","",""
"62034","2025-09-24 20:53:18 -12","MARKET_IF_TOUCHED_ORDER","CLIENT_ORDER","EUR/USD","1.17648","1000.00","Buy","","1.17582","","1.17692","","","","","","","","",""
"62035","2025-09-24 20:53:18 -12","MARKET_IF_TOUCHED_ORDER","CLIENT_ORDER","EUR/USD","1.17340","1000.00","Sell","","1.17406","","1.17296","","","","","","","","",""
"62036","2025-09-24 20:53:19 -12","MARKET_IF_TOUCHED_ORDER","CLIENT_ORDER","EUR/USD","1.17698","1000.00","Buy","","1.17632","","1.17742","","","","","","","","",""
"62037","2025-09-24 20:53:19 -12","MARKET_IF_TOUCHED_ORDER","CLIENT_ORDER","EUR/USD","1.17290","1000.00","Sell","","1.17356","","1.17246","","","","","","","","",""
"62038","2025-09-24 20:53:19 -12","MARKET_IF_TOUCHED_ORDER","CLIENT_ORDER","EUR/USD","1.17748","1000.00","Buy","","1.17682","","1.17792","","","","","","","","",""
"62039","2025-09-24 20:53:19 -12","MARKET_IF_TOUCHED_ORDER","CLIENT_ORDER","EUR/USD","1.17240","1000.00","Sell","","1.17306","","1.17196","","","","","","","","",""
"62040","2025-09-24 20:53:39 -12","ORDER_FILL","MARKET_IF_TOUCHED_ORDER","EUR/USD","1.17380","1000.00","Sell","0.0644","","","","","0.00000","0.0000","0.0000","","","0.00000","","98976.63"
"62041","2025-09-24 20:53:39 -12","TAKE_PROFIT_ORDER","ON_FILL","","1.17346","","","","","","","","","","","","","","",""
"62042","2025-09-24 20:53:39 -12","STOP_LOSS_ORDER","ON_FILL","","1.17456","","","","","","","","","","","","","","",""
"62043","2025-09-24 20:55:20 -12","ORDER_CANCEL","CLIENT_REQUEST","","","","","","","","","","","","","","","","",""
"62044","2025-09-24 20:55:21 -12","ORDER_CANCEL","CLIENT_REQUEST","","","","","","","","","","","","","","","","",""
"62045","2025-09-24 20:55:21 -12","ORDER_CANCEL","CLIENT_REQUEST","","","","","","","","","","","","","","","","",""
"62046","2025-09-24 20:55:22 -12","ORDER_CANCEL","CLIENT_REQUEST","","","","","","","","","","","","","","","","",""
"62047","2025-09-24 20:55:22 -12","ORDER_CANCEL","CLIENT_REQUEST","","","","","","","","","","","","","","","","",""
"62048","2025-09-24 20:55:22 -12","ORDER_CANCEL","CLIENT_REQUEST","","","","","","","","","","","","","","","","",""
"62049","2025-09-24 20:55:22 -12","ORDER_CANCEL","CLIENT_REQUEST","","","","","","","","","","","","","","","","",""
"62050","2025-09-24 20:55:23 -12","ORDER_CANCEL","CLIENT_REQUEST","","","","","","","","","","","","","","","","",""
"62051","2025-09-24 20:55:23 -12","ORDER_CANCEL","CLIENT_REQUEST","","","","","","","","","","","","","","","","",""
"62052","2025-09-24 20:55:23 -12","ORDER_CANCEL","CLIENT_REQUEST","","","","","","","","","","","","","","","","",""
"62053","2025-09-24 20:55:23 -12","ORDER_CANCEL","CLIENT_REQUEST","","","","","","","","","","","","","","","","",""
"62054","2025-09-24 20:55:25 -12","MARKET_IF_TOUCHED_ORDER","CLIENT_ORDER","EUR/USD","1.17548","1000.00","Buy","","1.17488","","1.17588","","","","","","","","",""
"62055","2025-09-24 20:55:25 -12","MARKET_IF_TOUCHED_ORDER","CLIENT_ORDER","EUR/USD","1.17440","1000.00","Sell","","1.17500","","1.17400","","","","","","","","",""
"62056","2025-09-24 20:55:25 -12","MARKET_IF_TOUCHED_ORDER","CLIENT_ORDER","EUR/USD","1.17598","1000.00","Buy","","1.17538","","1.17638","","","","","","","","",""
"62057","2025-09-24 20:55:25 -12","MARKET_IF_TOUCHED_ORDER","CLIENT_ORDER","EUR/USD","1.17390","1000.00","Sell","","1.17450","","1.17350","","","","","","","","",""
"62058","2025-09-24 20:55:26 -12","MARKET_IF_TOUCHED_ORDER","CLIENT_ORDER","EUR/USD","1.17648","1000.00","Buy","","1.17588","","1.17688","","","","","","","","",""
"62059","2025-09-24 20:55:26 -12","MARKET_IF_TOUCHED_ORDER","CLIENT_ORDER","EUR/USD","1.17340","1000.00","Sell","","1.17400","","1.17300","","","","","","","","",""
"62060","2025-09-24 20:55:26 -12","MARKET_IF_TOUCHED_ORDER","CLIENT_ORDER","EUR/USD","1.17698","1000.00","Buy","","1.17638","","1.17738","","","","","","","","",""
"62061","2025-09-24 20:55:26 -12","MARKET_IF_TOUCHED_ORDER","CLIENT_ORDER","EUR/USD","1.17290","1000.00","Sell","","1.17350","","1.17250","","","","","","","","",""
"62062","2025-09-24 20:55:27 -12","MARKET_IF_TOUCHED_ORDER","CLIENT_ORDER","EUR/USD","1.17748","1000.00","Buy","","1.17688","","1.17788","","","","","","","","",""
"62063","2025-09-24 20:55:27 -12","MARKET_IF_TOUCHED_ORDER","CLIENT_ORDER","EUR/USD","1.17240","1000.00","Sell","","1.17300","","1.17200","","","","","","","","",""
"62064","2025-09-24 20:55:38 -12","ORDER_FILL","MARKET_IF_TOUCHED_ORDER","EUR/USD","1.17429","1000.00","Sell","0.0773","","","","","0.00000","0.0000","0.0000","","","0.00000","","98976.63"
"62065","2025-09-24 20:55:38 -12","TAKE_PROFIT_ORDER","ON_FILL","","1.17400","","","","","","","","","","","","","","",""
"62066","2025-09-24 20:55:38 -12","STOP_LOSS_ORDER","ON_FILL","","1.17500","","","","","","","","","","","","","","",""
"62067","2025-09-24 20:57:28 -12","ORDER_CANCEL","CLIENT_REQUEST","","","","","","","","","","","","","","","","",""
"62068","2025-09-24 20:57:28 -12","ORDER_CANCEL","CLIENT_REQUEST","","","","","","","","","","","","","","","","",""
"62069","2025-09-24 20:57:29 -12","ORDER_CANCEL","CLIENT_REQUEST","","","","","","","","","","","","","","","","",""
"62070","2025-09-24 20:57:29 -12","ORDER_CANCEL","CLIENT_REQUEST","","","","","","","","","","","","","","","","",""
"62071","2025-09-24 20:57:30 -12","ORDER_CANCEL","CLIENT_REQUEST","","","","","","","","","","","","","","","","",""
"62072","2025-09-24 20:57:30 -12","ORDER_CANCEL","CLIENT_REQUEST","","","","","","","","","","","","","","","","",""
"62073","2025-09-24 20:57:30 -12","ORDER_CANCEL","CLIENT_REQUEST","","","","","","","","","","","","","","","","",""
"62074","2025-09-24 20:57:30 -12","ORDER_CANCEL","CLIENT_REQUEST","","","","","","","","","","","","","","","","",""
"62075","2025-09-24 20:57:31 -12","ORDER_CANCEL","CLIENT_REQUEST","","","","","","","","","","","","","","","","",""
"62076","2025-09-24 20:57:31 -12","ORDER_CANCEL","CLIENT_REQUEST","","","","","","","","","","","","","","","","",""
"62077","2025-09-24 20:57:31 -12","ORDER_CANCEL","CLIENT_REQUEST","","","","","","","","","","","","","","","","",""
"62078","2025-09-24 20:57:32 -12","MARKET_IF_TOUCHED_ORDER","CLIENT_ORDER","EUR/USD","1.17548","1000.00","Buy","","1.17488","","1.17588","","","","","","","","",""
"62079","2025-09-24 20:57:33 -12","MARKET_IF_TOUCHED_ORDER","CLIENT_ORDER","EUR/USD","1.17440","1000.00","Sell","","1.17500","","1.17400","","","","","","","","",""
"62080","2025-09-24 20:57:33 -12","MARKET_IF_TOUCHED_ORDER","CLIENT_ORDER","EUR/USD","1.17598","1000.00","Buy","","1.17538","","1.17638","","","","","","","","",""
"62081","2025-09-24 20:57:33 -12","MARKET_IF_TOUCHED_ORDER","CLIENT_ORDER","EUR/USD","1.17390","1000.00","Sell","","1.17450","","1.17350","","","","","","","","",""
"62082","2025-09-24 20:57:33 -12","MARKET_IF_TOUCHED_ORDER","CLIENT_ORDER","EUR/USD","1.17648","1000.00","Buy","","1.17588","","1.17688","","","","","","","","",""
"62083","2025-09-24 20:57:34 -12","MARKET_IF_TOUCHED_ORDER","CLIENT_ORDER","EUR/USD","1.17340","1000.00","Sell","","1.17400","","1.17300","","","","","","","","",""
"62084","2025-09-24 20:57:34 -12","MARKET_IF_TOUCHED_ORDER","CLIENT_ORDER","EUR/USD","1.17698","1000.00","Buy","","1.17638","","1.17738","","","","","","","","",""
"62085","2025-09-24 20:57:34 -12","MARKET_IF_TOUCHED_ORDER","CLIENT_ORDER","EUR/USD","1.17290","1000.00","Sell","","1.17350","","1.17250","","","","","","","","",""
"62086","2025-09-24 20:57:34 -12","MARKET_IF_TOUCHED_ORDER","CLIENT_ORDER","EUR/USD","1.17748","1000.00","Buy","","1.17688","","1.17788","","","","","","","","",""
"62087","2025-09-24 20:57:35 -12","MARKET_IF_TOUCHED_ORDER","CLIENT_ORDER","EUR/USD","1.17240","1000.00","Sell","","1.17300","","1.17200","","","","","","","","",""
"62088","2025-09-24 20:57:40 -12","ORDER_FILL","MARKET_IF_TOUCHED_ORDER","EUR/USD","1.17431","1000.00","Sell","0.0515","","","","","0.00000","0.0000","0.0000","","","0.00000","","98976.63"
"62089","2025-09-24 20:57:40 -12","TAKE_PROFIT_ORDER","ON_FILL","","1.17400","","","","","","","","","","","","","","",""
"62090","2025-09-24 20:57:40 -12","STOP_LOSS_ORDER","ON_FILL","","1.17500","","","","","","","","","","","","","","",""
"62091","2025-09-24 20:59:35 -12","ORDER_CANCEL","CLIENT_REQUEST","","","","","","","","","","","","","","","","",""
"62092","2025-09-24 20:59:36 -12","ORDER_CANCEL","CLIENT_REQUEST","","","","","","","","","","","","","","","","",""
"62093","2025-09-24 20:59:36 -12","ORDER_CANCEL","CLIENT_REQUEST","","","","","","","","","","","","","","","","",""
"62094","2025-09-24 20:59:36 -12","ORDER_CANCEL","CLIENT_REQUEST","","","","","","","","","","","","","","","","",""
"62095","2025-09-24 20:59:36 -12","ORDER_CANCEL","CLIENT_REQUEST","","","","","","","","","","","","","","","","",""
"62096","2025-09-24 20:59:37 -12","ORDER_CANCEL","CLIENT_REQUEST","","","","","","","","","","","","","","","","",""
"62097","2025-09-24 20:59:37 -12","ORDER_CANCEL","CLIENT_REQUEST","","","","","","","","","","","","","","","","",""
"62098","2025-09-24 20:59:37 -12","ORDER_CANCEL","CLIENT_REQUEST","","","","","","","","","","","","","","","","",""
"62099","2025-09-24 20:59:37 -12","ORDER_CANCEL","CLIENT_REQUEST","","","","","","","","","","","","","","","","",""
"62100","2025-09-24 20:59:38 -12","ORDER_CANCEL","CLIENT_REQUEST","","","","","","","","","","","","","","","","",""
"62101","2025-09-24 20:59:38 -12","ORDER_CANCEL","CLIENT_REQUEST","","","","","","","","","","","","","","","","",""
"62102","2025-09-24 20:59:39 -12","MARKET_IF_TOUCHED_ORDER","CLIENT_ORDER","EUR/USD","1.17548","1000.00","Buy","","1.17488","","1.17588","","","","","","","","",""
"62103","2025-09-24 20:59:40 -12","MARKET_IF_TOUCHED_ORDER","CLIENT_ORDER","EUR/USD","1.17440","1000.00","Sell","","1.17500","","1.17400","","","","","","","","",""
"62104","2025-09-24 20:59:40 -12","MARKET_IF_TOUCHED_ORDER","CLIENT_ORDER","EUR/USD","1.17598","1000.00","Buy","","1.17538","","1.17638","","","","","","","","",""
"62105","2025-09-24 20:59:40 -12","MARKET_IF_TOUCHED_ORDER","CLIENT_ORDER","EUR/USD","1.17390","1000.00","Sell","","1.17450","","1.17350","","","","","","","","",""
"62106","2025-09-24 20:59:40 -12","MARKET_IF_TOUCHED_ORDER","CLIENT_ORDER","EUR/USD","1.17648","1000.00","Buy","","1.17588","","1.17688","","","","","","","","",""
"62107","2025-09-24 20:59:41 -12","MARKET_IF_TOUCHED_ORDER","CLIENT_ORDER","EUR/USD","1.17340","1000.00","Sell","","1.17400","","1.17300","","","","","","","","",""
"62108","2025-09-24 20:59:41 -12","MARKET_IF_TOUCHED_ORDER","CLIENT_ORDER","EUR/USD","1.17698","1000.00","Buy","","1.17638","","1.17738","","","","","","","","",""
"62109","2025-09-24 20:59:41 -12","MARKET_IF_TOUCHED_ORDER","CLIENT_ORDER","EUR/USD","1.17290","1000.00","Sell","","1.17350","","1.17250","","","","","","","","",""
"62110","2025-09-24 20:59:41 -12","MARKET_IF_TOUCHED_ORDER","CLIENT_ORDER","EUR/USD","1.17748","1000.00","Buy","","1.17688","","1.17788","","","","","","","","",""
"62111","2025-09-24 20:59:42 -12","MARKET_IF_TOUCHED_ORDER","CLIENT_ORDER","EUR/USD","1.17240","1000.00","Sell","","1.17300","","1.17200","","","","","","","","",""
"62112","2025-09-24 21:00:23 -12","ORDER_FILL","MARKET_IF_TOUCHED_ORDER","EUR/USD","1.17429","1000.00","Sell","0.0708","","","","","0.00000","0.0000","0.0000","","","0.00000","","98976.63"
"62113","2025-09-24 21:00:23 -12","TAKE_PROFIT_ORDER","ON_FILL","","1.17400","","","","","","","","","","","","","","",""
"62114","2025-09-24 21:00:23 -12","STOP_LOSS_ORDER","ON_FILL","","1.17500","","","","","","","","","","","","","","",""
"62115","2025-09-24 21:01:42 -12","ORDER_CANCEL","CLIENT_REQUEST","","","","","","","","","","","","","","","","",""
"62116","2025-09-24 21:01:42 -12","ORDER_CANCEL","CLIENT_REQUEST","","","","","","","","","","","","","","","","",""
"62117","2025-09-24 21:01:43 -12","ORDER_CANCEL","CLIENT_REQUEST","","","","","","","","","","","","","","","","",""
"62118","2025-09-24 21:01:43 -12","ORDER_CANCEL","CLIENT_REQUEST","","","","","","","","","","","","","","","","",""
"62119","2025-09-24 21:01:43 -12","ORDER_CANCEL","CLIENT_REQUEST","","","","","","","","","","","","","","","","",""
"62120","2025-09-24 21:01:44 -12","ORDER_CANCEL","CLIENT_REQUEST","","","","","","","","","","","","","","","","",""
"62121","2025-09-24 21:01:44 -12","ORDER_CANCEL","CLIENT_REQUEST","","","","","","","","","","","","","","","","",""
"62122","2025-09-24 21:01:44 -12","ORDER_CANCEL","CLIENT_REQUEST","","","","","","","","","","","","","","","","",""
"62123","2025-09-24 21:01:44 -12","ORDER_CANCEL","CLIENT_REQUEST","","","","","","","","","","","","","","","","",""
"62124","2025-09-24 21:01:45 -12","ORDER_CANCEL","CLIENT_REQUEST","","","","","","","","","","","","","","","","",""
"62125","2025-09-24 21:01:45 -12","ORDER_CANCEL","CLIENT_REQUEST","","","","","","","","","","","","","","","","",""
"62126","2025-09-24 21:01:46 -12","MARKET_IF_TOUCHED_ORDER","CLIENT_ORDER","EUR/USD","1.17548","1000.00","Buy","","1.17487","","1.17589","","","","","","","","",""
"62127","2025-09-24 21:01:46 -12","MARKET_IF_TOUCHED_ORDER","CLIENT_ORDER","EUR/USD","1.17440","1000.00","Sell","","1.17501","","1.17399","","","","","","","","",""
"62128","2025-09-24 21:01:47 -12","ORDER_FILL","MARKET_IF_TOUCHED_ORDER","EUR/USD","1.17429","1000.00","Sell","0.0644","","","","","0.00000","0.0000","0.0000","","","0.00000","","98976.63"
"62129","2025-09-24 21:01:47 -12","TAKE_PROFIT_ORDER","ON_FILL","","1.17399","","","","","","","","","","","","","","",""
"62130","2025-09-24 21:01:47 -12","STOP_LOSS_ORDER","ON_FILL","","1.17501","","","","","","","","","","","","","","",""
"62131","2025-09-24 21:01:47 -12","MARKET_IF_TOUCHED_ORDER","CLIENT_ORDER","EUR/USD","1.17598","1000.00","Buy","","1.17537","","1.17639","","","","","","","","",""
"62132","2025-09-24 21:01:47 -12","MARKET_IF_TOUCHED_ORDER","CLIENT_ORDER","EUR/USD","1.17390","1000.00","Sell","","1.17451","","1.17349","","","","","","","","",""
"62133","2025-09-24 21:01:47 -12","MARKET_IF_TOUCHED_ORDER","CLIENT_ORDER","EUR/USD","1.17648","1000.00","Buy","","1.17587","","1.17689","","","","","","","","",""
"62134","2025-09-24 21:01:47 -12","MARKET_IF_TOUCHED_ORDER","CLIENT_ORDER","EUR/USD","1.17340","1000.00","Sell","","1.17401","","1.17299","","","","","","","","",""
"62135","2025-09-24 21:01:48 -12","MARKET_IF_TOUCHED_ORDER","CLIENT_ORDER","EUR/USD","1.17698","1000.00","Buy","","1.17637","","1.17739","","","","","","","","",""
"62136","2025-09-24 21:01:48 -12","MARKET_IF_TOUCHED_ORDER","CLIENT_ORDER","EUR/USD","1.17290","1000.00","Sell","","1.17351","","1.17249","","","","","","","","",""
"62137","2025-09-24 21:01:48 -12","MARKET_IF_TOUCHED_ORDER","CLIENT_ORDER","EUR/USD","1.17748","1000.00","Buy","","1.17687","","1.17789","","","","","","","","",""
"62138","2025-09-24 21:01:49 -12","MARKET_IF_TOUCHED_ORDER","CLIENT_ORDER","EUR/USD","1.17240","1000.00","Sell","","1.17301","","1.17199","","","","","","","","",""
"62139","2025-09-24 21:03:49 -12","ORDER_CANCEL","CLIENT_REQUEST","","","","","","","","","","","","","","","","",""
"62140","2025-09-24 21:03:49 -12","ORDER_CANCEL","CLIENT_REQUEST","","","","","","","","","","","","","","","","",""
"62141","2025-09-24 21:03:50 -12","ORDER_CANCEL","CLIENT_REQUEST","","","","","","","","","","","","","","","","",""
"62142","2025-09-24 21:03:50 -12","ORDER_CANCEL","CLIENT_REQUEST","","","","","","","","","","","","","","","","",""
"62143","2025-09-24 21:03:50 -12","ORDER_CANCEL","CLIENT_REQUEST","","","","","","","","","","","","","","","","",""
"62144","2025-09-24 21:03:50 -12","ORDER_CANCEL","CLIENT_REQUEST","","","","","","","","","","","","","","","","",""
"62145","2025-09-24 21:03:51 -12","ORDER_CANCEL","CLIENT_REQUEST","","","","","","","","","","","","","","","","",""
"62146","2025-09-24 21:03:51 -12","ORDER_CANCEL","CLIENT_REQUEST","","","","","","","","","","","","","","","","",""
"62147","2025-09-24 21:03:51 -12","ORDER_CANCEL","CLIENT_REQUEST","","","","","","","","","","","","","","","","",""
"62148","2025-09-24 21:03:52 -12","ORDER_CANCEL","CLIENT_REQUEST","","","","","","","","","","","","","","","","",""
"62149","2025-09-24 21:03:52 -12","ORDER_CANCEL","CLIENT_REQUEST","","","","","","","","","","","","","","","","",""
"62150","2025-09-24 21:03:53 -12","MARKET_IF_TOUCHED_ORDER","CLIENT_ORDER","EUR/USD","1.17548","1000.00","Buy","","1.17487","","1.17589","","","","","","","","",""
"62151","2025-09-24 21:03:53 -12","MARKET_IF_TOUCHED_ORDER","CLIENT_ORDER","EUR/USD","1.17440","1000.00","Sell","","1.17501","","1.17399","","","","","","","","",""
"62152","2025-09-24 21:03:54 -12","MARKET_IF_TOUCHED_ORDER","CLIENT_ORDER","EUR/USD","1.17598","1000.00","Buy","","1.17537","","1.17639","","","","","","","","",""
"62153","2025-09-24 21:03:54 -12","MARKET_IF_TOUCHED_ORDER","CLIENT_ORDER","EUR/USD","1.17390","1000.00","Sell","","1.17451","","1.17349","","","","","","","","",""
"62154","2025-09-24 21:03:54 -12","MARKET_IF_TOUCHED_ORDER","CLIENT_ORDER","EUR/USD","1.17648","1000.00","Buy","","1.17587","","1.17689","","","","","","","","",""
"62155","2025-09-24 21:03:54 -12","MARKET_IF_TOUCHED_ORDER","CLIENT_ORDER","EUR/USD","1.17340","1000.00","Sell","","1.17401","","1.17299","","","","","","","","",""
"62156","2025-09-24 21:03:55 -12","MARKET_IF_TOUCHED_ORDER","CLIENT_ORDER","EUR/USD","1.17698","1000.00","Buy","","1.17637","","1.17739","","","","","","","","",""
"62157","2025-09-24 21:03:55 -12","MARKET_IF_TOUCHED_ORDER","CLIENT_ORDER","EUR/USD","1.17290","1000.00","Sell","","1.17351","","1.17249","","","","","","","","",""
"62158","2025-09-24 21:03:55 -12","MARKET_IF_TOUCHED_ORDER","CLIENT_ORDER","EUR/USD","1.17748","1000.00","Buy","","1.17687","","1.17789","","","","","","","","",""
"62159","2025-09-24 21:03:56 -12","MARKET_IF_TOUCHED_ORDER","CLIENT_ORDER","EUR/USD","1.17240","1000.00","Sell","","1.17301","","1.17199","","","","","","","","",""
"62160","2025-09-24 21:05:21 -12","ORDER_FILL","MARKET_IF_TOUCHED_ORDER","EUR/USD","1.17430","1000.00","Sell","0.0515","","","","","0.00000","0.0000","0.0000","","","0.00000","","98976.63"
"62161","2025-09-24 21:05:21 -12","TAKE_PROFIT_ORDER","ON_FILL","","1.17399","","","","","","","","","","","","","","",""
"62162","2025-09-24 21:05:21 -12","STOP_LOSS_ORDER","ON_FILL","","1.17501","","","","","","","","","","","","","","",""
"62163","2025-09-24 21:05:56 -12","ORDER_CANCEL","CLIENT_REQUEST","","","","","","","","","","","","","","","","",""
"62164","2025-09-24 21:05:56 -12","ORDER_CANCEL","CLIENT_REQUEST","","","","","","","","","","","","","","","","",""
"62165","2025-09-24 21:05:57 -12","ORDER_CANCEL","CLIENT_REQUEST","","","","","","","","","","","","","","","","",""
"62166","2025-09-24 21:05:57 -12","ORDER_CANCEL","CLIENT_REQUEST","","","","","","","","","","","","","","","","",""
"62167","2025-09-24 21:05:57 -12","ORDER_CANCEL","CLIENT_REQUEST","","","","","","","","","","","","","","","","",""
"62168","2025-09-24 21:05:57 -12","ORDER_CANCEL","CLIENT_REQUEST","","","","","","","","","","","","","","","","",""
"62169","2025-09-24 21:05:58 -12","ORDER_CANCEL","CLIENT_REQUEST","","","","","","","","","","","","","","","","",""
"62170","2025-09-24 21:05:58 -12","ORDER_CANCEL","CLIENT_REQUEST","","","","","","","","","","","","","","","","",""
"62171","2025-09-24 21:05:58 -12","ORDER_CANCEL","CLIENT_REQUEST","","","","","","","","","","","","","","","","",""
"62172","2025-09-24 21:05:58 -12","ORDER_CANCEL","CLIENT_REQUEST","","","","","","","","","","","","","","","","",""
"62173","2025-09-24 21:05:59 -12","ORDER_CANCEL","CLIENT_REQUEST","","","","","","","","","","","","","","","","",""
"62174","2025-09-24 21:06:00 -12","MARKET_IF_TOUCHED_ORDER","CLIENT_ORDER","EUR/USD","1.17548","1000.00","Buy","","1.17488","","1.17588","","","","","","","","",""
"62175","2025-09-24 21:06:00 -12","MARKET_IF_TOUCHED_ORDER","CLIENT_ORDER","EUR/USD","1.17440","1000.00","Sell","","1.17500","","1.17400","","","","","","","","",""
"62176","2025-09-24 21:06:01 -12","MARKET_IF_TOUCHED_ORDER","CLIENT_ORDER","EUR/USD","1.17598","1000.00","Buy","","1.17538","","1.17638","","","","","","","","",""
"62177","2025-09-24 21:06:01 -12","MARKET_IF_TOUCHED_ORDER","CLIENT_ORDER","EUR/USD","1.17390","1000.00","Sell","","1.17450","","1.17350","","","","","","","","",""
"62178","2025-09-24 21:06:01 -12","MARKET_IF_TOUCHED_ORDER","CLIENT_ORDER","EUR/USD","1.17648","1000.00","Buy","","1.17588","","1.17688","","","","","","","","",""
"62179","2025-09-24 21:06:01 -12","MARKET_IF_TOUCHED_ORDER","CLIENT_ORDER","EUR/USD","1.17340","1000.00","Sell","","1.17400","","1.17300","","","","","","","","",""
"62180","2025-09-24 21:06:02 -12","MARKET_IF_TOUCHED_ORDER","CLIENT_ORDER","EUR/USD","1.17698","1000.00","Buy","","1.17638","","1.17738","","","","","","","","",""
"62181","2025-09-24 21:06:02 -12","MARKET_IF_TOUCHED_ORDER","CLIENT_ORDER","EUR/USD","1.17290","1000.00","Sell","","1.17350","","1.17250","","","","","","","","",""
"62182","2025-09-24 21:06:02 -12","MARKET_IF_TOUCHED_ORDER","CLIENT_ORDER","EUR/USD","1.17748","1000.00","Buy","","1.17688","","1.17788","","","","","","","","",""
"62183","2025-09-24 21:06:02 -12","MARKET_IF_TOUCHED_ORDER","CLIENT_ORDER","EUR/USD","1.17240","1000.00","Sell","","1.17300","","1.17200","","","","","","","","",""
"62184","2025-09-24 21:06:45 -12","ORDER_FILL","MARKET_IF_TOUCHED_ORDER","EUR/USD","1.17430","1000.00","Sell","0.0580","","","","","0.00000","0.0000","0.0000","","","0.00000","","98976.63"
"62185","2025-09-24 21:06:45 -12","TAKE_PROFIT_ORDER","ON_FILL","","1.17400","","","","","","","","","","","","","","",""
"62186","2025-09-24 21:06:45 -12","STOP_LOSS_ORDER","ON_FILL","","1.17500","","","","","","","","","","","","","","",""
"62187","2025-09-24 21:08:03 -12","ORDER_CANCEL","CLIENT_REQUEST","","","","","","","","","","","","","","","","",""
"62188","2025-09-24 21:08:03 -12","ORDER_CANCEL","CLIENT_REQUEST","","","","","","","","","","","","","","","","",""
"62189","2025-09-24 21:08:03 -12","ORDER_CANCEL","CLIENT_REQUEST","","","","","","","","","","","","","","","","",""
"62190","2025-09-24 21:08:04 -12","ORDER_CANCEL","CLIENT_REQUEST","","","","","","","","","","","","","","","","",""
"62191","2025-09-24 21:08:04 -12","ORDER_CANCEL","CLIENT_REQUEST","","","","","","","","","","","","","","","","",""
"62192","2025-09-24 21:08:04 -12","ORDER_CANCEL","CLIENT_REQUEST","","","","","","","","","","","","","","","","",""
"62193","2025-09-24 21:08:04 -12","ORDER_CANCEL","CLIENT_REQUEST","","","","","","","","","","","","","","","","",""
"62194","2025-09-24 21:08:05 -12","ORDER_CANCEL","CLIENT_REQUEST","","","","","","","","","","","","","","","","",""
"62195","2025-09-24 21:08:05 -12","ORDER_CANCEL","CLIENT_REQUEST","","","","","","","","","","","","","","","","",""
"62196","2025-09-24 21:08:05 -12","ORDER_CANCEL","CLIENT_REQUEST","","","","","","","","","","","","","","","","",""
"62197","2025-09-24 21:08:06 -12","ORDER_CANCEL","CLIENT_REQUEST","","","","","","","","","","","","","","","","",""
"62198","2025-09-24 21:08:07 -12","MARKET_IF_TOUCHED_ORDER","CLIENT_ORDER","EUR/USD","1.17548","1000.00","Buy","","1.17488","","1.17588","","","","","","","","",""
"62199","2025-09-24 21:08:07 -12","MARKET_IF_TOUCHED_ORDER","CLIENT_ORDER","EUR/USD","1.17440","1000.00","Sell","","1.17500","","1.17400","","","","","","","","",""
"62200","2025-09-24 21:08:07 -12","MARKET_IF_TOUCHED_ORDER","CLIENT_ORDER","EUR/USD","1.17598","1000.00","Buy","","1.17538","","1.17638","","","","","","","","",""
"62201","2025-09-24 21:08:08 -12","MARKET_IF_TOUCHED_ORDER","CLIENT_ORDER","EUR/USD","1.17390","1000.00","Sell","","1.17450","","1.17350","","","","","","","","",""
"62202","2025-09-24 21:08:08 -12","MARKET_IF_TOUCHED_ORDER","CLIENT_ORDER","EUR/USD","1.17648","1000.00","Buy","","1.17588","","1.17688","","","","","","","","",""
"62203","2025-09-24 21:08:08 -12","MARKET_IF_TOUCHED_ORDER","CLIENT_ORDER","EUR/USD","1.17340","1000.00","Sell","","1.17400","","1.17300","","","","","","","","",""
"62204","2025-09-24 21:08:09 -12","MARKET_IF_TOUCHED_ORDER","CLIENT_ORDER","EUR/USD","1.17698","1000.00","Buy","","1.17638","","1.17738","","","","","","","","",""
"62205","2025-09-24 21:08:09 -12","MARKET_IF_TOUCHED_ORDER","CLIENT_ORDER","EUR/USD","1.17290","1000.00","Sell","","1.17350","","1.17250","","","","","","","","",""
"62206","2025-09-24 21:08:09 -12","MARKET_IF_TOUCHED_ORDER","CLIENT_ORDER","EUR/USD","1.17748","1000.00","Buy","","1.17688","","1.17788","","","","","","","","",""
"62207","2025-09-24 21:08:09 -12","MARKET_IF_TOUCHED_ORDER","CLIENT_ORDER","EUR/USD","1.17240","1000.00","Sell","","1.17300","","1.17200","","","","","","","","",""
"62208","2025-09-24 21:10:24 -12","ORDER_CANCEL","CLIENT_REQUEST","","","","","","","","","","","","","","","","",""
"62209","2025-09-24 21:10:24 -12","ORDER_CANCEL","CLIENT_REQUEST","","","","","","","","","","","","","","","","",""
"62210","2025-09-24 21:10:25 -12","ORDER_CANCEL","CLIENT_REQUEST","","","","","","","","","","","","","","","","",""
"62211","2025-09-24 21:10:25 -12","ORDER_CANCEL","CLIENT_REQUEST","","","","","","","","","","","","","","","","",""
"62212","2025-09-24 21:10:25 -12","ORDER_CANCEL","CLIENT_REQUEST","","","","","","","","","","","","","","","","",""
"62213","2025-09-24 21:10:26 -12","ORDER_CANCEL","CLIENT_REQUEST","","","","","","","","","","","","","","","","",""
"62214","2025-09-24 21:10:26 -12","ORDER_CANCEL","CLIENT_REQUEST","","","","","","","","","","","","","","","","",""
"62215","2025-09-24 21:10:27 -12","ORDER_CANCEL","CLIENT_REQUEST","","","","","","","","","","","","","","","","",""
"62216","2025-09-24 21:10:27 -12","ORDER_CANCEL","CLIENT_REQUEST","","","","","","","","","","","","","","","","",""
"62217","2025-09-24 21:10:27 -12","ORDER_CANCEL","CLIENT_REQUEST","","","","","","","","","","","","","","","","",""
"62218","2025-09-24 21:10:29 -12","MARKET_IF_TOUCHED_ORDER","CLIENT_ORDER","EUR/USD","1.17548","1000.00","Buy","","1.17488","","1.17588","","","","","","","","",""
"62219","2025-09-24 21:10:29 -12","MARKET_IF_TOUCHED_ORDER","CLIENT_ORDER","EUR/USD","1.17440","1000.00","Sell","","1.17500","","1.17400","","","","","","","","",""
"62220","2025-09-24 21:10:29 -12","MARKET_IF_TOUCHED_ORDER","CLIENT_ORDER","EUR/USD","1.17598","1000.00","Buy","","1.17538","","1.17638","","","","","","","","",""
"62221","2025-09-24 21:10:30 -12","MARKET_IF_TOUCHED_ORDER","CLIENT_ORDER","EUR/USD","1.17390","1000.00","Sell","","1.17450","","1.17350","","","","","","","","",""
"62222","2025-09-24 21:10:30 -12","MARKET_IF_TOUCHED_ORDER","CLIENT_ORDER","EUR/USD","1.17648","1000.00","Buy","","1.17588","","1.17688","","","","","","","","",""
"62223","2025-09-24 21:10:30 -12","MARKET_IF_TOUCHED_ORDER","CLIENT_ORDER","EUR/USD","1.17340","1000.00","Sell","","1.17400","","1.17300","","","","","","","","",""
"62224","2025-09-24 21:10:30 -12","MARKET_IF_TOUCHED_ORDER","CLIENT_ORDER","EUR/USD","1.17698","1000.00","Buy","","1.17638","","1.17738","","","","","","","","",""
"62225","2025-09-24 21:10:31 -12","MARKET_IF_TOUCHED_ORDER","CLIENT_ORDER","EUR/USD","1.17290","1000.00","Sell","","1.17350","","1.17250","","","","","","","","",""
"62226","2025-09-24 21:10:31 -12","MARKET_IF_TOUCHED_ORDER","CLIENT_ORDER","EUR/USD","1.17748","1000.00","Buy","","1.17688","","1.17788","","","","","","","","",""
"62227","2025-09-24 21:10:31 -12","MARKET_IF_TOUCHED_ORDER","CLIENT_ORDER","EUR/USD","1.17240","1000.00","Sell","","1.17300","","1.17200","","","","","","","","",""
"62228","2025-09-24 21:12:32 -12","ORDER_CANCEL","CLIENT_REQUEST","","","","","","","","","","","","","","","","",""
"62229","2025-09-24 21:12:33 -12","ORDER_CANCEL","CLIENT_REQUEST","","","","","","","","","","","","","","","","",""
"62230","2025-09-24 21:12:33 -12","ORDER_CANCEL","CLIENT_REQUEST","","","","","","","","","","","","","","","","",""
"62231","2025-09-24 21:12:33 -12","ORDER_CANCEL","CLIENT_REQUEST","","","","","","","","","","","","","","","","",""
"62232","2025-09-24 21:12:34 -12","ORDER_CANCEL","CLIENT_REQUEST","","","","","","","","","","","","","","","","",""
"62233","2025-09-24 21:12:34 -12","ORDER_CANCEL","CLIENT_REQUEST","","","","","","","","","","","","","","","","",""
"62234","2025-09-24 21:12:34 -12","ORDER_CANCEL","CLIENT_REQUEST","","","","","","","","","","","","","","","","",""
"62235","2025-09-24 21:12:35 -12","ORDER_CANCEL","CLIENT_REQUEST","","","","","","","","","","","","","","","","",""
"62236","2025-09-24 21:12:35 -12","ORDER_CANCEL","CLIENT_REQUEST","","","","","","","","","","","","","","","","",""
"62237","2025-09-24 21:12:35 -12","ORDER_CANCEL","CLIENT_REQUEST","","","","","","","","","","","","","","","","",""
"62238","2025-09-24 21:12:37 -12","MARKET_IF_TOUCHED_ORDER","CLIENT_ORDER","EUR/USD","1.17548","1000.00","Buy","","1.17488","","1.17588","","","","","","","","",""
"62239","2025-09-24 21:12:37 -12","MARKET_IF_TOUCHED_ORDER","CLIENT_ORDER","EUR/USD","1.17440","1000.00","Sell","","1.17500","","1.17400","","","","","","","","",""
"62240","2025-09-24 21:12:38 -12","MARKET_IF_TOUCHED_ORDER","CLIENT_ORDER","EUR/USD","1.17598","1000.00","Buy","","1.17538","","1.17638","","","","","","","","",""
"62241","2025-09-24 21:12:38 -12","MARKET_IF_TOUCHED_ORDER","CLIENT_ORDER","EUR/USD","1.17390","1000.00","Sell","","1.17450","","1.17350","","","","","","","","",""
"62242","2025-09-24 21:12:38 -12","MARKET_IF_TOUCHED_ORDER","CLIENT_ORDER","EUR/USD","1.17648","1000.00","Buy","","1.17588","","1.17688","","","","","","","","",""
"62243","2025-09-24 21:12:38 -12","MARKET_IF_TOUCHED_ORDER","CLIENT_ORDER","EUR/USD","1.17340","1000.00","Sell","","1.17400","","1.17300","","","","","","","","",""
"62244","2025-09-24 21:12:39 -12","MARKET_IF_TOUCHED_ORDER","CLIENT_ORDER","EUR/USD","1.17698","1000.00","Buy","","1.17638","","1.17738","","","","","","","","",""
"62245","2025-09-24 21:12:39 -12","MARKET_IF_TOUCHED_ORDER","CLIENT_ORDER","EUR/USD","1.17290","1000.00","Sell","","1.17350","","1.17250","","","","","","","","",""
"62246","2025-09-24 21:12:39 -12","MARKET_IF_TOUCHED_ORDER","CLIENT_ORDER","EUR/USD","1.17748","1000.00","Buy","","1.17688","","1.17788","","","","","","","","",""
"62247","2025-09-24 21:12:39 -12","MARKET_IF_TOUCHED_ORDER","CLIENT_ORDER","EUR/USD","1.17240","1000.00","Sell","","1.17300","","1.17200","","","","","","","","",""
"62248","2025-09-24 21:14:40 -12","ORDER_CANCEL","CLIENT_REQUEST","","","","","","","","","","","","","","","","",""
"62249","2025-09-24 21:14:40 -12","ORDER_CANCEL","CLIENT_REQUEST","","","","","","","","","","","","","","","","",""
"62250","2025-09-24 21:14:41 -12","ORDER_CANCEL","CLIENT_REQUEST","","","","","","","","","","","","","","","","",""
"62251","2025-09-24 21:14:41 -12","ORDER_CANCEL","CLIENT_REQUEST","","","","","","","","","","","","","","","","",""
"62252","2025-09-24 21:14:41 -12","ORDER_CANCEL","CLIENT_REQUEST","","","","","","","","","","","","","","","","",""
"62253","2025-09-24 21:14:41 -12","ORDER_CANCEL","CLIENT_REQUEST","","","","","","","","","","","","","","","","",""
"62254","2025-09-24 21:14:42 -12","ORDER_CANCEL","CLIENT_REQUEST","","","","","","","","","","","","","","","","",""
"62255","2025-09-24 21:14:42 -12","ORDER_CANCEL","CLIENT_REQUEST","","","","","","","","","","","","","","","","",""
"62256","2025-09-24 21:14:42 -12","ORDER_CANCEL","CLIENT_REQUEST","","","","","","","","","","","","","","","","",""
"62257","2025-09-24 21:14:42 -12","ORDER_CANCEL","CLIENT_REQUEST","","","","","","","","","","","","","","","","",""
"62258","2025-09-24 21:14:44 -12","MARKET_IF_TOUCHED_ORDER","CLIENT_ORDER","EUR/USD","1.17548","1000.00","Buy","","1.17488","","1.17588","","","","","","","","",""
"62259","2025-09-24 21:14:44 -12","MARKET_IF_TOUCHED_ORDER","CLIENT_ORDER","EUR/USD","1.17440","1000.00","Sell","","1.17500","","1.17400","","","","","","","","",""
"62260","2025-09-24 21:14:44 -12","MARKET_IF_TOUCHED_ORDER","CLIENT_ORDER","EUR/USD","1.17598","1000.00","Buy","","1.17538","","1.17638","","","","","","","","",""
"62261","2025-09-24 21:14:45 -12","MARKET_IF_TOUCHED_ORDER","CLIENT_ORDER","EUR/USD","1.17390","1000.00","Sell","","1.17450","","1.17350","","","","","","","","",""
"62262","2025-09-24 21:14:45 -12","MARKET_IF_TOUCHED_ORDER","CLIENT_ORDER","EUR/USD","1.17648","1000.00","Buy","","1.17588","","1.17688","","","","","","","","",""
"62263","2025-09-24 21:14:45 -12","MARKET_IF_TOUCHED_ORDER","CLIENT_ORDER","EUR/USD","1.17340","1000.00","Sell","","1.17400","","1.17300","","","","","","","","",""
"62264","2025-09-24 21:14:45 -12","MARKET_IF_TOUCHED_ORDER","CLIENT_ORDER","EUR/USD","1.17698","1000.00","Buy","","1.17638","","1.17738","","","","","","","","",""
"62265","2025-09-24 21:14:46 -12","MARKET_IF_TOUCHED_ORDER","CLIENT_ORDER","EUR/USD","1.17290","1000.00","Sell","","1.17350","","1.17250","","","","","","","","",""
"62266","2025-09-24 21:14:46 -12","MARKET_IF_TOUCHED_ORDER","CLIENT_ORDER","EUR/USD","1.17748","1000.00","Buy","","1.17688","","1.17788","","","","","","","","",""
"62267","2025-09-24 21:14:46 -12","MARKET_IF_TOUCHED_ORDER","CLIENT_ORDER","EUR/USD","1.17240","1000.00","Sell","","1.17300","","1.17200","","","","","","","","",""
"62268","2025-09-24 21:16:47 -12","ORDER_CANCEL","CLIENT_REQUEST","","","","","","","","","","","","","","","","",""
"62269","2025-09-24 21:16:47 -12","ORDER_CANCEL","CLIENT_REQUEST","","","","","","","","","","","","","","","","",""
"62270","2025-09-24 21:16:47 -12","ORDER_CANCEL","CLIENT_REQUEST","","","","","","","","","","","","","","","","",""
"62271","2025-09-24 21:16:47 -12","ORDER_CANCEL","CLIENT_REQUEST","","","","","","","","","","","","","","","","",""
"62272","2025-09-24 21:16:48 -12","ORDER_CANCEL","CLIENT_REQUEST","","","","","","","","","","","","","","","","",""
"62273","2025-09-24 21:16:48 -12","ORDER_CANCEL","CLIENT_REQUEST","","","","","","","","","","","","","","","","",""
"62274","2025-09-24 21:16:48 -12","ORDER_CANCEL","CLIENT_REQUEST","","","","","","","","","","","","","","","","",""
"62275","2025-09-24 21:16:49 -12","ORDER_CANCEL","CLIENT_REQUEST","","","","","","","","","","","","","","","","",""
"62276","2025-09-24 21:16:49 -12","ORDER_CANCEL","CLIENT_REQUEST","","","","","","","","","","","","","","","","",""
"62277","2025-09-24 21:16:49 -12","ORDER_CANCEL","CLIENT_REQUEST","","","","","","","","","","","","","","","","",""
"62278","2025-09-24 21:16:50 -12","MARKET_IF_TOUCHED_ORDER","CLIENT_ORDER","EUR/USD","1.17548","1000.00","Buy","","1.17488","","1.17588","","","","","","","","",""
"62279","2025-09-24 21:16:51 -12","MARKET_IF_TOUCHED_ORDER","CLIENT_ORDER","EUR/USD","1.17440","1000.00","Sell","","1.17500","","1.17400","","","","","","","","",""
"62280","2025-09-24 21:16:51 -12","MARKET_IF_TOUCHED_ORDER","CLIENT_ORDER","EUR/USD","1.17598","1000.00","Buy","","1.17538","","1.17638","","","","","","","","",""
"62281","2025-09-24 21:16:51 -12","MARKET_IF_TOUCHED_ORDER","CLIENT_ORDER","EUR/USD","1.17390","1000.00","Sell","","1.17450","","1.17350","","","","","","","","",""
"62282","2025-09-24 21:16:52 -12","MARKET_IF_TOUCHED_ORDER","CLIENT_ORDER","EUR/USD","1.17648","1000.00","Buy","","1.17588","","1.17688","","","","","","","","",""
"62283","2025-09-24 21:16:52 -12","MARKET_IF_TOUCHED_ORDER","CLIENT_ORDER","EUR/USD","1.17340","1000.00","Sell","","1.17400","","1.17300","","","","","","","","",""
"62284","2025-09-24 21:16:52 -12","MARKET_IF_TOUCHED_ORDER","CLIENT_ORDER","EUR/USD","1.17698","1000.00","Buy","","1.17638","","1.17738","","","","","","","","",""
"62285","2025-09-24 21:16:52 -12","MARKET_IF_TOUCHED_ORDER","CLIENT_ORDER","EUR/USD","1.17290","1000.00","Sell","","1.17350","","1.17250","","","","","","","","",""
"62286","2025-09-24 21:16:53 -12","MARKET_IF_TOUCHED_ORDER","CLIENT_ORDER","EUR/USD","1.17748","1000.00","Buy","","1.17688","","1.17788","","","","","","","","",""
"62287","2025-09-24 21:16:53 -12","MARKET_IF_TOUCHED_ORDER","CLIENT_ORDER","EUR/USD","1.17240","1000.00","Sell","","1.17300","","1.17200","","","","","","","","",""
"62288","2025-09-24 21:18:53 -12","ORDER_CANCEL","CLIENT_REQUEST","","","","","","","","","","","","","","","","",""
"62289","2025-09-24 21:18:54 -12","ORDER_CANCEL","CLIENT_REQUEST","","","","","","","","","","","","","","","","",""
"62290","2025-09-24 21:18:54 -12","ORDER_CANCEL","CLIENT_REQUEST","","","","","","","","","","","","","","","","",""
"62291","2025-09-24 21:18:54 -12","ORDER_CANCEL","CLIENT_REQUEST","","","","","","","","","","","","","","","","",""
"62292","2025-09-24 21:18:54 -12","ORDER_CANCEL","CLIENT_REQUEST","","","","","","","","","","","","","","","","",""
"62293","2025-09-24 21:18:55 -12","ORDER_CANCEL","CLIENT_REQUEST","","","","","","","","","","","","","","","","",""
"62294","2025-09-24 21:18:55 -12","ORDER_CANCEL","CLIENT_REQUEST","","","","","","","","","","","","","","","","",""
"62295","2025-09-24 21:18:55 -12","ORDER_CANCEL","CLIENT_REQUEST","","","","","","","","","","","","","","","","",""
"62296","2025-09-24 21:18:55 -12","ORDER_CANCEL","CLIENT_REQUEST","","","","","","","","","","","","","","","","",""
"62297","2025-09-24 21:18:56 -12","ORDER_CANCEL","CLIENT_REQUEST","","","","","","","","","","","","","","","","",""
"62298","2025-09-24 21:18:57 -12","MARKET_IF_TOUCHED_ORDER","CLIENT_ORDER","EUR/USD","1.17548","1000.00","Buy","","1.17488","","1.17588","","","","","","","","",""
"62299","2025-09-24 21:18:57 -12","MARKET_IF_TOUCHED_ORDER","CLIENT_ORDER","EUR/USD","1.17440","1000.00","Sell","","1.17500","","1.17400","","","","","","","","",""
"62300","2025-09-24 21:18:58 -12","MARKET_IF_TOUCHED_ORDER","CLIENT_ORDER","EUR/USD","1.17598","1000.00","Buy","","1.17538","","1.17638","","","","","","","","",""
"62301","2025-09-24 21:18:58 -12","MARKET_IF_TOUCHED_ORDER","CLIENT_ORDER","EUR/USD","1.17390","1000.00","Sell","","1.17450","","1.17350","","","","","","","","",""
"62302","2025-09-24 21:18:58 -12","MARKET_IF_TOUCHED_ORDER","CLIENT_ORDER","EUR/USD","1.17648","1000.00","Buy","","1.17588","","1.17688","","","","","","","","",""
"62303","2025-09-24 21:18:59 -12","MARKET_IF_TOUCHED_ORDER","CLIENT_ORDER","EUR/USD","1.17340","1000.00","Sell","","1.17400","","1.17300","","","","","","","","",""
"62304","2025-09-24 21:18:59 -12","MARKET_IF_TOUCHED_ORDER","CLIENT_ORDER","EUR/USD","1.17698","1000.00","Buy","","1.17638","","1.17738","","","","","","","","",""
"62305","2025-09-24 21:18:59 -12","MARKET_IF_TOUCHED_ORDER","CLIENT_ORDER","EUR/USD","1.17290","1000.00","Sell","","1.17350","","1.17250","","","","","","","","",""
"62306","2025-09-24 21:18:59 -12","MARKET_IF_TOUCHED_ORDER","CLIENT_ORDER","EUR/USD","1.17748","1000.00","Buy","","1.17688","","1.17788","","","","","","","","",""
"62307","2025-09-24 21:19:00 -12","MARKET_IF_TOUCHED_ORDER","CLIENT_ORDER","EUR/USD","1.17240","1000.00","Sell","","1.17300","","1.17200","","","","","","","","",""
"62308","2025-09-24 21:21:14 -12","ORDER_CANCEL","CLIENT_REQUEST","","","","","","","","","","","","","","","","",""
"62309","2025-09-24 21:21:14 -12","ORDER_CANCEL","CLIENT_REQUEST","","","","","","","","","","","","","","","","",""
"62310","2025-09-24 21:21:14 -12","ORDER_CANCEL","CLIENT_REQUEST","","","","","","","","","","","","","","","","",""
"62311","2025-09-24 21:21:15 -12","ORDER_CANCEL","CLIENT_REQUEST","","","","","","","","","","","","","","","","",""
"62312","2025-09-24 21:21:15 -12","ORDER_CANCEL","CLIENT_REQUEST","","","","","","","","","","","","","","","","",""
"62313","2025-09-24 21:21:15 -12","ORDER_CANCEL","CLIENT_REQUEST","","","","","","","","","","","","","","","","",""
"62314","2025-09-24 21:21:15 -12","ORDER_CANCEL","CLIENT_REQUEST","","","","","","","","","","","","","","","","",""
"62315","2025-09-24 21:21:16 -12","ORDER_CANCEL","CLIENT_REQUEST","","","","","","","","","","","","","","","","",""
"62316","2025-09-24 21:21:16 -12","ORDER_CANCEL","CLIENT_REQUEST","","","","","","","","","","","","","","","","",""
"62317","2025-09-24 21:21:16 -12","ORDER_CANCEL","CLIENT_REQUEST","","","","","","","","","","","","","","","","",""
"62318","2025-09-24 21:21:18 -12","MARKET_IF_TOUCHED_ORDER","CLIENT_ORDER","EUR/USD","1.17548","1000.00","Buy","","1.17489","","1.17588","","","","","","","","",""
"62319","2025-09-24 21:21:18 -12","MARKET_IF_TOUCHED_ORDER","CLIENT_ORDER","EUR/USD","1.17440","1000.00","Sell","","1.17499","","1.17400","","","","","","","","",""
"62320","2025-09-24 21:21:18 -12","MARKET_IF_TOUCHED_ORDER","CLIENT_ORDER","EUR/USD","1.17598","1000.00","Buy","","1.17539","","1.17638","","","","","","","","",""
"62321","2025-09-24 21:21:18 -12","MARKET_IF_TOUCHED_ORDER","CLIENT_ORDER","EUR/USD","1.17390","1000.00","Sell","","1.17449","","1.17350","","","","","","","","",""
"62322","2025-09-24 21:21:19 -12","MARKET_IF_TOUCHED_ORDER","CLIENT_ORDER","EUR/USD","1.17648","1000.00","Buy","","1.17589","","1.17688","","","","","","","","",""
"62323","2025-09-24 21:21:19 -12","MARKET_IF_TOUCHED_ORDER","CLIENT_ORDER","EUR/USD","1.17340","1000.00","Sell","","1.17399","","1.17300","","","","","","","","",""
"62324","2025-09-24 21:21:19 -12","MARKET_IF_TOUCHED_ORDER","CLIENT_ORDER","EUR/USD","1.17698","1000.00","Buy","","1.17639","","1.17738","","","","","","","","",""
"62325","2025-09-24 21:21:20 -12","MARKET_IF_TOUCHED_ORDER","CLIENT_ORDER","EUR/USD","1.17290","1000.00","Sell","","1.17349","","1.17250","","","","","","","","",""
"62326","2025-09-24 21:21:20 -12","MARKET_IF_TOUCHED_ORDER","CLIENT_ORDER","EUR/USD","1.17748","1000.00","Buy","","1.17689","","1.17788","","","","","","","","",""
"62327","2025-09-24 21:21:20 -12","MARKET_IF_TOUCHED_ORDER","CLIENT_ORDER","EUR/USD","1.17240","1000.00","Sell","","1.17299","","1.17200","","","","","","","","",""
"62328","2025-09-24 21:23:21 -12","ORDER_CANCEL","CLIENT_REQUEST","","","","","","","","","","","","","","","","",""
"62329","2025-09-24 21:23:21 -12","ORDER_CANCEL","CLIENT_REQUEST","","","","","","","","","","","","","","","","",""
"62330","2025-09-24 21:23:21 -12","ORDER_CANCEL","CLIENT_REQUEST","","","","","","","","","","","","","","","","",""
"62331","2025-09-24 21:23:21 -12","ORDER_CANCEL","CLIENT_REQUEST","","","","","","","","","","","","","","","","",""
"62332","2025-09-24 21:23:22 -12","ORDER_CANCEL","CLIENT_REQUEST","","","","","","","","","","","","","","","","",""
"62333","2025-09-24 21:23:22 -12","ORDER_CANCEL","CLIENT_REQUEST","","","","","","","","","","","","","","","","",""
"62334","2025-09-24 21:23:22 -12","ORDER_CANCEL","CLIENT_REQUEST","","","","","","","","","","","","","","","","",""
"62335","2025-09-24 21:23:22 -12","ORDER_CANCEL","CLIENT_REQUEST","","","","","","","","","","","","","","","","",""
"62336","2025-09-24 21:23:23 -12","ORDER_CANCEL","CLIENT_REQUEST","","","","","","","","","","","","","","","","",""
"62337","2025-09-24 21:23:23 -12","ORDER_CANCEL","CLIENT_REQUEST","","","","","","","","","","","","","","","","",""
"62338","2025-09-24 21:23:24 -12","MARKET_IF_TOUCHED_ORDER","CLIENT_ORDER","EUR/USD","1.17548","1000.00","Buy","","1.17489","","1.17588","","","","","","","","",""
"62339","2025-09-24 21:23:25 -12","MARKET_IF_TOUCHED_ORDER","CLIENT_ORDER","EUR/USD","1.17440","1000.00","Sell","","1.17499","","1.17400","","","","","","","","",""
"62340","2025-09-24 21:23:25 -12","MARKET_IF_TOUCHED_ORDER","CLIENT_ORDER","EUR/USD","1.17598","1000.00","Buy","","1.17539","","1.17638","","","","","","","","",""
"62341","2025-09-24 21:23:25 -12","MARKET_IF_TOUCHED_ORDER","CLIENT_ORDER","EUR/USD","1.17390","1000.00","Sell","","1.17449","","1.17350","","","","","","","","",""
"62342","2025-09-24 21:23:25 -12","MARKET_IF_TOUCHED_ORDER","CLIENT_ORDER","EUR/USD","1.17648","1000.00","Buy","","1.17589","","1.17688","","","","","","","","",""
"62343","2025-09-24 21:23:26 -12","MARKET_IF_TOUCHED_ORDER","CLIENT_ORDER","EUR/USD","1.17340","1000.00","Sell","","1.17399","","1.17300","","","","","","","","",""
"62344","2025-09-24 21:23:26 -12","MARKET_IF_TOUCHED_ORDER","CLIENT_ORDER","EUR/USD","1.17698","1000.00","Buy","","1.17639","","1.17738","","","","","","","","",""
"62345","2025-09-24 21:23:26 -12","MARKET_IF_TOUCHED_ORDER","CLIENT_ORDER","EUR/USD","1.17290","1000.00","Sell","","1.17349","","1.17250","","","","","","","","",""
"62346","2025-09-24 21:23:26 -12","MARKET_IF_TOUCHED_ORDER","CLIENT_ORDER","EUR/USD","1.17748","1000.00","Buy","","1.17689","","1.17788","","","","","","","","",""
"62347","2025-09-24 21:23:27 -12","MARKET_IF_TOUCHED_ORDER","CLIENT_ORDER","EUR/USD","1.17240","1000.00","Sell","","1.17299","","1.17200","","","","","","","","",""
"62348","2025-09-24 21:24:36 -12","ORDER_FILL","MARKET_IF_TOUCHED_ORDER","EUR/USD","1.17431","1000.00","Sell","0.0580","","","","","0.00000","0.0000","0.0000","","","0.00000","","98976.63"
"62349","2025-09-24 21:24:36 -12","TAKE_PROFIT_ORDER","ON_FILL","","1.17400","","","","","","","","","","","","","","",""
"62350","2025-09-24 21:24:36 -12","STOP_LOSS_ORDER","ON_FILL","","1.17499","","","","","","","","","","","","","","",""
"62351","2025-09-24 21:25:27 -12","ORDER_CANCEL","CLIENT_REQUEST","","","","","","","","","","","","","","","","",""
"62352","2025-09-24 21:25:27 -12","ORDER_CANCEL","CLIENT_REQUEST","","","","","","","","","","","","","","","","",""
"62353","2025-09-24 21:25:28 -12","ORDER_CANCEL","CLIENT_REQUEST","","","","","","","","","","","","","","","","",""
"62354","2025-09-24 21:25:28 -12","ORDER_CANCEL","CLIENT_REQUEST","","","","","","","","","","","","","","","","",""
"62355","2025-09-24 21:25:28 -12","ORDER_CANCEL","CLIENT_REQUEST","","","","","","","","","","","","","","","","",""
"62356","2025-09-24 21:25:28 -12","ORDER_CANCEL","CLIENT_REQUEST","","","","","","","","","","","","","","","","",""
"62357","2025-09-24 21:25:29 -12","ORDER_CANCEL","CLIENT_REQUEST","","","","","","","","","","","","","","","","",""
"62358","2025-09-24 21:25:29 -12","ORDER_CANCEL","CLIENT_REQUEST","","","","","","","","","","","","","","","","",""
"62359","2025-09-24 21:25:29 -12","ORDER_CANCEL","CLIENT_REQUEST","","","","","","","","","","","","","","","","",""
"62360","2025-09-24 21:25:29 -12","ORDER_CANCEL","CLIENT_REQUEST","","","","","","","","","","","","","","","","",""
"62361","2025-09-24 21:25:30 -12","ORDER_CANCEL","CLIENT_REQUEST","","","","","","","","","","","","","","","","",""
"62362","2025-09-24 21:25:31 -12","MARKET_IF_TOUCHED_ORDER","CLIENT_ORDER","EUR/USD","1.17548","1000.00","Buy","","1.17490","","1.17587","","","","","","","","",""
"62363","2025-09-24 21:25:32 -12","MARKET_IF_TOUCHED_ORDER","CLIENT_ORDER","EUR/USD","1.17440","1000.00","Sell","","1.17498","","1.17401","","","","","","","","",""
"62364","2025-09-24 21:25:32 -12","MARKET_IF_TOUCHED_ORDER","CLIENT_ORDER","EUR/USD","1.17598","1000.00","Buy","","1.17540","","1.17637","","","","","","","","",""
"62365","2025-09-24 21:25:32 -12","MARKET_IF_TOUCHED_ORDER","CLIENT_ORDER","EUR/USD","1.17390","1000.00","Sell","","1.17448","","1.17351","","","","","","","","",""
"62366","2025-09-24 21:25:32 -12","MARKET_IF_TOUCHED_ORDER","CLIENT_ORDER","EUR/USD","1.17648","1000.00","Buy","","1.17590","","1.17687","","","","","","","","",""
"62367","2025-09-24 21:25:33 -12","MARKET_IF_TOUCHED_ORDER","CLIENT_ORDER","EUR/USD","1.17340","1000.00","Sell","","1.17398","","1.17301","","","","","","","","",""
"62368","2025-09-24 21:25:33 -12","MARKET_IF_TOUCHED_ORDER","CLIENT_ORDER","EUR/USD","1.17698","1000.00","Buy","","1.17640","","1.17737","","","","","","","","",""
"62369","2025-09-24 21:25:33 -12","MARKET_IF_TOUCHED_ORDER","CLIENT_ORDER","EUR/USD","1.17290","1000.00","Sell","","1.17348","","1.17251","","","","","","","","",""
"62370","2025-09-24 21:25:33 -12","MARKET_IF_TOUCHED_ORDER","CLIENT_ORDER","EUR/USD","1.17748","1000.00","Buy","","1.17690","","1.17787","","","","","","","","",""
"62371","2025-09-24 21:25:34 -12","MARKET_IF_TOUCHED_ORDER","CLIENT_ORDER","EUR/USD","1.17240","1000.00","Sell","","1.17298","","1.17201","","","","","","","","",""
"62372","2025-09-24 21:25:45 -12","ORDER_FILL","MARKET_IF_TOUCHED_ORDER","EUR/USD","1.17428","1000.00","Sell","0.0773","","","","","0.00000","0.0000","0.0000","","","0.00000","","98976.63"
"62373","2025-09-24 21:25:45 -12","TAKE_PROFIT_ORDER","ON_FILL","","1.17401","","","","","","","","","","","","","","",""
"62374","2025-09-24 21:25:45 -12","STOP_LOSS_ORDER","ON_FILL","","1.17498","","","","","","","","","","","","","","",""
"62375","2025-09-24 21:27:34 -12","ORDER_CANCEL","CLIENT_REQUEST","","","","","","","","","","","","","","","","",""
"62376","2025-09-24 21:27:34 -12","ORDER_CANCEL","CLIENT_REQUEST","","","","","","","","","","","","","","","","",""
"62377","2025-09-24 21:27:35 -12","ORDER_CANCEL","CLIENT_REQUEST","","","","","","","","","","","","","","","","",""
"62378","2025-09-24 21:27:35 -12","ORDER_CANCEL","CLIENT_REQUEST","","","","","","","","","","","","","","","","",""
"62379","2025-09-24 21:27:35 -12","ORDER_CANCEL","CLIENT_REQUEST","","","","","","","","","","","","","","","","",""
"62380","2025-09-24 21:27:36 -12","ORDER_CANCEL","CLIENT_REQUEST","","","","","","","","","","","","","","","","",""
"62381","2025-09-24 21:27:37 -12","ORDER_CANCEL","CLIENT_REQUEST","","","","","","","","","","","","","","","","",""
"62382","2025-09-24 21:27:37 -12","ORDER_CANCEL","CLIENT_REQUEST","","","","","","","","","","","","","","","","",""
"62383","2025-09-24 21:27:37 -12","ORDER_CANCEL","CLIENT_REQUEST","","","","","","","","","","","","","","","","",""
"62384","2025-09-24 21:27:37 -12","ORDER_CANCEL","CLIENT_REQUEST","","","","","","","","","","","","","","","","",""
"62385","2025-09-24 21:27:38 -12","ORDER_CANCEL","CLIENT_REQUEST","","","","","","","","","","","","","","","","",""
"62386","2025-09-24 21:27:39 -12","MARKET_IF_TOUCHED_ORDER","CLIENT_ORDER","EUR/USD","1.17548","1000.00","Buy","","1.17490","","1.17587","","","","","","","","",""
"62387","2025-09-24 21:27:39 -12","MARKET_IF_TOUCHED_ORDER","CLIENT_ORDER","EUR/USD","1.17440","1000.00","Sell","","1.17498","","1.17401","","","","","","","","",""
"62388","2025-09-24 21:27:40 -12","MARKET_IF_TOUCHED_ORDER","CLIENT_ORDER","EUR/USD","1.17598","1000.00","Buy","","1.17540","","1.17637","","","","","","","","",""
"62389","2025-09-24 21:27:40 -12","MARKET_IF_TOUCHED_ORDER","CLIENT_ORDER","EUR/USD","1.17390","1000.00","Sell","","1.17448","","1.17351","","","","","","","","",""
"62390","2025-09-24 21:27:40 -12","MARKET_IF_TOUCHED_ORDER","CLIENT_ORDER","EUR/USD","1.17648","1000.00","Buy","","1.17590","","1.17687","","","","","","","","",""
"62391","2025-09-24 21:27:40 -12","MARKET_IF_TOUCHED_ORDER","CLIENT_ORDER","EUR/USD","1.17340","1000.00","Sell","","1.17398","","1.17301","","","","","","","","",""
"62392","2025-09-24 21:27:41 -12","MARKET_IF_TOUCHED_ORDER","CLIENT_ORDER","EUR/USD","1.17698","1000.00","Buy","","1.17640","","1.17737","","","","","","","","",""
"62393","2025-09-24 21:27:41 -12","MARKET_IF_TOUCHED_ORDER","CLIENT_ORDER","EUR/USD","1.17290","1000.00","Sell","","1.17348","","1.17251","","","","","","","","",""
"62394","2025-09-24 21:27:41 -12","MARKET_IF_TOUCHED_ORDER","CLIENT_ORDER","EUR/USD","1.17748","1000.00","Buy","","1.17690","","1.17787","","","","","","","","",""
"62395","2025-09-24 21:27:42 -12","MARKET_IF_TOUCHED_ORDER","CLIENT_ORDER","EUR/USD","1.17240","1000.00","Sell","","1.17298","","1.17201","","","","","","","","",""
"62396","2025-09-24 21:29:43 -12","ORDER_CANCEL","CLIENT_REQUEST","","","","","","","","","","","","","","","","",""
"62397","2025-09-24 21:29:43 -12","ORDER_CANCEL","CLIENT_REQUEST","","","","","","","","","","","","","","","","",""
"62398","2025-09-24 21:29:43 -12","ORDER_CANCEL","CLIENT_REQUEST","","","","","","","","","","","","","","","","",""
"62399","2025-09-24 21:29:43 -12","ORDER_CANCEL","CLIENT_REQUEST","","","","","","","","","","","","","","","","",""
"62400","2025-09-24 21:29:44 -12","ORDER_CANCEL","CLIENT_REQUEST","","","","","","","","","","","","","","","","",""
"62401","2025-09-24 21:29:44 -12","ORDER_CANCEL","CLIENT_REQUEST","","","","","","","","","","","","","","","","",""
"62402","2025-09-24 21:29:44 -12","ORDER_CANCEL","CLIENT_REQUEST","","","","","","","","","","","","","","","","",""
"62403","2025-09-24 21:29:44 -12","ORDER_CANCEL","CLIENT_REQUEST","","","","","","","","","","","","","","","","",""
"62404","2025-09-24 21:29:45 -12","ORDER_CANCEL","CLIENT_REQUEST","","","","","","","","","","","","","","","","",""
"62405","2025-09-24 21:29:45 -12","ORDER_CANCEL","CLIENT_REQUEST","","","","","","","","","","","","","","","","",""
"62406","2025-09-24 21:29:47 -12","MARKET_IF_TOUCHED_ORDER","CLIENT_ORDER","EUR/USD","1.17548","1000.00","Buy","","1.17490","","1.17587","","","","","","","","",""
"62407","2025-09-24 21:29:47 -12","MARKET_IF_TOUCHED_ORDER","CLIENT_ORDER","EUR/USD","1.17440","1000.00","Sell","","1.17498","","1.17401","","","","","","","","",""
"62408","2025-09-24 21:29:47 -12","MARKET_IF_TOUCHED_ORDER","CLIENT_ORDER","EUR/USD","1.17598","1000.00","Buy","","1.17540","","1.17637","","","","","","","","",""
"62409","2025-09-24 21:29:48 -12","MARKET_IF_TOUCHED_ORDER","CLIENT_ORDER","EUR/USD","1.17390","1000.00","Sell","","1.17448","","1.17351","","","","","","","","",""
"62410","2025-09-24 21:29:48 -12","MARKET_IF_TOUCHED_ORDER","CLIENT_ORDER","EUR/USD","1.17648","1000.00","Buy","","1.17590","","1.17687","","","","","","","","",""
"62411","2025-09-24 21:29:48 -12","MARKET_IF_TOUCHED_ORDER","CLIENT_ORDER","EUR/USD","1.17340","1000.00","Sell","","1.17398","","1.17301","","","","","","","","",""
"62412","2025-09-24 21:29:48 -12","MARKET_IF_TOUCHED_ORDER","CLIENT_ORDER","EUR/USD","1.17698","1000.00","Buy","","1.17640","","1.17737","","","","","","","","",""
"62413","2025-09-24 21:29:49 -12","MARKET_IF_TOUCHED_ORDER","CLIENT_ORDER","EUR/USD","1.17290","1000.00","Sell","","1.17348","","1.17251","","","","","","","","",""
"62414","2025-09-24 21:29:49 -12","MARKET_IF_TOUCHED_ORDER","CLIENT_ORDER","EUR/USD","1.17748","1000.00","Buy","","1.17690","","1.17787","","","","","","","","",""
"62415","2025-09-24 21:29:49 -12","MARKET_IF_TOUCHED_ORDER","CLIENT_ORDER","EUR/USD","1.17240","1000.00","Sell","","1.17298","","1.17201","","","","","","","","",""
"62416","2025-09-24 21:31:50 -12","ORDER_CANCEL","CLIENT_REQUEST","","","","","","","","","","","","","","","","",""
"62417","2025-09-24 21:31:50 -12","ORDER_CANCEL","CLIENT_REQUEST","","","","","","","","","","","","","","","","",""
"62418","2025-09-24 21:31:50 -12","ORDER_CANCEL","CLIENT_REQUEST","","","","","","","","","","","","","","","","",""
"62419","2025-09-24 21:31:50 -12","ORDER_CANCEL","CLIENT_REQUEST","","","","","","","","","","","","","","","","",""
"62420","2025-09-24 21:31:51 -12","ORDER_CANCEL","CLIENT_REQUEST","","","","","","","","","","","","","","","","",""
"62421","2025-09-24 21:31:51 -12","ORDER_CANCEL","CLIENT_REQUEST","","","","","","","","","","","","","","","","",""
"62422","2025-09-24 21:31:51 -12","ORDER_CANCEL","CLIENT_REQUEST","","","","","","","","","","","","","","","","",""
"62423","2025-09-24 21:31:52 -12","ORDER_CANCEL","CLIENT_REQUEST","","","","","","","","","","","","","","","","",""
"62424","2025-09-24 21:31:52 -12","ORDER_CANCEL","CLIENT_REQUEST","","","","","","","","","","","","","","","","",""
"62425","2025-09-24 21:31:52 -12","ORDER_CANCEL","CLIENT_REQUEST","","","","","","","","","","","","","","","","",""
"62426","2025-09-24 21:31:53 -12","MARKET_IF_TOUCHED_ORDER","CLIENT_ORDER","EUR/USD","1.17548","1000.00","Buy","","1.17494","","1.17584","","","","","","","","",""
"62427","2025-09-24 21:31:54 -12","MARKET_IF_TOUCHED_ORDER","CLIENT_ORDER","EUR/USD","1.17440","1000.00","Sell","","1.17494","","1.17404","","","","","","","","",""
"62428","2025-09-24 21:31:54 -12","MARKET_IF_TOUCHED_ORDER","CLIENT_ORDER","EUR/USD","1.17598","1000.00","Buy","","1.17544","","1.17634","","","","","","","","",""
"62429","2025-09-24 21:31:54 -12","MARKET_IF_TOUCHED_ORDER","CLIENT_ORDER","EUR/USD","1.17390","1000.00","Sell","","1.17444","","1.17354","","","","","","","","",""
"62430","2025-09-24 21:31:54 -12","MARKET_IF_TOUCHED_ORDER","CLIENT_ORDER","EUR/USD","1.17648","1000.00","Buy","","1.17594","","1.17684","","","","","","","","",""
"62431","2025-09-24 21:31:55 -12","MARKET_IF_TOUCHED_ORDER","CLIENT_ORDER","EUR/USD","1.17340","1000.00","Sell","","1.17394","","1.17304","","","","","","","","",""
"62432","2025-09-24 21:31:55 -12","MARKET_IF_TOUCHED_ORDER","CLIENT_ORDER","EUR/USD","1.17698","1000.00","Buy","","1.17644","","1.17734","","","","","","","","",""
"62433","2025-09-24 21:31:55 -12","MARKET_IF_TOUCHED_ORDER","CLIENT_ORDER","EUR/USD","1.17290","1000.00","Sell","","1.17344","","1.17254","","","","","","","","",""
"62434","2025-09-24 21:31:55 -12","MARKET_IF_TOUCHED_ORDER","CLIENT_ORDER","EUR/USD","1.17748","1000.00","Buy","","1.17694","","1.17784","","","","","","","","",""
"62435","2025-09-24 21:31:56 -12","MARKET_IF_TOUCHED_ORDER","CLIENT_ORDER","EUR/USD","1.17240","1000.00","Sell","","1.17294","","1.17204","","","","","","","","",""
"62436","2025-09-24 21:32:41 -12","ORDER_FILL","MARKET_IF_TOUCHED_ORDER","EUR/USD","1.17430","1000.00","Sell","0.0644","","","","","0.00000","0.0000","0.0000","","","0.00000","","98976.63"
"62437","2025-09-24 21:32:41 -12","TAKE_PROFIT_ORDER","ON_FILL","","1.17404","","","","","","","","","","","","","","",""
"62438","2025-09-24 21:32:41 -12","STOP_LOSS_ORDER","ON_FILL","","1.17494","","","","","","","","","","","","","","",""
"62439","2025-09-24 21:33:56 -12","ORDER_CANCEL","CLIENT_REQUEST","","","","","","","","","","","","","","","","",""
"62440","2025-09-24 21:33:56 -12","ORDER_CANCEL","CLIENT_REQUEST","","","","","","","","","","","","","","","","",""
"62441","2025-09-24 21:33:57 -12","ORDER_CANCEL","CLIENT_REQUEST","","","","","","","","","","","","","","","","",""
"62442","2025-09-24 21:33:57 -12","ORDER_CANCEL","CLIENT_REQUEST","","","","","","","","","","","","","","","","",""
"62443","2025-09-24 21:33:57 -12","ORDER_CANCEL","CLIENT_REQUEST","","","","","","","","","","","","","","","","",""
"62444","2025-09-24 21:33:57 -12","ORDER_CANCEL","CLIENT_REQUEST","","","","","","","","","","","","","","","","",""
"62445","2025-09-24 21:33:58 -12","ORDER_CANCEL","CLIENT_REQUEST","","","","","","","","","","","","","","","","",""
"62446","2025-09-24 21:33:58 -12","ORDER_CANCEL","CLIENT_REQUEST","","","","","","","","","","","","","","","","",""
"62447","2025-09-24 21:33:58 -12","ORDER_CANCEL","CLIENT_REQUEST","","","","","","","","","","","","","","","","",""
"62448","2025-09-24 21:33:58 -12","ORDER_CANCEL","CLIENT_REQUEST","","","","","","","","","","","","","","","","",""
"62449","2025-09-24 21:33:59 -12","ORDER_CANCEL","CLIENT_REQUEST","","","","","","","","","","","","","","","","",""
"62450","2025-09-24 21:34:00 -12","MARKET_IF_TOUCHED_ORDER","CLIENT_ORDER","EUR/USD","1.17548","1000.00","Buy","","1.17494","","1.17584","","","","","","","","",""
"62451","2025-09-24 21:34:00 -12","MARKET_IF_TOUCHED_ORDER","CLIENT_ORDER","EUR/USD","1.17440","1000.00","Sell","","1.17494","","1.17404","","","","","","","","",""
"62452","2025-09-24 21:34:01 -12","MARKET_IF_TOUCHED_ORDER","CLIENT_ORDER","EUR/USD","1.17598","1000.00","Buy","","1.17544","","1.17634","","","","","","","","",""
"62453","2025-09-24 21:34:01 -12","MARKET_IF_TOUCHED_ORDER","CLIENT_ORDER","EUR/USD","1.17390","1000.00","Sell","","1.17444","","1.17354","","","","","","","","",""
"62454","2025-09-24 21:34:01 -12","MARKET_IF_TOUCHED_ORDER","CLIENT_ORDER","EUR/USD","1.17648","1000.00","Buy","","1.17594","","1.17684","","","","","","","","",""
"62455","2025-09-24 21:34:01 -12","MARKET_IF_TOUCHED_ORDER","CLIENT_ORDER","EUR/USD","1.17340","1000.00","Sell","","1.17394","","1.17304","","","","","","","","",""
"62456","2025-09-24 21:34:02 -12","MARKET_IF_TOUCHED_ORDER","CLIENT_ORDER","EUR/USD","1.17698","1000.00","Buy","","1.17644","","1.17734","","","","","","","","",""
"62457","2025-09-24 21:34:02 -12","MARKET_IF_TOUCHED_ORDER","CLIENT_ORDER","EUR/USD","1.17290","1000.00","Sell","","1.17344","","1.17254","","","","","","","","",""
"62458","2025-09-24 21:34:02 -12","MARKET_IF_TOUCHED_ORDER","CLIENT_ORDER","EUR/USD","1.17748","1000.00","Buy","","1.17694","","1.17784","","","","","","","","",""
"62459","2025-09-24 21:34:02 -12","MARKET_IF_TOUCHED_ORDER","CLIENT_ORDER","EUR/USD","1.17240","1000.00","Sell","","1.17294","","1.17204","","","","","","","","",""
"62460","2025-09-24 21:34:58 -12","ORDER_FILL","MARKET_IF_TOUCHED_ORDER","EUR/USD","1.17431","1000.00","Sell","0.0580","","","","","0.00000","0.0000","0.0000","","","0.00000","","98976.63"
"62461","2025-09-24 21:34:58 -12","TAKE_PROFIT_ORDER","ON_FILL","","1.17404","","","","","","","","","","","","","","",""
"62462","2025-09-24 21:34:58 -12","STOP_LOSS_ORDER","ON_FILL","","1.17494","","","","","","","","","","","","","","",""
"62463","2025-09-24 21:36:03 -12","ORDER_CANCEL","CLIENT_REQUEST","","","","","","","","","","","","","","","","",""
"62464","2025-09-24 21:36:03 -12","ORDER_CANCEL","CLIENT_REQUEST","","","","","","","","","","","","","","","","",""
"62465","2025-09-24 21:36:04 -12","ORDER_CANCEL","CLIENT_REQUEST","","","","","","","","","","","","","","","","",""
"62466","2025-09-24 21:36:04 -12","ORDER_CANCEL","CLIENT_REQUEST","","","","","","","","","","","","","","","","",""
"62467","2025-09-24 21:36:04 -12","ORDER_CANCEL","CLIENT_REQUEST","","","","","","","","","","","","","","","","",""
"62468","2025-09-24 21:36:04 -12","ORDER_CANCEL","CLIENT_REQUEST","","","","","","","","","","","","","","","","",""
"62469","2025-09-24 21:36:05 -12","ORDER_CANCEL","CLIENT_REQUEST","","","","","","","","","","","","","","","","",""
"62470","2025-09-24 21:36:05 -12","ORDER_CANCEL","CLIENT_REQUEST","","","","","","","","","","","","","","","","",""
"62471","2025-09-24 21:36:05 -12","ORDER_CANCEL","CLIENT_REQUEST","","","","","","","","","","","","","","","","",""
"62472","2025-09-24 21:36:05 -12","ORDER_CANCEL","CLIENT_REQUEST","","","","","","","","","","","","","","","","",""
"62473","2025-09-24 21:36:06 -12","ORDER_CANCEL","CLIENT_REQUEST","","","","","","","","","","","","","","","","",""
"62474","2025-09-24 21:36:07 -12","MARKET_IF_TOUCHED_ORDER","CLIENT_ORDER","EUR/USD","1.17548","1000.00","Buy","","1.17495","","1.17584","","","","","","","","",""
"62475","2025-09-24 21:36:07 -12","MARKET_IF_TOUCHED_ORDER","CLIENT_ORDER","EUR/USD","1.17440","1000.00","Sell","","1.17493","","1.17404","","","","","","","","",""
"62476","2025-09-24 21:36:08 -12","MARKET_IF_TOUCHED_ORDER","CLIENT_ORDER","EUR/USD","1.17598","1000.00","Buy","","1.17545","","1.17634","","","","","","","","",""
"62477","2025-09-24 21:36:08 -12","MARKET_IF_TOUCHED_ORDER","CLIENT_ORDER","EUR/USD","1.17390","1000.00","Sell","","1.17443","","1.17354","","","","","","","","",""
"62478","2025-09-24 21:36:08 -12","MARKET_IF_TOUCHED_ORDER","CLIENT_ORDER","EUR/USD","1.17648","1000.00","Buy","","1.17595","","1.17684","","","","","","","","",""
"62479","2025-09-24 21:36:08 -12","MARKET_IF_TOUCHED_ORDER","CLIENT_ORDER","EUR/USD","1.17340","1000.00","Sell","","1.17393","","1.17304","","","","","","","","",""
"62480","2025-09-24 21:36:09 -12","MARKET_IF_TOUCHED_ORDER","CLIENT_ORDER","EUR/USD","1.17698","1000.00","Buy","","1.17645","","1.17734","","","","","","","","",""
"62481","2025-09-24 21:36:09 -12","MARKET_IF_TOUCHED_ORDER","CLIENT_ORDER","EUR/USD","1.17290","1000.00","Sell","","1.17343","","1.17254","","","","","","","","",""
"62482","2025-09-24 21:36:09 -12","MARKET_IF_TOUCHED_ORDER","CLIENT_ORDER","EUR/USD","1.17748","1000.00","Buy","","1.17695","","1.17784","","","","","","","","",""
"62483","2025-09-24 21:36:09 -12","MARKET_IF_TOUCHED_ORDER","CLIENT_ORDER","EUR/USD","1.17240","1000.00","Sell","","1.17293","","1.17204","","","","","","","","",""
"62484","2025-09-24 21:38:10 -12","ORDER_CANCEL","CLIENT_REQUEST","","","","","","","","","","","","","","","","",""
"62485","2025-09-24 21:38:10 -12","ORDER_CANCEL","CLIENT_REQUEST","","","","","","","","","","","","","","","","",""
"62486","2025-09-24 21:38:10 -12","ORDER_CANCEL","CLIENT_REQUEST","","","","","","","","","","","","","","","","",""
"62487","2025-09-24 21:38:11 -12","ORDER_CANCEL","CLIENT_REQUEST","","","","","","","","","","","","","","","","",""
"62488","2025-09-24 21:38:11 -12","ORDER_CANCEL","CLIENT_REQUEST","","","","","","","","","","","","","","","","",""
"62489","2025-09-24 21:38:11 -12","ORDER_CANCEL","CLIENT_REQUEST","","","","","","","","","","","","","","","","",""
"62490","2025-09-24 21:38:11 -12","ORDER_CANCEL","CLIENT_REQUEST","","","","","","","","","","","","","","","","",""
"62491","2025-09-24 21:38:12 -12","ORDER_CANCEL","CLIENT_REQUEST","","","","","","","","","","","","","","","","",""
"62492","2025-09-24 21:38:12 -12","ORDER_CANCEL","CLIENT_REQUEST","","","","","","","","","","","","","","","","",""
"62493","2025-09-24 21:38:12 -12","ORDER_CANCEL","CLIENT_REQUEST","","","","","","","","","","","","","","","","",""
"62494","2025-09-24 21:38:14 -12","MARKET_IF_TOUCHED_ORDER","CLIENT_ORDER","EUR/USD","1.17548","1000.00","Buy","","1.17495","","1.17584","","","","","","","","",""
"62495","2025-09-24 21:38:14 -12","MARKET_IF_TOUCHED_ORDER","CLIENT_ORDER","EUR/USD","1.17440","1000.00","Sell","","1.17493","","1.17404","","","","","","","","",""
"62496","2025-09-24 21:38:14 -12","MARKET_IF_TOUCHED_ORDER","CLIENT_ORDER","EUR/USD","1.17598","1000.00","Buy","","1.17545","","1.17634","","","","","","","","",""
"62497","2025-09-24 21:38:15 -12","MARKET_IF_TOUCHED_ORDER","CLIENT_ORDER","EUR/USD","1.17390","1000.00","Sell","","1.17443","","1.17354","","","","","","","","",""
"62498","2025-09-24 21:38:15 -12","MARKET_IF_TOUCHED_ORDER","CLIENT_ORDER","EUR/USD","1.17648","1000.00","Buy","","1.17595","","1.17684","","","","","","","","",""
"62499","2025-09-24 21:38:15 -12","MARKET_IF_TOUCHED_ORDER","CLIENT_ORDER","EUR/USD","1.17340","1000.00","Sell","","1.17393","","1.17304","","","","","","","","",""
"62500","2025-09-24 21:38:16 -12","MARKET_IF_TOUCHED_ORDER","CLIENT_ORDER","EUR/USD","1.17698","1000.00","Buy","","1.17645","","1.17734","","","","","","","","",""
"62501","2025-09-24 21:38:16 -12","MARKET_IF_TOUCHED_ORDER","CLIENT_ORDER","EUR/USD","1.17290","1000.00","Sell","","1.17343","","1.17254","","","","","","","","",""
"62502","2025-09-24 21:38:16 -12","MARKET_IF_TOUCHED_ORDER","CLIENT_ORDER","EUR/USD","1.17748","1000.00","Buy","","1.17695","","1.17784","","","","","","","","",""
"62503","2025-09-24 21:38:16 -12","MARKET_IF_TOUCHED_ORDER","CLIENT_ORDER","EUR/USD","1.17240","1000.00","Sell","","1.17293","","1.17204","","","","","","","","",""
"62504","2025-09-24 21:40:17 -12","ORDER_CANCEL","CLIENT_REQUEST","","","","","","","","","","","","","","","","",""
"62505","2025-09-24 21:40:17 -12","ORDER_CANCEL","CLIENT_REQUEST","","","","","","","","","","","","","","","","",""
"62506","2025-09-24 21:40:17 -12","ORDER_CANCEL","CLIENT_REQUEST","","","","","","","","","","","","","","","","",""
"62507","2025-09-24 21:40:18 -12","ORDER_CANCEL","CLIENT_REQUEST","","","","","","","","","","","","","","","","",""
"62508","2025-09-24 21:40:18 -12","ORDER_CANCEL","CLIENT_REQUEST","","","","","","","","","","","","","","","","",""
"62509","2025-09-24 21:40:18 -12","ORDER_CANCEL","CLIENT_REQUEST","","","","","","","","","","","","","","","","",""
"62510","2025-09-24 21:40:18 -12","ORDER_CANCEL","CLIENT_REQUEST","","","","","","","","","","","","","","","","",""
"62511","2025-09-24 21:40:19 -12","ORDER_CANCEL","CLIENT_REQUEST","","","","","","","","","","","","","","","","",""
"62512","2025-09-24 21:40:19 -12","ORDER_CANCEL","CLIENT_REQUEST","","","","","","","","","","","","","","","","",""
"62513","2025-09-24 21:40:19 -12","ORDER_CANCEL","CLIENT_REQUEST","","","","","","","","","","","","","","","","",""
"62514","2025-09-24 21:40:34 -12","MARKET_IF_TOUCHED_ORDER","CLIENT_ORDER","EUR/USD","1.17548","1000.00","Buy","","1.17493","","1.17585","","","","","","","","",""
"62515","2025-09-24 21:40:35 -12","MARKET_IF_TOUCHED_ORDER","CLIENT_ORDER","EUR/USD","1.17440","1000.00","Sell","","1.17495","","1.17403","","","","","","","","",""
"62516","2025-09-24 21:40:35 -12","MARKET_IF_TOUCHED_ORDER","CLIENT_ORDER","EUR/USD","1.17598","1000.00","Buy","","1.17543","","1.17635","","","","","","","","",""
"62517","2025-09-24 21:40:35 -12","MARKET_IF_TOUCHED_ORDER","CLIENT_ORDER","EUR/USD","1.17390","1000.00","Sell","","1.17445","","1.17353","","","","","","","","",""
"62518","2025-09-24 21:40:35 -12","MARKET_IF_TOUCHED_ORDER","CLIENT_ORDER","EUR/USD","1.17648","1000.00","Buy","","1.17593","","1.17685","","","","","","","","",""
"62519","2025-09-24 21:40:36 -12","MARKET_IF_TOUCHED_ORDER","CLIENT_ORDER","EUR/USD","1.17340","1000.00","Sell","","1.17395","","1.17303","","","","","","","","",""
"62520","2025-09-24 21:40:36 -12","MARKET_IF_TOUCHED_ORDER","CLIENT_ORDER","EUR/USD","1.17698","1000.00","Buy","","1.17643","","1.17735","","","","","","","","",""
"62521","2025-09-24 21:40:36 -12","MARKET_IF_TOUCHED_ORDER","CLIENT_ORDER","EUR/USD","1.17290","1000.00","Sell","","1.17345","","1.17253","","","","","","","","",""
"62522","2025-09-24 21:40:36 -12","MARKET_IF_TOUCHED_ORDER","CLIENT_ORDER","EUR/USD","1.17748","1000.00","Buy","","1.17693","","1.17785","","","","","","","","",""
"62523","2025-09-24 21:40:37 -12","MARKET_IF_TOUCHED_ORDER","CLIENT_ORDER","EUR/USD","1.17240","1000.00","Sell","","1.17295","","1.17203","","","","","","","","",""
"62524","2025-09-24 21:42:37 -12","ORDER_CANCEL","CLIENT_REQUEST","","","","","","","","","","","","","","","","",""
"62525","2025-09-24 21:42:37 -12","ORDER_CANCEL","CLIENT_REQUEST","","","","","","","","","","","","","","","","",""
"62526","2025-09-24 21:42:38 -12","ORDER_CANCEL","CLIENT_REQUEST","","","","","","","","","","","","","","","","",""
"62527","2025-09-24 21:42:38 -12","ORDER_CANCEL","CLIENT_REQUEST","","","","","","","","","","","","","","","","",""
"62528","2025-09-24 21:42:38 -12","ORDER_CANCEL","CLIENT_REQUEST","","","","","","","","","","","","","","","","",""
"62529","2025-09-24 21:42:38 -12","ORDER_CANCEL","CLIENT_REQUEST","","","","","","","","","","","","","","","","",""
"62530","2025-09-24 21:42:39 -12","ORDER_CANCEL","CLIENT_REQUEST","","","","","","","","","","","","","","","","",""
"62531","2025-09-24 21:42:39 -12","ORDER_CANCEL","CLIENT_REQUEST","","","","","","","","","","","","","","","","",""
"62532","2025-09-24 21:42:39 -12","ORDER_CANCEL","CLIENT_REQUEST","","","","","","","","","","","","","","","","",""
"62533","2025-09-24 21:42:39 -12","ORDER_CANCEL","CLIENT_REQUEST","","","","","","","","","","","","","","","","",""
"62534","2025-09-24 21:42:41 -12","MARKET_IF_TOUCHED_ORDER","CLIENT_ORDER","EUR/USD","1.17548","1000.00","Buy","","1.17493","","1.17585","","","","","","","","",""
"62535","2025-09-24 21:42:41 -12","MARKET_IF_TOUCHED_ORDER","CLIENT_ORDER","EUR/USD","1.17440","1000.00","Sell","","1.17495","","1.17403","","","","","","","","",""
"62536","2025-09-24 21:42:41 -12","MARKET_IF_TOUCHED_ORDER","CLIENT_ORDER","EUR/USD","1.17598","1000.00","Buy","","1.17543","","1.17635","","","","","","","","",""
"62537","2025-09-24 21:42:42 -12","MARKET_IF_TOUCHED_ORDER","CLIENT_ORDER","EUR/USD","1.17390","1000.00","Sell","","1.17445","","1.17353","","","","","","","","",""
"62538","2025-09-24 21:42:42 -12","MARKET_IF_TOUCHED_ORDER","CLIENT_ORDER","EUR/USD","1.17648","1000.00","Buy","","1.17593","","1.17685","","","","","","","","",""
"62539","2025-09-24 21:42:42 -12","MARKET_IF_TOUCHED_ORDER","CLIENT_ORDER","EUR/USD","1.17340","1000.00","Sell","","1.17395","","1.17303","","","","","","","","",""
"62540","2025-09-24 21:42:42 -12","MARKET_IF_TOUCHED_ORDER","CLIENT_ORDER","EUR/USD","1.17698","1000.00","Buy","","1.17643","","1.17735","","","","","","","","",""
"62541","2025-09-24 21:42:43 -12","MARKET_IF_TOUCHED_ORDER","CLIENT_ORDER","EUR/USD","1.17290","1000.00","Sell","","1.17345","","1.17253","","","","","","","","",""
"62542","2025-09-24 21:42:43 -12","MARKET_IF_TOUCHED_ORDER","CLIENT_ORDER","EUR/USD","1.17748","1000.00","Buy","","1.17693","","1.17785","","","","","","","","",""
"62543","2025-09-24 21:42:43 -12","MARKET_IF_TOUCHED_ORDER","CLIENT_ORDER","EUR/USD","1.17240","1000.00","Sell","","1.17295","","1.17203","","","","","","","","",""
"62544","2025-09-24 21:43:20 -12","ORDER_FILL","MARKET_IF_TOUCHED_ORDER","EUR/USD","1.17429","1000.00","Sell","0.0709","","","","","0.00000","0.0000","0.0000","","","0.00000","","98976.63"
"62545","2025-09-24 21:43:20 -12","TAKE_PROFIT_ORDER","ON_FILL","","1.17403","","","","","","","","","","","","","","",""
"62546","2025-09-24 21:43:20 -12","STOP_LOSS_ORDER","ON_FILL","","1.17495","","","","","","","","","","","","","","",""
"62547","2025-09-24 21:44:44 -12","ORDER_CANCEL","CLIENT_REQUEST","","","","","","","","","","","","","","","","",""
"62548","2025-09-24 21:44:44 -12","ORDER_CANCEL","CLIENT_REQUEST","","","","","","","","","","","","","","","","",""
"62549","2025-09-24 21:44:45 -12","ORDER_CANCEL","CLIENT_REQUEST","","","","","","","","","","","","","","","","",""
"62550","2025-09-24 21:44:45 -12","ORDER_CANCEL","CLIENT_REQUEST","","","","","","","","","","","","","","","","",""
"62551","2025-09-24 21:44:46 -12","ORDER_CANCEL","CLIENT_REQUEST","","","","","","","","","","","","","","","","",""
"62552","2025-09-24 21:44:46 -12","ORDER_CANCEL","CLIENT_REQUEST","","","","","","","","","","","","","","","","",""
"62553","2025-09-24 21:44:46 -12","ORDER_CANCEL","CLIENT_REQUEST","","","","","","","","","","","","","","","","",""
"62554","2025-09-24 21:44:46 -12","ORDER_CANCEL","CLIENT_REQUEST","","","","","","","","","","","","","","","","",""
"62555","2025-09-24 21:44:47 -12","ORDER_CANCEL","CLIENT_REQUEST","","","","","","","","","","","","","","","","",""
"62556","2025-09-24 21:44:47 -12","ORDER_CANCEL","CLIENT_REQUEST","","","","","","","","","","","","","","","","",""
"62557","2025-09-24 21:44:47 -12","ORDER_CANCEL","CLIENT_REQUEST","","","","","","","","","","","","","","","","",""
"62558","2025-09-24 21:44:49 -12","MARKET_IF_TOUCHED_ORDER","CLIENT_ORDER","EUR/USD","1.17548","1000.00","Buy","","1.17493","","1.17585","","","","","","","","",""
"62559","2025-09-24 21:44:49 -12","MARKET_IF_TOUCHED_ORDER","CLIENT_ORDER","EUR/USD","1.17440","1000.00","Sell","","1.17495","","1.17403","","","","","","","","",""
"62560","2025-09-24 21:44:49 -12","MARKET_IF_TOUCHED_ORDER","CLIENT_ORDER","EUR/USD","1.17598","1000.00","Buy","","1.17543","","1.17635","","","","","","","","",""
"62561","2025-09-24 21:44:50 -12","MARKET_IF_TOUCHED_ORDER","CLIENT_ORDER","EUR/USD","1.17390","1000.00","Sell","","1.17445","","1.17353","","","","","","","","",""
"62562","2025-09-24 21:44:50 -12","MARKET_IF_TOUCHED_ORDER","CLIENT_ORDER","EUR/USD","1.17648","1000.00","Buy","","1.17593","","1.17685","","","","","","","","",""
"62563","2025-09-24 21:44:50 -12","MARKET_IF_TOUCHED_ORDER","CLIENT_ORDER","EUR/USD","1.17340","1000.00","Sell","","1.17395","","1.17303","","","","","","","","",""
"62564","2025-09-24 21:44:50 -12","MARKET_IF_TOUCHED_ORDER","CLIENT_ORDER","EUR/USD","1.17698","1000.00","Buy","","1.17643","","1.17735","","","","","","","","",""
"62565","2025-09-24 21:44:51 -12","MARKET_IF_TOUCHED_ORDER","CLIENT_ORDER","EUR/USD","1.17290","1000.00","Sell","","1.17345","","1.17253","","","","","","","","",""
"62566","2025-09-24 21:44:51 -12","MARKET_IF_TOUCHED_ORDER","CLIENT_ORDER","EUR/USD","1.17748","1000.00","Buy","","1.17693","","1.17785","","","","","","","","",""
"62567","2025-09-24 21:44:51 -12","MARKET_IF_TOUCHED_ORDER","CLIENT_ORDER","EUR/USD","1.17240","1000.00","Sell","","1.17295","","1.17203","","","","","","","","",""
"62568","2025-09-24 21:45:00 -12","ORDER_FILL","MARKET_IF_TOUCHED_ORDER","EUR/USD","1.17429","1000.00","Sell","0.0709","","","","","0.00000","0.0000","0.0000","","","0.00000","","98976.63"
"62569","2025-09-24 21:45:00 -12","TAKE_PROFIT_ORDER","ON_FILL","","1.17403","","","","","","","","","","","","","","",""
"62570","2025-09-24 21:45:00 -12","STOP_LOSS_ORDER","ON_FILL","","1.17495","","","","","","","","","","","","","","",""
"62571","2025-09-24 21:46:52 -12","ORDER_CANCEL","CLIENT_REQUEST","","","","","","","","","","","","","","","","",""
"62572","2025-09-24 21:46:53 -12","ORDER_CANCEL","CLIENT_REQUEST","","","","","","","","","","","","","","","","",""
"62573","2025-09-24 21:46:53 -12","ORDER_CANCEL","CLIENT_REQUEST","","","","","","","","","","","","","","","","",""
"62574","2025-09-24 21:46:53 -12","ORDER_CANCEL","CLIENT_REQUEST","","","","","","","","","","","","","","","","",""
"62575","2025-09-24 21:46:54 -12","ORDER_CANCEL","CLIENT_REQUEST","","","","","","","","","","","","","","","","",""
"62576","2025-09-24 21:46:54 -12","ORDER_CANCEL","CLIENT_REQUEST","","","","","","","","","","","","","","","","",""
"62577","2025-09-24 21:46:54 -12","ORDER_CANCEL","CLIENT_REQUEST","","","","","","","","","","","","","","","","",""
"62578","2025-09-24 21:46:54 -12","ORDER_CANCEL","CLIENT_REQUEST","","","","","","","","","","","","","","","","",""
"62579","2025-09-24 21:46:55 -12","ORDER_CANCEL","CLIENT_REQUEST","","","","","","","","","","","","","","","","",""
"62580","2025-09-24 21:46:55 -12","ORDER_CANCEL","CLIENT_REQUEST","","","","","","","","","","","","","","","","",""
"62581","2025-09-24 21:46:55 -12","ORDER_CANCEL","CLIENT_REQUEST","","","","","","","","","","","","","","","","",""
"62582","2025-09-24 21:46:57 -12","MARKET_IF_TOUCHED_ORDER","CLIENT_ORDER","EUR/USD","1.17548","1000.00","Buy","","1.17492","","1.17585","","","","","","","","",""
"62583","2025-09-24 21:46:57 -12","MARKET_IF_TOUCHED_ORDER","CLIENT_ORDER","EUR/USD","1.17440","1000.00","Sell","","1.17496","","1.17403","","","","","","","","",""
"62584","2025-09-24 21:46:57 -12","MARKET_IF_TOUCHED_ORDER","CLIENT_ORDER","EUR/USD","1.17598","1000.00","Buy","","1.17542","","1.17635","","","","","","","","",""
"62585","2025-09-24 21:46:57 -12","MARKET_IF_TOUCHED_ORDER","CLIENT_ORDER","EUR/USD","1.17390","1000.00","Sell","","1.17446","","1.17353","","","","","","","","",""
"62586","2025-09-24 21:46:58 -12","MARKET_IF_TOUCHED_ORDER","CLIENT_ORDER","EUR/USD","1.17648","1000.00","Buy","","1.17592","","1.17685","","","","","","","","",""
"62587","2025-09-24 21:46:58 -12","MARKET_IF_TOUCHED_ORDER","CLIENT_ORDER","EUR/USD","1.17340","1000.00","Sell","","1.17396","","1.17303","","","","","","","","",""
"62588","2025-09-24 21:46:58 -12","MARKET_IF_TOUCHED_ORDER","CLIENT_ORDER","EUR/USD","1.17698","1000.00","Buy","","1.17642","","1.17735","","","","","","","","",""
"62589","2025-09-24 21:46:58 -12","MARKET_IF_TOUCHED_ORDER","CLIENT_ORDER","EUR/USD","1.17290","1000.00","Sell","","1.17346","","1.17253","","","","","","","","",""
"62590","2025-09-24 21:46:59 -12","MARKET_IF_TOUCHED_ORDER","CLIENT_ORDER","EUR/USD","1.17748","1000.00","Buy","","1.17692","","1.17785","","","","","","","","",""
"62591","2025-09-24 21:46:59 -12","MARKET_IF_TOUCHED_ORDER","CLIENT_ORDER","EUR/USD","1.17240","1000.00","Sell","","1.17296","","1.17203","","","","","","","","",""
"62592","2025-09-24 21:48:59 -12","ORDER_CANCEL","CLIENT_REQUEST","","","","","","","","","","","","","","","","",""
"62593","2025-09-24 21:49:00 -12","ORDER_CANCEL","CLIENT_REQUEST","","","","","","","","","","","","","","","","",""
"62594","2025-09-24 21:49:00 -12","ORDER_CANCEL","CLIENT_REQUEST","","","","","","","","","","","","","","","","",""
"62595","2025-09-24 21:49:00 -12","ORDER_CANCEL","CLIENT_REQUEST","","","","","","","","","","","","","","","","",""
"62596","2025-09-24 21:49:00 -12","ORDER_CANCEL","CLIENT_REQUEST","","","","","","","","","","","","","","","","",""
"62597","2025-09-24 21:49:01 -12","ORDER_CANCEL","CLIENT_REQUEST","","","","","","","","","","","","","","","","",""
"62598","2025-09-24 21:49:01 -12","ORDER_CANCEL","CLIENT_REQUEST","","","","","","","","","","","","","","","","",""
"62599","2025-09-24 21:49:01 -12","ORDER_CANCEL","CLIENT_REQUEST","","","","","","","","","","","","","","","","",""
"62600","2025-09-24 21:49:02 -12","ORDER_CANCEL","CLIENT_REQUEST","","","","","","","","","","","","","","","","",""
"62601","2025-09-24 21:49:02 -12","ORDER_CANCEL","CLIENT_REQUEST","","","","","","","","","","","","","","","","",""
"62602","2025-09-24 21:49:03 -12","MARKET_IF_TOUCHED_ORDER","CLIENT_ORDER","EUR/USD","1.17548","1000.00","Buy","","1.17492","","1.17585","","","","","","","","",""
"62603","2025-09-24 21:49:04 -12","MARKET_IF_TOUCHED_ORDER","CLIENT_ORDER","EUR/USD","1.17440","1000.00","Sell","","1.17496","","1.17403","","","","","","","","",""
"62604","2025-09-24 21:49:04 -12","MARKET_IF_TOUCHED_ORDER","CLIENT_ORDER","EUR/USD","1.17598","1000.00","Buy","","1.17542","","1.17635","","","","","","","","",""
"62605","2025-09-24 21:49:04 -12","MARKET_IF_TOUCHED_ORDER","CLIENT_ORDER","EUR/USD","1.17390","1000.00","Sell","","1.17446","","1.17353","","","","","","","","",""
"62606","2025-09-24 21:49:04 -12","MARKET_IF_TOUCHED_ORDER","CLIENT_ORDER","EUR/USD","1.17648","1000.00","Buy","","1.17592","","1.17685","","","","","","","","",""
"62607","2025-09-24 21:49:05 -12","MARKET_IF_TOUCHED_ORDER","CLIENT_ORDER","EUR/USD","1.17340","1000.00","Sell","","1.17396","","1.17303","","","","","","","","",""
"62608","2025-09-24 21:49:05 -12","MARKET_IF_TOUCHED_ORDER","CLIENT_ORDER","EUR/USD","1.17698","1000.00","Buy","","1.17642","","1.17735","","","","","","","","",""
"62609","2025-09-24 21:49:05 -12","MARKET_IF_TOUCHED_ORDER","CLIENT_ORDER","EUR/USD","1.17290","1000.00","Sell","","1.17346","","1.17253","","","","","","","","",""
"62610","2025-09-24 21:49:05 -12","MARKET_IF_TOUCHED_ORDER","CLIENT_ORDER","EUR/USD","1.17748","1000.00","Buy","","1.17692","","1.17785","","","","","","","","",""
"62611","2025-09-24 21:49:06 -12","MARKET_IF_TOUCHED_ORDER","CLIENT_ORDER","EUR/USD","1.17240","1000.00","Sell","","1.17296","","1.17203","","","","","","","","",""
"62612","2025-09-24 21:51:06 -12","ORDER_CANCEL","CLIENT_REQUEST","","","","","","","","","","","","","","","","",""
"62613","2025-09-24 21:51:06 -12","ORDER_CANCEL","CLIENT_REQUEST","","","","","","","","","","","","","","","","",""
"62614","2025-09-24 21:51:07 -12","ORDER_CANCEL","CLIENT_REQUEST","","","","","","","","","","","","","","","","",""
"62615","2025-09-24 21:51:07 -12","ORDER_CANCEL","CLIENT_REQUEST","","","","","","","","","","","","","","","","",""
"62616","2025-09-24 21:51:07 -12","ORDER_CANCEL","CLIENT_REQUEST","","","","","","","","","","","","","","","","",""
"62617","2025-09-24 21:51:07 -12","ORDER_CANCEL","CLIENT_REQUEST","","","","","","","","","","","","","","","","",""
"62618","2025-09-24 21:51:08 -12","ORDER_CANCEL","CLIENT_REQUEST","","","","","","","","","","","","","","","","",""
"62619","2025-09-24 21:51:08 -12","ORDER_CANCEL","CLIENT_REQUEST","","","","","","","","","","","","","","","","",""
"62620","2025-09-24 21:51:08 -12","ORDER_CANCEL","CLIENT_REQUEST","","","","","","","","","","","","","","","","",""
"62621","2025-09-24 21:51:08 -12","ORDER_CANCEL","CLIENT_REQUEST","","","","","","","","","","","","","","","","",""
"62622","2025-09-24 21:51:10 -12","MARKET_IF_TOUCHED_ORDER","CLIENT_ORDER","EUR/USD","1.17548","1000.00","Buy","","1.17492","","1.17585","","","","","","","","",""
"62623","2025-09-24 21:51:10 -12","MARKET_IF_TOUCHED_ORDER","CLIENT_ORDER","EUR/USD","1.17440","1000.00","Sell","","1.17496","","1.17403","","","","","","","","",""
"62624","2025-09-24 21:51:10 -12","MARKET_IF_TOUCHED_ORDER","CLIENT_ORDER","EUR/USD","1.17598","1000.00","Buy","","1.17542","","1.17635","","","","","","","","",""
"62625","2025-09-24 21:51:11 -12","MARKET_IF_TOUCHED_ORDER","CLIENT_ORDER","EUR/USD","1.17390","1000.00","Sell","","1.17446","","1.17353","","","","","","","","",""
"62626","2025-09-24 21:51:11 -12","MARKET_IF_TOUCHED_ORDER","CLIENT_ORDER","EUR/USD","1.17648","1000.00","Buy","","1.17592","","1.17685","","","","","","","","",""
"62627","2025-09-24 21:51:11 -12","MARKET_IF_TOUCHED_ORDER","CLIENT_ORDER","EUR/USD","1.17340","1000.00","Sell","","1.17396","","1.17303","","","","","","","","",""
"62628","2025-09-24 21:51:11 -12","MARKET_IF_TOUCHED_ORDER","CLIENT_ORDER","EUR/USD","1.17698","1000.00","Buy","","1.17642","","1.17735","","","","","","","","",""
"62629","2025-09-24 21:51:12 -12","MARKET_IF_TOUCHED_ORDER","CLIENT_ORDER","EUR/USD","1.17290","1000.00","Sell","","1.17346","","1.17253","","","","","","","","",""
"62630","2025-09-24 21:51:12 -12","MARKET_IF_TOUCHED_ORDER","CLIENT_ORDER","EUR/USD","1.17748","1000.00","Buy","","1.17692","","1.17785","","","","","","","","",""
"62631","2025-09-24 21:51:12 -12","MARKET_IF_TOUCHED_ORDER","CLIENT_ORDER","EUR/USD","1.17240","1000.00","Sell","","1.17296","","1.17203","","","","","","","","",""
"62632","2025-09-24 21:53:13 -12","ORDER_CANCEL","CLIENT_REQUEST","","","","","","","","","","","","","","","","",""
"62633","2025-09-24 21:53:13 -12","ORDER_CANCEL","CLIENT_REQUEST","","","","","","","","","","","","","","","","",""
"62634","2025-09-24 21:53:13 -12","ORDER_CANCEL","CLIENT_REQUEST","","","","","","","","","","","","","","","","",""
"62635","2025-09-24 21:53:14 -12","ORDER_CANCEL","CLIENT_REQUEST","","","","","","","","","","","","","","","","",""
"62636","2025-09-24 21:53:14 -12","ORDER_CANCEL","CLIENT_REQUEST","","","","","","","","","","","","","","","","",""
"62637","2025-09-24 21:53:15 -12","ORDER_CANCEL","CLIENT_REQUEST","","","","","","","","","","","","","","","","",""
"62638","2025-09-24 21:53:15 -12","ORDER_CANCEL","CLIENT_REQUEST","","","","","","","","","","","","","","","","",""
"62639","2025-09-24 21:53:15 -12","ORDER_CANCEL","CLIENT_REQUEST","","","","","","","","","","","","","","","","",""
"62640","2025-09-24 21:53:15 -12","ORDER_CANCEL","CLIENT_REQUEST","","","","","","","","","","","","","","","","",""
"62641","2025-09-24 21:53:16 -12","ORDER_CANCEL","CLIENT_REQUEST","","","","","","","","","","","","","","","","",""
"62642","2025-09-24 21:53:17 -12","MARKET_IF_TOUCHED_ORDER","CLIENT_ORDER","EUR/USD","1.17548","1000.00","Buy","","1.17492","","1.17585","","","","","","","","",""
"62643","2025-09-24 21:53:17 -12","MARKET_IF_TOUCHED_ORDER","CLIENT_ORDER","EUR/USD","1.17440","1000.00","Sell","","1.17496","","1.17403","","","","","","","","",""
"62644","2025-09-24 21:53:18 -12","MARKET_IF_TOUCHED_ORDER","CLIENT_ORDER","EUR/USD","1.17598","1000.00","Buy","","1.17542","","1.17635","","","","","","","","",""
"62645","2025-09-24 21:53:18 -12","MARKET_IF_TOUCHED_ORDER","CLIENT_ORDER","EUR/USD","1.17390","1000.00","Sell","","1.17446","","1.17353","","","","","","","","",""
"62646","2025-09-24 21:53:18 -12","MARKET_IF_TOUCHED_ORDER","CLIENT_ORDER","EUR/USD","1.17648","1000.00","Buy","","1.17592","","1.17685","","","","","","","","",""
"62647","2025-09-24 21:53:18 -12","MARKET_IF_TOUCHED_ORDER","CLIENT_ORDER","EUR/USD","1.17340","1000.00","Sell","","1.17396","","1.17303","","","","","","","","",""
"62648","2025-09-24 21:53:19 -12","MARKET_IF_TOUCHED_ORDER","CLIENT_ORDER","EUR/USD","1.17698","1000.00","Buy","","1.17642","","1.17735","","","","","","","","",""
"62649","2025-09-24 21:53:19 -12","MARKET_IF_TOUCHED_ORDER","CLIENT_ORDER","EUR/USD","1.17290","1000.00","Sell","","1.17346","","1.17253","","","","","","","","",""
"62650","2025-09-24 21:53:19 -12","MARKET_IF_TOUCHED_ORDER","CLIENT_ORDER","EUR/USD","1.17748","1000.00","Buy","","1.17692","","1.17785","","","","","","","","",""
"62651","2025-09-24 21:53:20 -12","MARKET_IF_TOUCHED_ORDER","CLIENT_ORDER","EUR/USD","1.17240","1000.00","Sell","","1.17296","","1.17203","","","","","","","","",""
"62652","2025-09-24 21:55:20 -12","ORDER_CANCEL","CLIENT_REQUEST","","","","","","","","","","","","","","","","",""
"62653","2025-09-24 21:55:20 -12","ORDER_CANCEL","CLIENT_REQUEST","","","","","","","","","","","","","","","","",""
"62654","2025-09-24 21:55:21 -12","ORDER_CANCEL","CLIENT_REQUEST","","","","","","","","","","","","","","","","",""
"62655","2025-09-24 21:55:21 -12","ORDER_CANCEL","CLIENT_REQUEST","","","","","","","","","","","","","","","","",""
"62656","2025-09-24 21:55:21 -12","ORDER_CANCEL","CLIENT_REQUEST","","","","","","","","","","","","","","","","",""
"62657","2025-09-24 21:55:21 -12","ORDER_CANCEL","CLIENT_REQUEST","","","","","","","","","","","","","","","","",""
"62658","2025-09-24 21:55:22 -12","ORDER_CANCEL","CLIENT_REQUEST","","","","","","","","","","","","","","","","",""
"62659","2025-09-24 21:55:22 -12","ORDER_CANCEL","CLIENT_REQUEST","","","","","","","","","","","","","","","","",""
"62660","2025-09-24 21:55:22 -12","ORDER_CANCEL","CLIENT_REQUEST","","","","","","","","","","","","","","","","",""
"62661","2025-09-24 21:55:22 -12","ORDER_CANCEL","CLIENT_REQUEST","","","","","","","","","","","","","","","","",""
"62662","2025-09-24 21:55:24 -12","MARKET_IF_TOUCHED_ORDER","CLIENT_ORDER","EUR/USD","1.17548","1000.00","Buy","","1.17492","","1.17585","","","","","","","","",""
"62663","2025-09-24 21:55:24 -12","MARKET_IF_TOUCHED_ORDER","CLIENT_ORDER","EUR/USD","1.17440","1000.00","Sell","","1.17496","","1.17403","","","","","","","","",""
"62664","2025-09-24 21:55:24 -12","MARKET_IF_TOUCHED_ORDER","CLIENT_ORDER","EUR/USD","1.17598","1000.00","Buy","","1.17542","","1.17635","","","","","","","","",""
"62665","2025-09-24 21:55:25 -12","MARKET_IF_TOUCHED_ORDER","CLIENT_ORDER","EUR/USD","1.17390","1000.00","Sell","","1.17446","","1.17353","","","","","","","","",""
"62666","2025-09-24 21:55:25 -12","MARKET_IF_TOUCHED_ORDER","CLIENT_ORDER","EUR/USD","1.17648","1000.00","Buy","","1.17592","","1.17685","","","","","","","","",""
"62667","2025-09-24 21:55:25 -12","MARKET_IF_TOUCHED_ORDER","CLIENT_ORDER","EUR/USD","1.17340","1000.00","Sell","","1.17396","","1.17303","","","","","","","","",""
"62668","2025-09-24 21:55:25 -12","MARKET_IF_TOUCHED_ORDER","CLIENT_ORDER","EUR/USD","1.17698","1000.00","Buy","","1.17642","","1.17735","","","","","","","","",""
"62669","2025-09-24 21:55:26 -12","MARKET_IF_TOUCHED_ORDER","CLIENT_ORDER","EUR/USD","1.17290","1000.00","Sell","","1.17346","","1.17253","","","","","","","","",""
"62670","2025-09-24 21:55:26 -12","MARKET_IF_TOUCHED_ORDER","CLIENT_ORDER","EUR/USD","1.17748","1000.00","Buy","","1.17692","","1.17785","","","","","","","","",""
"62671","2025-09-24 21:55:26 -12","MARKET_IF_TOUCHED_ORDER","CLIENT_ORDER","EUR/USD","1.17240","1000.00","Sell","","1.17296","","1.17203","","","","","","","","",""
"62672","2025-09-24 21:57:27 -12","ORDER_CANCEL","CLIENT_REQUEST","","","","","","","","","","","","","","","","",""
"62673","2025-09-24 21:57:27 -12","ORDER_CANCEL","CLIENT_REQUEST","","","","","","","","","","","","","","","","",""
"62674","2025-09-24 21:57:27 -12","ORDER_CANCEL","CLIENT_REQUEST","","","","","","","","","","","","","","","","",""
"62675","2025-09-24 21:57:27 -12","ORDER_CANCEL","CLIENT_REQUEST","","","","","","","","","","","","","","","","",""
"62676","2025-09-24 21:57:28 -12","ORDER_CANCEL","CLIENT_REQUEST","","","","","","","","","","","","","","","","",""
"62677","2025-09-24 21:57:28 -12","ORDER_CANCEL","CLIENT_REQUEST","","","","","","","","","","","","","","","","",""
"62678","2025-09-24 21:57:28 -12","ORDER_CANCEL","CLIENT_REQUEST","","","","","","","","","","","","","","","","",""
"62679","2025-09-24 21:57:29 -12","ORDER_CANCEL","CLIENT_REQUEST","","","","","","","","","","","","","","","","",""
"62680","2025-09-24 21:57:29 -12","ORDER_CANCEL","CLIENT_REQUEST","","","","","","","","","","","","","","","","",""
"62681","2025-09-24 21:57:29 -12","ORDER_CANCEL","CLIENT_REQUEST","","","","","","","","","","","","","","","","",""
"62682","2025-09-24 21:57:34 -12","MARKET_IF_TOUCHED_ORDER","CLIENT_ORDER","EUR/USD","1.17548","1000.00","Buy","","1.17492","","1.17585","","","","","","","","",""
"62683","2025-09-24 21:57:34 -12","MARKET_IF_TOUCHED_ORDER","CLIENT_ORDER","EUR/USD","1.17440","1000.00","Sell","","1.17496","","1.17403","","","","","","","","",""
"62684","2025-09-24 21:57:34 -12","MARKET_IF_TOUCHED_ORDER","CLIENT_ORDER","EUR/USD","1.17598","1000.00","Buy","","1.17542","","1.17635","","","","","","","","",""
"62685","2025-09-24 21:57:35 -12","MARKET_IF_TOUCHED_ORDER","CLIENT_ORDER","EUR/USD","1.17390","1000.00","Sell","","1.17446","","1.17353","","","","","","","","",""
"62686","2025-09-24 21:57:35 -12","MARKET_IF_TOUCHED_ORDER","CLIENT_ORDER","EUR/USD","1.17648","1000.00","Buy","","1.17592","","1.17685","","","","","","","","",""
"62687","2025-09-24 21:57:35 -12","MARKET_IF_TOUCHED_ORDER","CLIENT_ORDER","EUR/USD","1.17340","1000.00","Sell","","1.17396","","1.17303","","","","","","","","",""
"62688","2025-09-24 21:57:35 -12","MARKET_IF_TOUCHED_ORDER","CLIENT_ORDER","EUR/USD","1.17698","1000.00","Buy","","1.17642","","1.17735","","","","","","","","",""
"62689","2025-09-24 21:57:36 -12","MARKET_IF_TOUCHED_ORDER","CLIENT_ORDER","EUR/USD","1.17290","1000.00","Sell","","1.17346","","1.17253","","","","","","","","",""
"62690","2025-09-24 21:57:36 -12","MARKET_IF_TOUCHED_ORDER","CLIENT_ORDER","EUR/USD","1.17748","1000.00","Buy","","1.17692","","1.17785","","","","","","","","",""
"62691","2025-09-24 21:57:36 -12","MARKET_IF_TOUCHED_ORDER","CLIENT_ORDER","EUR/USD","1.17240","1000.00","Sell","","1.17296","","1.17203","","","","","","","","",""
"62692","2025-09-24 21:59:37 -12","ORDER_CANCEL","CLIENT_REQUEST","","","","","","","","","","","","","","","","",""
"62693","2025-09-24 21:59:37 -12","ORDER_CANCEL","CLIENT_REQUEST","","","","","","","","","","","","","","","","",""
"62694","2025-09-24 21:59:37 -12","ORDER_CANCEL","CLIENT_REQUEST","","","","","","","","","","","","","","","","",""
"62695","2025-09-24 21:59:38 -12","ORDER_CANCEL","CLIENT_REQUEST","","","","","","","","","","","","","","","","",""
"62696","2025-09-24 21:59:38 -12","ORDER_CANCEL","CLIENT_REQUEST","","","","","","","","","","","","","","","","",""
"62697","2025-09-24 21:59:38 -12","ORDER_CANCEL","CLIENT_REQUEST","","","","","","","","","","","","","","","","",""
"62698","2025-09-24 21:59:38 -12","ORDER_CANCEL","CLIENT_REQUEST","","","","","","","","","","","","","","","","",""
"62699","2025-09-24 21:59:39 -12","ORDER_CANCEL","CLIENT_REQUEST","","","","","","","","","","","","","","","","",""
"62700","2025-09-24 21:59:39 -12","ORDER_CANCEL","CLIENT_REQUEST","","","","","","","","","","","","","","","","",""
"62701","2025-09-24 21:59:39 -12","ORDER_CANCEL","CLIENT_REQUEST","","","","","","","","","","","","","","","","",""
"62702","2025-09-24 21:59:41 -12","MARKET_IF_TOUCHED_ORDER","CLIENT_ORDER","EUR/USD","1.17548","1000.00","Buy","","1.17492","","1.17585","","","","","","","","",""
"62703","2025-09-24 21:59:41 -12","MARKET_IF_TOUCHED_ORDER","CLIENT_ORDER","EUR/USD","1.17440","1000.00","Sell","","1.17496","","1.17403","","","","","","","","",""
"62704","2025-09-24 21:59:41 -12","MARKET_IF_TOUCHED_ORDER","CLIENT_ORDER","EUR/USD","1.17598","1000.00","Buy","","1.17542","","1.17635","","","","","","","","",""
"62705","2025-09-24 21:59:41 -12","MARKET_IF_TOUCHED_ORDER","CLIENT_ORDER","EUR/USD","1.17390","1000.00","Sell","","1.17446","","1.17353","","","","","","","","",""
"62706","2025-09-24 21:59:42 -12","MARKET_IF_TOUCHED_ORDER","CLIENT_ORDER","EUR/USD","1.17648","1000.00","Buy","","1.17592","","1.17685","","","","","","","","",""
"62707","2025-09-24 21:59:42 -12","MARKET_IF_TOUCHED_ORDER","CLIENT_ORDER","EUR/USD","1.17340","1000.00","Sell","","1.17396","","1.17303","","","","","","","","",""
"62708","2025-09-24 21:59:42 -12","MARKET_IF_TOUCHED_ORDER","CLIENT_ORDER","EUR/USD","1.17698","1000.00","Buy","","1.17642","","1.17735","","","","","","","","",""
"62709","2025-09-24 21:59:42 -12","MARKET_IF_TOUCHED_ORDER","CLIENT_ORDER","EUR/USD","1.17290","1000.00","Sell","","1.17346","","1.17253","","","","","","","","",""
"62710","2025-09-24 21:59:43 -12","MARKET_IF_TOUCHED_ORDER","CLIENT_ORDER","EUR/USD","1.17748","1000.00","Buy","","1.17692","","1.17785","","","","","","","","",""
"62711","2025-09-24 21:59:43 -12","MARKET_IF_TOUCHED_ORDER","CLIENT_ORDER","EUR/USD","1.17240","1000.00","Sell","","1.17296","","1.17203","","","","","","","","",""
"62712","2025-09-24 22:01:43 -12","ORDER_CANCEL","CLIENT_REQUEST","","","","","","","","","","","","","","","","",""
"62713","2025-09-24 22:01:44 -12","ORDER_CANCEL","CLIENT_REQUEST","","","","","","","","","","","","","","","","",""
"62714","2025-09-24 22:01:44 -12","ORDER_CANCEL","CLIENT_REQUEST","","","","","","","","","","","","","","","","",""
"62715","2025-09-24 22:01:45 -12","ORDER_CANCEL","CLIENT_REQUEST","","","","","","","","","","","","","","","","",""
"62716","2025-09-24 22:01:45 -12","ORDER_CANCEL","CLIENT_REQUEST","","","","","","","","","","","","","","","","",""
"62717","2025-09-24 22:01:46 -12","ORDER_CANCEL","CLIENT_REQUEST","","","","","","","","","","","","","","","","",""
"62718","2025-09-24 22:01:46 -12","ORDER_CANCEL","CLIENT_REQUEST","","","","","","","","","","","","","","","","",""
"62719","2025-09-24 22:01:46 -12","ORDER_CANCEL","CLIENT_REQUEST","","","","","","","","","","","","","","","","",""
"62720","2025-09-24 22:01:46 -12","ORDER_CANCEL","CLIENT_REQUEST","","","","","","","","","","","","","","","","",""
"62721","2025-09-24 22:01:47 -12","ORDER_CANCEL","CLIENT_REQUEST","","","","","","","","","","","","","","","","",""
"62722","2025-09-24 22:01:48 -12","MARKET_IF_TOUCHED_ORDER","CLIENT_ORDER","EUR/USD","1.17548","1000.00","Buy","","1.17493","","1.17585","","","","","","","","",""
"62723","2025-09-24 22:01:48 -12","MARKET_IF_TOUCHED_ORDER","CLIENT_ORDER","EUR/USD","1.17440","1000.00","Sell","","1.17495","","1.17403","","","","","","","","",""
"62724","2025-09-24 22:01:48 -12","MARKET_IF_TOUCHED_ORDER","CLIENT_ORDER","EUR/USD","1.17598","1000.00","Buy","","1.17543","","1.17635","","","","","","","","",""
"62725","2025-09-24 22:01:49 -12","MARKET_IF_TOUCHED_ORDER","CLIENT_ORDER","EUR/USD","1.17390","1000.00","Sell","","1.17445","","1.17353","","","","","","","","",""
"62726","2025-09-24 22:01:49 -12","MARKET_IF_TOUCHED_ORDER","CLIENT_ORDER","EUR/USD","1.17648","1000.00","Buy","","1.17593","","1.17685","","","","","","","","",""
"62727","2025-09-24 22:01:49 -12","MARKET_IF_TOUCHED_ORDER","CLIENT_ORDER","EUR/USD","1.17340","1000.00","Sell","","1.17395","","1.17303","","","","","","","","",""
"62728","2025-09-24 22:01:50 -12","MARKET_IF_TOUCHED_ORDER","CLIENT_ORDER","EUR/USD","1.17698","1000.00","Buy","","1.17643","","1.17735","","","","","","","","",""
"62729","2025-09-24 22:01:50 -12","MARKET_IF_TOUCHED_ORDER","CLIENT_ORDER","EUR/USD","1.17290","1000.00","Sell","","1.17345","","1.17253","","","","","","","","",""
"62730","2025-09-24 22:01:50 -12","MARKET_IF_TOUCHED_ORDER","CLIENT_ORDER","EUR/USD","1.17748","1000.00","Buy","","1.17693","","1.17785","","","","","","","","",""
"62731","2025-09-24 22:01:50 -12","MARKET_IF_TOUCHED_ORDER","CLIENT_ORDER","EUR/USD","1.17240","1000.00","Sell","","1.17295","","1.17203","","","","","","","","",""
"62732","2025-09-24 22:03:51 -12","ORDER_CANCEL","CLIENT_REQUEST","","","","","","","","","","","","","","","","",""
"62733","2025-09-24 22:03:52 -12","ORDER_CANCEL","CLIENT_REQUEST","","","","","","","","","","","","","","","","",""
"62734","2025-09-24 22:03:52 -12","ORDER_CANCEL","CLIENT_REQUEST","","","","","","","","","","","","","","","","",""
"62735","2025-09-24 22:03:53 -12","ORDER_CANCEL","CLIENT_REQUEST","","","","","","","","","","","","","","","","",""
"62736","2025-09-24 22:03:53 -12","ORDER_CANCEL","CLIENT_REQUEST","","","","","","","","","","","","","","","","",""
"62737","2025-09-24 22:03:53 -12","ORDER_CANCEL","CLIENT_REQUEST","","","","","","","","","","","","","","","","",""
"62738","2025-09-24 22:03:53 -12","ORDER_CANCEL","CLIENT_REQUEST","","","","","","","","","","","","","","","","",""
"62739","2025-09-24 22:03:54 -12","ORDER_CANCEL","CLIENT_REQUEST","","","","","","","","","","","","","","","","",""
"62740","2025-09-24 22:03:54 -12","ORDER_CANCEL","CLIENT_REQUEST","","","","","","","","","","","","","","","","",""
"62741","2025-09-24 22:03:54 -12","ORDER_CANCEL","CLIENT_REQUEST","","","","","","","","","","","","","","","","",""
"62742","2025-09-24 22:03:56 -12","MARKET_IF_TOUCHED_ORDER","CLIENT_ORDER","EUR/USD","1.17548","1000.00","Buy","","1.17493","","1.17585","","","","","","","","",""
"62743","2025-09-24 22:03:56 -12","MARKET_IF_TOUCHED_ORDER","CLIENT_ORDER","EUR/USD","1.17440","1000.00","Sell","","1.17495","","1.17403","","","","","","","","",""
"62744","2025-09-24 22:03:56 -12","MARKET_IF_TOUCHED_ORDER","CLIENT_ORDER","EUR/USD","1.17598","1000.00","Buy","","1.17543","","1.17635","","","","","","","","",""
"62745","2025-09-24 22:03:57 -12","MARKET_IF_TOUCHED_ORDER","CLIENT_ORDER","EUR/USD","1.17390","1000.00","Sell","","1.17445","","1.17353","","","","","","","","",""
"62746","2025-09-24 22:03:57 -12","MARKET_IF_TOUCHED_ORDER","CLIENT_ORDER","EUR/USD","1.17648","1000.00","Buy","","1.17593","","1.17685","","","","","","","","",""
"62747","2025-09-24 22:03:57 -12","MARKET_IF_TOUCHED_ORDER","CLIENT_ORDER","EUR/USD","1.17340","1000.00","Sell","","1.17395","","1.17303","","","","","","","","",""
"62748","2025-09-24 22:03:57 -12","MARKET_IF_TOUCHED_ORDER","CLIENT_ORDER","EUR/USD","1.17698","1000.00","Buy","","1.17643","","1.17735","","","","","","","","",""
"62749","2025-09-24 22:03:58 -12","MARKET_IF_TOUCHED_ORDER","CLIENT_ORDER","EUR/USD","1.17290","1000.00","Sell","","1.17345","","1.17253","","","","","","","","",""
"62750","2025-09-24 22:03:58 -12","MARKET_IF_TOUCHED_ORDER","CLIENT_ORDER","EUR/USD","1.17748","1000.00","Buy","","1.17693","","1.17785","","","","","","","","",""
"62751","2025-09-24 22:03:58 -12","MARKET_IF_TOUCHED_ORDER","CLIENT_ORDER","EUR/USD","1.17240","1000.00","Sell","","1.17295","","1.17203","","","","","","","","",""
"62752","2025-09-24 22:05:59 -12","ORDER_CANCEL","CLIENT_REQUEST","","","","","","","","","","","","","","","","",""
"62753","2025-09-24 22:05:59 -12","ORDER_CANCEL","CLIENT_REQUEST","","","","","","","","","","","","","","","","",""
"62754","2025-09-24 22:05:59 -12","ORDER_CANCEL","CLIENT_REQUEST","","","","","","","","","","","","","","","","",""
"62755","2025-09-24 22:05:59 -12","ORDER_CANCEL","CLIENT_REQUEST","","","","","","","","","","","","","","","","",""
"62756","2025-09-24 22:06:00 -12","ORDER_CANCEL","CLIENT_REQUEST","","","","","","","","","","","","","","","","",""
"62757","2025-09-24 22:06:00 -12","ORDER_CANCEL","CLIENT_REQUEST","","","","","","","","","","","","","","","","",""
"62758","2025-09-24 22:06:00 -12","ORDER_CANCEL","CLIENT_REQUEST","","","","","","","","","","","","","","","","",""
"62759","2025-09-24 22:06:00 -12","ORDER_CANCEL","CLIENT_REQUEST","","","","","","","","","","","","","","","","",""
"62760","2025-09-24 22:06:01 -12","ORDER_CANCEL","CLIENT_REQUEST","","","","","","","","","","","","","","","","",""
"62761","2025-09-24 22:06:01 -12","ORDER_CANCEL","CLIENT_REQUEST","","","","","","","","","","","","","","","","",""
"62762","2025-09-24 22:06:02 -12","MARKET_IF_TOUCHED_ORDER","CLIENT_ORDER","EUR/USD","1.17548","1000.00","Buy","","1.17494","","1.17584","","","","","","","","",""
"62763","2025-09-24 22:06:02 -12","MARKET_IF_TOUCHED_ORDER","CLIENT_ORDER","EUR/USD","1.17440","1000.00","Sell","","1.17494","","1.17404","","","","","","","","",""
"62764","2025-09-24 22:06:03 -12","MARKET_IF_TOUCHED_ORDER","CLIENT_ORDER","EUR/USD","1.17598","1000.00","Buy","","1.17544","","1.17634","","","","","","","","",""
"62765","2025-09-24 22:06:03 -12","MARKET_IF_TOUCHED_ORDER","CLIENT_ORDER","EUR/USD","1.17390","1000.00","Sell","","1.17444","","1.17354","","","","","","","","",""
"62766","2025-09-24 22:06:03 -12","MARKET_IF_TOUCHED_ORDER","CLIENT_ORDER","EUR/USD","1.17648","1000.00","Buy","","1.17594","","1.17684","","","","","","","","",""
"62767","2025-09-24 22:06:03 -12","MARKET_IF_TOUCHED_ORDER","CLIENT_ORDER","EUR/USD","1.17340","1000.00","Sell","","1.17394","","1.17304","","","","","","","","",""
"62768","2025-09-24 22:06:04 -12","MARKET_IF_TOUCHED_ORDER","CLIENT_ORDER","EUR/USD","1.17698","1000.00","Buy","","1.17644","","1.17734","","","","","","","","",""
"62769","2025-09-24 22:06:04 -12","MARKET_IF_TOUCHED_ORDER","CLIENT_ORDER","EUR/USD","1.17290","1000.00","Sell","","1.17344","","1.17254","","","","","","","","",""
"62770","2025-09-24 22:06:04 -12","MARKET_IF_TOUCHED_ORDER","CLIENT_ORDER","EUR/USD","1.17748","1000.00","Buy","","1.17694","","1.17784","","","","","","","","",""
"62771","2025-09-24 22:06:05 -12","MARKET_IF_TOUCHED_ORDER","CLIENT_ORDER","EUR/USD","1.17240","1000.00","Sell","","1.17294","","1.17204","","","","","","","","",""
"62772","2025-09-24 22:08:05 -12","ORDER_CANCEL","CLIENT_REQUEST","","","","","","","","","","","","","","","","",""
"62773","2025-09-24 22:08:05 -12","ORDER_CANCEL","CLIENT_REQUEST","","","","","","","","","","","","","","","","",""
"62774","2025-09-24 22:08:06 -12","ORDER_CANCEL","CLIENT_REQUEST","","","","","","","","","","","","","","","","",""
"62775","2025-09-24 22:08:06 -12","ORDER_CANCEL","CLIENT_REQUEST","","","","","","","","","","","","","","","","",""
"62776","2025-09-24 22:08:06 -12","ORDER_CANCEL","CLIENT_REQUEST","","","","","","","","","","","","","","","","",""
"62777","2025-09-24 22:08:06 -12","ORDER_CANCEL","CLIENT_REQUEST","","","","","","","","","","","","","","","","",""
"62778","2025-09-24 22:08:07 -12","ORDER_CANCEL","CLIENT_REQUEST","","","","","","","","","","","","","","","","",""
"62779","2025-09-24 22:08:07 -12","ORDER_CANCEL","CLIENT_REQUEST","","","","","","","","","","","","","","","","",""
"62780","2025-09-24 22:08:07 -12","ORDER_CANCEL","CLIENT_REQUEST","","","","","","","","","","","","","","","","",""
"62781","2025-09-24 22:08:07 -12","ORDER_CANCEL","CLIENT_REQUEST","","","","","","","","","","","","","","","","",""
"62782","2025-09-24 22:08:09 -12","MARKET_IF_TOUCHED_ORDER","CLIENT_ORDER","EUR/USD","1.17548","1000.00","Buy","","1.17494","","1.17584","","","","","","","","",""
"62783","2025-09-24 22:08:09 -12","MARKET_IF_TOUCHED_ORDER","CLIENT_ORDER","EUR/USD","1.17440","1000.00","Sell","","1.17494","","1.17404","","","","","","","","",""
"62784","2025-09-24 22:08:09 -12","MARKET_IF_TOUCHED_ORDER","CLIENT_ORDER","EUR/USD","1.17598","1000.00","Buy","","1.17544","","1.17634","","","","","","","","",""
"62785","2025-09-24 22:08:10 -12","MARKET_IF_TOUCHED_ORDER","CLIENT_ORDER","EUR/USD","1.17390","1000.00","Sell","","1.17444","","1.17354","","","","","","","","",""
"62786","2025-09-24 22:08:10 -12","MARKET_IF_TOUCHED_ORDER","CLIENT_ORDER","EUR/USD","1.17648","1000.00","Buy","","1.17594","","1.17684","","","","","","","","",""
"62787","2025-09-24 22:08:10 -12","MARKET_IF_TOUCHED_ORDER","CLIENT_ORDER","EUR/USD","1.17340","1000.00","Sell","","1.17394","","1.17304","","","","","","","","",""
"62788","2025-09-24 22:08:10 -12","MARKET_IF_TOUCHED_ORDER","CLIENT_ORDER","EUR/USD","1.17698","1000.00","Buy","","1.17644","","1.17734","","","","","","","","",""
"62789","2025-09-24 22:08:11 -12","MARKET_IF_TOUCHED_ORDER","CLIENT_ORDER","EUR/USD","1.17290","1000.00","Sell","","1.17344","","1.17254","","","","","","","","",""
"62790","2025-09-24 22:08:11 -12","MARKET_IF_TOUCHED_ORDER","CLIENT_ORDER","EUR/USD","1.17748","1000.00","Buy","","1.17694","","1.17784","","","","","","","","",""
"62791","2025-09-24 22:08:11 -12","MARKET_IF_TOUCHED_ORDER","CLIENT_ORDER","EUR/USD","1.17240","1000.00","Sell","","1.17294","","1.17204","","","","","","","","",""
"62792","2025-09-24 22:10:12 -12","ORDER_CANCEL","CLIENT_REQUEST","","","","","","","","","","","","","","","","",""
"62793","2025-09-24 22:10:12 -12","ORDER_CANCEL","CLIENT_REQUEST","","","","","","","","","","","","","","","","",""
"62794","2025-09-24 22:10:12 -12","ORDER_CANCEL","CLIENT_REQUEST","","","","","","","","","","","","","","","","",""
"62795","2025-09-24 22:10:12 -12","ORDER_CANCEL","CLIENT_REQUEST","","","","","","","","","","","","","","","","",""
"62796","2025-09-24 22:10:13 -12","ORDER_CANCEL","CLIENT_REQUEST","","","","","","","","","","","","","","","","",""
"62797","2025-09-24 22:10:13 -12","ORDER_CANCEL","CLIENT_REQUEST","","","","","","","","","","","","","","","","",""
"62798","2025-09-24 22:10:13 -12","ORDER_CANCEL","CLIENT_REQUEST","","","","","","","","","","","","","","","","",""
"62799","2025-09-24 22:10:13 -12","ORDER_CANCEL","CLIENT_REQUEST","","","","","","","","","","","","","","","","",""
"62800","2025-09-24 22:10:14 -12","ORDER_CANCEL","CLIENT_REQUEST","","","","","","","","","","","","","","","","",""
"62801","2025-09-24 22:10:14 -12","ORDER_CANCEL","CLIENT_REQUEST","","","","","","","","","","","","","","","","",""
"62802","2025-09-24 22:10:15 -12","MARKET_IF_TOUCHED_ORDER","CLIENT_ORDER","EUR/USD","1.17548","1000.00","Buy","","1.17495","","1.17583","","","","","","","","",""
"62803","2025-09-24 22:10:16 -12","MARKET_IF_TOUCHED_ORDER","CLIENT_ORDER","EUR/USD","1.17440","1000.00","Sell","","1.17493","","1.17405","","","","","","","","",""
"62804","2025-09-24 22:10:16 -12","MARKET_IF_TOUCHED_ORDER","CLIENT_ORDER","EUR/USD","1.17598","1000.00","Buy","","1.17545","","1.17633","","","","","","","","",""
"62805","2025-09-24 22:10:16 -12","MARKET_IF_TOUCHED_ORDER","CLIENT_ORDER","EUR/USD","1.17390","1000.00","Sell","","1.17443","","1.17355","","","","","","","","",""
"62806","2025-09-24 22:10:16 -12","MARKET_IF_TOUCHED_ORDER","CLIENT_ORDER","EUR/USD","1.17648","1000.00","Buy","","1.17595","","1.17683","","","","","","","","",""
"62807","2025-09-24 22:10:17 -12","MARKET_IF_TOUCHED_ORDER","CLIENT_ORDER","EUR/USD","1.17340","1000.00","Sell","","1.17393","","1.17305","","","","","","","","",""
"62808","2025-09-24 22:10:17 -12","MARKET_IF_TOUCHED_ORDER","CLIENT_ORDER","EUR/USD","1.17698","1000.00","Buy","","1.17645","","1.17733","","","","","","","","",""
"62809","2025-09-24 22:10:17 -12","MARKET_IF_TOUCHED_ORDER","CLIENT_ORDER","EUR/USD","1.17290","1000.00","Sell","","1.17343","","1.17255","","","","","","","","",""
"62810","2025-09-24 22:10:17 -12","MARKET_IF_TOUCHED_ORDER","CLIENT_ORDER","EUR/USD","1.17748","1000.00","Buy","","1.17695","","1.17783","","","","","","","","",""
"62811","2025-09-24 22:10:18 -12","MARKET_IF_TOUCHED_ORDER","CLIENT_ORDER","EUR/USD","1.17240","1000.00","Sell","","1.17293","","1.17205","","","","","","","","",""
"62812","2025-09-24 22:12:18 -12","ORDER_CANCEL","CLIENT_REQUEST","","","","","","","","","","","","","","","","",""
"62813","2025-09-24 22:12:18 -12","ORDER_CANCEL","CLIENT_REQUEST","","","","","","","","","","","","","","","","",""
"62814","2025-09-24 22:12:19 -12","ORDER_CANCEL","CLIENT_REQUEST","","","","","","","","","","","","","","","","",""
"62815","2025-09-24 22:12:19 -12","ORDER_CANCEL","CLIENT_REQUEST","","","","","","","","","","","","","","","","",""
"62816","2025-09-24 22:12:19 -12","ORDER_CANCEL","CLIENT_REQUEST","","","","","","","","","","","","","","","","",""
"62817","2025-09-24 22:12:19 -12","ORDER_CANCEL","CLIENT_REQUEST","","","","","","","","","","","","","","","","",""
"62818","2025-09-24 22:12:20 -12","ORDER_CANCEL","CLIENT_REQUEST","","","","","","","","","","","","","","","","",""
"62819","2025-09-24 22:12:20 -12","ORDER_CANCEL","CLIENT_REQUEST","","","","","","","","","","","","","","","","",""
"62820","2025-09-24 22:12:20 -12","ORDER_CANCEL","CLIENT_REQUEST","","","","","","","","","","","","","","","","",""
"62821","2025-09-24 22:12:20 -12","ORDER_CANCEL","CLIENT_REQUEST","","","","","","","","","","","","","","","","",""
"62822","2025-09-24 22:12:22 -12","MARKET_IF_TOUCHED_ORDER","CLIENT_ORDER","EUR/USD","1.17548","1000.00","Buy","","1.17495","","1.17583","","","","","","","","",""
"62823","2025-09-24 22:12:22 -12","MARKET_IF_TOUCHED_ORDER","CLIENT_ORDER","EUR/USD","1.17440","1000.00","Sell","","1.17493","","1.17405","","","","","","","","",""
"62824","2025-09-24 22:12:22 -12","MARKET_IF_TOUCHED_ORDER","CLIENT_ORDER","EUR/USD","1.17598","1000.00","Buy","","1.17545","","1.17633","","","","","","","","",""
"62825","2025-09-24 22:12:23 -12","MARKET_IF_TOUCHED_ORDER","CLIENT_ORDER","EUR/USD","1.17390","1000.00","Sell","","1.17443","","1.17355","","","","","","","","",""
"62826","2025-09-24 22:12:23 -12","MARKET_IF_TOUCHED_ORDER","CLIENT_ORDER","EUR/USD","1.17648","1000.00","Buy","","1.17595","","1.17683","","","","","","","","",""
"62827","2025-09-24 22:12:23 -12","MARKET_IF_TOUCHED_ORDER","CLIENT_ORDER","EUR/USD","1.17340","1000.00","Sell","","1.17393","","1.17305","","","","","","","","",""
"62828","2025-09-24 22:12:23 -12","MARKET_IF_TOUCHED_ORDER","CLIENT_ORDER","EUR/USD","1.17698","1000.00","Buy","","1.17645","","1.17733","","","","","","","","",""
"62829","2025-09-24 22:12:24 -12","MARKET_IF_TOUCHED_ORDER","CLIENT_ORDER","EUR/USD","1.17290","1000.00","Sell","","1.17343","","1.17255","","","","","","","","",""
"62830","2025-09-24 22:12:24 -12","MARKET_IF_TOUCHED_ORDER","CLIENT_ORDER","EUR/USD","1.17748","1000.00","Buy","","1.17695","","1.17783","","","","","","","","",""
"62831","2025-09-24 22:12:24 -12","MARKET_IF_TOUCHED_ORDER","CLIENT_ORDER","EUR/USD","1.17240","1000.00","Sell","","1.17293","","1.17205","","","","","","","","",""
"62832","2025-09-24 22:14:25 -12","ORDER_CANCEL","CLIENT_REQUEST","","","","","","","","","","","","","","","","",""
"62833","2025-09-24 22:14:25 -12","ORDER_CANCEL","CLIENT_REQUEST","","","","","","","","","","","","","","","","",""
"62834","2025-09-24 22:14:25 -12","ORDER_CANCEL","CLIENT_REQUEST","","","","","","","","","","","","","","","","",""
"62835","2025-09-24 22:14:25 -12","ORDER_CANCEL","CLIENT_REQUEST","","","","","","","","","","","","","","","","",""
"62836","2025-09-24 22:14:26 -12","ORDER_CANCEL","CLIENT_REQUEST","","","","","","","","","","","","","","","","",""
"62837","2025-09-24 22:14:26 -12","ORDER_CANCEL","CLIENT_REQUEST","","","","","","","","","","","","","","","","",""
"62838","2025-09-24 22:14:26 -12","ORDER_CANCEL","CLIENT_REQUEST","","","","","","","","","","","","","","","","",""
"62839","2025-09-24 22:14:26 -12","ORDER_CANCEL","CLIENT_REQUEST","","","","","","","","","","","","","","","","",""
"62840","2025-09-24 22:14:27 -12","ORDER_CANCEL","CLIENT_REQUEST","","","","","","","","","","","","","","","","",""
"62841","2025-09-24 22:14:27 -12","ORDER_CANCEL","CLIENT_REQUEST","","","","","","","","","","","","","","","","",""
"62842","2025-09-24 22:14:28 -12","MARKET_IF_TOUCHED_ORDER","CLIENT_ORDER","EUR/USD","1.17548","1000.00","Buy","","1.17495","","1.17583","","","","","","","","",""
"62843","2025-09-24 22:14:29 -12","MARKET_IF_TOUCHED_ORDER","CLIENT_ORDER","EUR/USD","1.17440","1000.00","Sell","","1.17493","","1.17405","","","","","","","","",""
"62844","2025-09-24 22:14:29 -12","MARKET_IF_TOUCHED_ORDER","CLIENT_ORDER","EUR/USD","1.17598","1000.00","Buy","","1.17545","","1.17633","","","","","","","","",""
"62845","2025-09-24 22:14:29 -12","MARKET_IF_TOUCHED_ORDER","CLIENT_ORDER","EUR/USD","1.17390","1000.00","Sell","","1.17443","","1.17355","","","","","","","","",""
"62846","2025-09-24 22:14:29 -12","MARKET_IF_TOUCHED_ORDER","CLIENT_ORDER","EUR/USD","1.17648","1000.00","Buy","","1.17595","","1.17683","","","","","","","","",""
"62847","2025-09-24 22:14:30 -12","MARKET_IF_TOUCHED_ORDER","CLIENT_ORDER","EUR/USD","1.17340","1000.00","Sell","","1.17393","","1.17305","","","","","","","","",""
"62848","2025-09-24 22:14:30 -12","MARKET_IF_TOUCHED_ORDER","CLIENT_ORDER","EUR/USD","1.17698","1000.00","Buy","","1.17645","","1.17733","","","","","","","","",""
"62849","2025-09-24 22:14:30 -12","MARKET_IF_TOUCHED_ORDER","CLIENT_ORDER","EUR/USD","1.17290","1000.00","Sell","","1.17343","","1.17255","","","","","","","","",""
"62850","2025-09-24 22:14:30 -12","MARKET_IF_TOUCHED_ORDER","CLIENT_ORDER","EUR/USD","1.17748","1000.00","Buy","","1.17695","","1.17783","","","","","","","","",""
"62851","2025-09-24 22:14:31 -12","MARKET_IF_TOUCHED_ORDER","CLIENT_ORDER","EUR/USD","1.17240","1000.00","Sell","","1.17293","","1.17205","","","","","","","","",""
"62852","2025-09-24 22:16:38 -12","ORDER_CANCEL","CLIENT_REQUEST","","","","","","","","","","","","","","","","",""
"62853","2025-09-24 22:16:38 -12","ORDER_CANCEL","CLIENT_REQUEST","","","","","","","","","","","","","","","","",""
"62854","2025-09-24 22:16:39 -12","ORDER_CANCEL","CLIENT_REQUEST","","","","","","","","","","","","","","","","",""
"62855","2025-09-24 22:16:39 -12","ORDER_CANCEL","CLIENT_REQUEST","","","","","","","","","","","","","","","","",""
"62856","2025-09-24 22:16:39 -12","ORDER_CANCEL","CLIENT_REQUEST","","","","","","","","","","","","","","","","",""
"62857","2025-09-24 22:16:39 -12","ORDER_CANCEL","CLIENT_REQUEST","","","","","","","","","","","","","","","","",""
"62858","2025-09-24 22:16:40 -12","ORDER_CANCEL","CLIENT_REQUEST","","","","","","","","","","","","","","","","",""
"62859","2025-09-24 22:16:40 -12","ORDER_CANCEL","CLIENT_REQUEST","","","","","","","","","","","","","","","","",""
"62860","2025-09-24 22:16:40 -12","ORDER_CANCEL","CLIENT_REQUEST","","","","","","","","","","","","","","","","",""
"62861","2025-09-24 22:16:41 -12","ORDER_CANCEL","CLIENT_REQUEST","","","","","","","","","","","","","","","","",""
"62862","2025-09-24 22:16:42 -12","MARKET_IF_TOUCHED_ORDER","CLIENT_ORDER","EUR/USD","1.17548","1000.00","Buy","","1.17499","","1.17581","","","","","","","","",""
"62863","2025-09-24 22:16:42 -12","MARKET_IF_TOUCHED_ORDER","CLIENT_ORDER","EUR/USD","1.17440","1000.00","Sell","","1.17489","","1.17407","","","","","","","","",""
"62864","2025-09-24 22:16:43 -12","MARKET_IF_TOUCHED_ORDER","CLIENT_ORDER","EUR/USD","1.17598","1000.00","Buy","","1.17549","","1.17631","","","","","","","","",""
"62865","2025-09-24 22:16:43 -12","MARKET_IF_TOUCHED_ORDER","CLIENT_ORDER","EUR/USD","1.17390","1000.00","Sell","","1.17439","","1.17357","","","","","","","","",""
"62866","2025-09-24 22:16:43 -12","MARKET_IF_TOUCHED_ORDER","CLIENT_ORDER","EUR/USD","1.17648","1000.00","Buy","","1.17599","","1.17681","","","","","","","","",""
"62867","2025-09-24 22:16:43 -12","MARKET_IF_TOUCHED_ORDER","CLIENT_ORDER","EUR/USD","1.17340","1000.00","Sell","","1.17389","","1.17307","","","","","","","","",""
"62868","2025-09-24 22:16:44 -12","MARKET_IF_TOUCHED_ORDER","CLIENT_ORDER","EUR/USD","1.17698","1000.00","Buy","","1.17649","","1.17731","","","","","","","","",""
"62869","2025-09-24 22:16:44 -12","MARKET_IF_TOUCHED_ORDER","CLIENT_ORDER","EUR/USD","1.17290","1000.00","Sell","","1.17339","","1.17257","","","","","","","","",""
"62870","2025-09-24 22:16:44 -12","MARKET_IF_TOUCHED_ORDER","CLIENT_ORDER","EUR/USD","1.17748","1000.00","Buy","","1.17699","","1.17781","","","","","","","","",""
"62871","2025-09-24 22:16:44 -12","MARKET_IF_TOUCHED_ORDER","CLIENT_ORDER","EUR/USD","1.17240","1000.00","Sell","","1.17289","","1.17207","","","","","","","","",""
"62872","2025-09-24 22:18:45 -12","ORDER_CANCEL","CLIENT_REQUEST","","","","","","","","","","","","","","","","",""
"62873","2025-09-24 22:18:46 -12","ORDER_CANCEL","CLIENT_REQUEST","","","","","","","","","","","","","","","","",""
"62874","2025-09-24 22:18:46 -12","ORDER_CANCEL","CLIENT_REQUEST","","","","","","","","","","","","","","","","",""
"62875","2025-09-24 22:18:46 -12","ORDER_CANCEL","CLIENT_REQUEST","","","","","","","","","","","","","","","","",""
"62876","2025-09-24 22:18:46 -12","ORDER_CANCEL","CLIENT_REQUEST","","","","","","","","","","","","","","","","",""
"62877","2025-09-24 22:18:47 -12","ORDER_CANCEL","CLIENT_REQUEST","","","","","","","","","","","","","","","","",""
"62878","2025-09-24 22:18:47 -12","ORDER_CANCEL","CLIENT_REQUEST","","","","","","","","","","","","","","","","",""
"62879","2025-09-24 22:18:48 -12","ORDER_CANCEL","CLIENT_REQUEST","","","","","","","","","","","","","","","","",""
"62880","2025-09-24 22:18:48 -12","ORDER_CANCEL","CLIENT_REQUEST","","","","","","","","","","","","","","","","",""
"62881","2025-09-24 22:18:48 -12","ORDER_CANCEL","CLIENT_REQUEST","","","","","","","","","","","","","","","","",""
"62882","2025-09-24 22:18:50 -12","MARKET_IF_TOUCHED_ORDER","CLIENT_ORDER","EUR/USD","1.17548","1000.00","Buy","","1.17499","","1.17581","","","","","","","","",""
"62883","2025-09-24 22:18:50 -12","MARKET_IF_TOUCHED_ORDER","CLIENT_ORDER","EUR/USD","1.17440","1000.00","Sell","","1.17489","","1.17407","","","","","","","","",""
"62884","2025-09-24 22:18:50 -12","MARKET_IF_TOUCHED_ORDER","CLIENT_ORDER","EUR/USD","1.17598","1000.00","Buy","","1.17549","","1.17631","","","","","","","","",""
"62885","2025-09-24 22:18:50 -12","MARKET_IF_TOUCHED_ORDER","CLIENT_ORDER","EUR/USD","1.17390","1000.00","Sell","","1.17439","","1.17357","","","","","","","","",""
"62886","2025-09-24 22:18:51 -12","MARKET_IF_TOUCHED_ORDER","CLIENT_ORDER","EUR/USD","1.17648","1000.00","Buy","","1.17599","","1.17681","","","","","","","","",""
"62887","2025-09-24 22:18:51 -12","MARKET_IF_TOUCHED_ORDER","CLIENT_ORDER","EUR/USD","1.17340","1000.00","Sell","","1.17389","","1.17307","","","","","","","","",""
"62888","2025-09-24 22:18:51 -12","MARKET_IF_TOUCHED_ORDER","CLIENT_ORDER","EUR/USD","1.17698","1000.00","Buy","","1.17649","","1.17731","","","","","","","","",""
"62889","2025-09-24 22:18:51 -12","MARKET_IF_TOUCHED_ORDER","CLIENT_ORDER","EUR/USD","1.17290","1000.00","Sell","","1.17339","","1.17257","","","","","","","","",""
"62890","2025-09-24 22:18:52 -12","MARKET_IF_TOUCHED_ORDER","CLIENT_ORDER","EUR/USD","1.17748","1000.00","Buy","","1.17699","","1.17781","","","","","","","","",""
"62891","2025-09-24 22:18:52 -12","MARKET_IF_TOUCHED_ORDER","CLIENT_ORDER","EUR/USD","1.17240","1000.00","Sell","","1.17289","","1.17207","","","","","","","","",""
"62892","2025-09-24 22:20:53 -12","ORDER_CANCEL","CLIENT_REQUEST","","","","","","","","","","","","","","","","",""
"62893","2025-09-24 22:20:54 -12","ORDER_CANCEL","CLIENT_REQUEST","","","","","","","","","","","","","","","","",""
"62894","2025-09-24 22:20:54 -12","ORDER_CANCEL","CLIENT_REQUEST","","","","","","","","","","","","","","","","",""
"62895","2025-09-24 22:20:54 -12","ORDER_CANCEL","CLIENT_REQUEST","","","","","","","","","","","","","","","","",""
"62896","2025-09-24 22:20:54 -12","ORDER_CANCEL","CLIENT_REQUEST","","","","","","","","","","","","","","","","",""
"62897","2025-09-24 22:20:55 -12","ORDER_CANCEL","CLIENT_REQUEST","","","","","","","","","","","","","","","","",""
"62898","2025-09-24 22:20:55 -12","ORDER_CANCEL","CLIENT_REQUEST","","","","","","","","","","","","","","","","",""
"62899","2025-09-24 22:20:55 -12","ORDER_CANCEL","CLIENT_REQUEST","","","","","","","","","","","","","","","","",""
"62900","2025-09-24 22:20:55 -12","ORDER_CANCEL","CLIENT_REQUEST","","","","","","","","","","","","","","","","",""
"62901","2025-09-24 22:20:56 -12","ORDER_CANCEL","CLIENT_REQUEST","","","","","","","","","","","","","","","","",""
"62902","2025-09-24 22:20:57 -12","MARKET_IF_TOUCHED_ORDER","CLIENT_ORDER","EUR/USD","1.17548","1000.00","Buy","","1.17501","","1.17579","","","","","","","","",""
"62903","2025-09-24 22:20:57 -12","MARKET_IF_TOUCHED_ORDER","CLIENT_ORDER","EUR/USD","1.17440","1000.00","Sell","","1.17487","","1.17409","","","","","","","","",""
"62904","2025-09-24 22:20:58 -12","MARKET_IF_TOUCHED_ORDER","CLIENT_ORDER","EUR/USD","1.17598","1000.00","Buy","","1.17551","","1.17629","","","","","","","","",""
"62905","2025-09-24 22:20:58 -12","MARKET_IF_TOUCHED_ORDER","CLIENT_ORDER","EUR/USD","1.17390","1000.00","Sell","","1.17437","","1.17359","","","","","","","","",""
"62906","2025-09-24 22:20:58 -12","MARKET_IF_TOUCHED_ORDER","CLIENT_ORDER","EUR/USD","1.17648","1000.00","Buy","","1.17601","","1.17679","","","","","","","","",""
"62907","2025-09-24 22:20:58 -12","MARKET_IF_TOUCHED_ORDER","CLIENT_ORDER","EUR/USD","1.17340","1000.00","Sell","","1.17387","","1.17309","","","","","","","","",""
"62908","2025-09-24 22:20:59 -12","MARKET_IF_TOUCHED_ORDER","CLIENT_ORDER","EUR/USD","1.17698","1000.00","Buy","","1.17651","","1.17729","","","","","","","","",""
"62909","2025-09-24 22:20:59 -12","MARKET_IF_TOUCHED_ORDER","CLIENT_ORDER","EUR/USD","1.17290","1000.00","Sell","","1.17337","","1.17259","","","","","","","","",""
"62910","2025-09-24 22:20:59 -12","MARKET_IF_TOUCHED_ORDER","CLIENT_ORDER","EUR/USD","1.17748","1000.00","Buy","","1.17701","","1.17779","","","","","","","","",""
"62911","2025-09-24 22:20:59 -12","MARKET_IF_TOUCHED_ORDER","CLIENT_ORDER","EUR/USD","1.17240","1000.00","Sell","","1.17287","","1.17209","","","","","","","","",""
"62912","2025-09-24 22:23:00 -12","ORDER_CANCEL","CLIENT_REQUEST","","","","","","","","","","","","","","","","",""
"62913","2025-09-24 22:23:00 -12","ORDER_CANCEL","CLIENT_REQUEST","","","","","","","","","","","","","","","","",""
"62914","2025-09-24 22:23:00 -12","ORDER_CANCEL","CLIENT_REQUEST","","","","","","","","","","","","","","","","",""
"62915","2025-09-24 22:23:01 -12","ORDER_CANCEL","CLIENT_REQUEST","","","","","","","","","","","","","","","","",""
"62916","2025-09-24 22:23:01 -12","ORDER_CANCEL","CLIENT_REQUEST","","","","","","","","","","","","","","","","",""
"62917","2025-09-24 22:23:01 -12","ORDER_CANCEL","CLIENT_REQUEST","","","","","","","","","","","","","","","","",""
"62918","2025-09-24 22:23:02 -12","ORDER_CANCEL","CLIENT_REQUEST","","","","","","","","","","","","","","","","",""
"62919","2025-09-24 22:23:02 -12","ORDER_CANCEL","CLIENT_REQUEST","","","","","","","","","","","","","","","","",""
"62920","2025-09-24 22:23:02 -12","ORDER_CANCEL","CLIENT_REQUEST","","","","","","","","","","","","","","","","",""
"62921","2025-09-24 22:23:02 -12","ORDER_CANCEL","CLIENT_REQUEST","","","","","","","","","","","","","","","","",""
"62922","2025-09-24 22:23:04 -12","MARKET_IF_TOUCHED_ORDER","CLIENT_ORDER","EUR/USD","1.17548","1000.00","Buy","","1.17501","","1.17579","","","","","","","","",""
"62923","2025-09-24 22:23:04 -12","MARKET_IF_TOUCHED_ORDER","CLIENT_ORDER","EUR/USD","1.17440","1000.00","Sell","","1.17487","","1.17409","","","","","","","","",""
"62924","2025-09-24 22:23:04 -12","MARKET_IF_TOUCHED_ORDER","CLIENT_ORDER","EUR/USD","1.17598","1000.00","Buy","","1.17551","","1.17629","","","","","","","","",""
"62925","2025-09-24 22:23:05 -12","MARKET_IF_TOUCHED_ORDER","CLIENT_ORDER","EUR/USD","1.17390","1000.00","Sell","","1.17437","","1.17359","","","","","","","","",""
"62926","2025-09-24 22:23:05 -12","MARKET_IF_TOUCHED_ORDER","CLIENT_ORDER","EUR/USD","1.17648","1000.00","Buy","","1.17601","","1.17679","","","","","","","","",""
"62927","2025-09-24 22:23:05 -12","MARKET_IF_TOUCHED_ORDER","CLIENT_ORDER","EUR/USD","1.17340","1000.00","Sell","","1.17387","","1.17309","","","","","","","","",""
"62928","2025-09-24 22:23:05 -12","MARKET_IF_TOUCHED_ORDER","CLIENT_ORDER","EUR/USD","1.17698","1000.00","Buy","","1.17651","","1.17729","","","","","","","","",""
"62929","2025-09-24 22:23:06 -12","MARKET_IF_TOUCHED_ORDER","CLIENT_ORDER","EUR/USD","1.17290","1000.00","Sell","","1.17337","","1.17259","","","","","","","","",""
"62930","2025-09-24 22:23:06 -12","MARKET_IF_TOUCHED_ORDER","CLIENT_ORDER","EUR/USD","1.17748","1000.00","Buy","","1.17701","","1.17779","","","","","","","","",""
"62931","2025-09-24 22:23:06 -12","MARKET_IF_TOUCHED_ORDER","CLIENT_ORDER","EUR/USD","1.17240","1000.00","Sell","","1.17287","","1.17209","","","","","","","","",""
"62932","2025-09-24 22:25:07 -12","ORDER_CANCEL","CLIENT_REQUEST","","","","","","","","","","","","","","","","",""
"62933","2025-09-24 22:25:07 -12","ORDER_CANCEL","CLIENT_REQUEST","","","","","","","","","","","","","","","","",""
"62934","2025-09-24 22:25:07 -12","ORDER_CANCEL","CLIENT_REQUEST","","","","","","","","","","","","","","","","",""
"62935","2025-09-24 22:25:07 -12","ORDER_CANCEL","CLIENT_REQUEST","","","","","","","","","","","","","","","","",""
"62936","2025-09-24 22:25:08 -12","ORDER_CANCEL","CLIENT_REQUEST","","","","","","","","","","","","","","","","",""
"62937","2025-09-24 22:25:08 -12","ORDER_CANCEL","CLIENT_REQUEST","","","","","","","","","","","","","","","","",""
"62938","2025-09-24 22:25:08 -12","ORDER_CANCEL","CLIENT_REQUEST","","","","","","","","","","","","","","","","",""
"62939","2025-09-24 22:25:09 -12","ORDER_CANCEL","CLIENT_REQUEST","","","","","","","","","","","","","","","","",""
"62940","2025-09-24 22:25:09 -12","ORDER_CANCEL","CLIENT_REQUEST","","","","","","","","","","","","","","","","",""
"62941","2025-09-24 22:25:09 -12","ORDER_CANCEL","CLIENT_REQUEST","","","","","","","","","","","","","","","","",""
"62942","2025-09-24 22:25:10 -12","MARKET_IF_TOUCHED_ORDER","CLIENT_ORDER","EUR/USD","1.17548","1000.00","Buy","","1.17500","","1.17580","","","","","","","","",""
"62943","2025-09-24 22:25:11 -12","MARKET_IF_TOUCHED_ORDER","CLIENT_ORDER","EUR/USD","1.17440","1000.00","Sell","","1.17488","","1.17408","","","","","","","","",""
"62944","2025-09-24 22:25:11 -12","MARKET_IF_TOUCHED_ORDER","CLIENT_ORDER","EUR/USD","1.17598","1000.00","Buy","","1.17550","","1.17630","","","","","","","","",""
"62945","2025-09-24 22:25:11 -12","MARKET_IF_TOUCHED_ORDER","CLIENT_ORDER","EUR/USD","1.17390","1000.00","Sell","","1.17438","","1.17358","","","","","","","","",""
"62946","2025-09-24 22:25:12 -12","MARKET_IF_TOUCHED_ORDER","CLIENT_ORDER","EUR/USD","1.17648","1000.00","Buy","","1.17600","","1.17680","","","","","","","","",""
"62947","2025-09-24 22:25:12 -12","MARKET_IF_TOUCHED_ORDER","CLIENT_ORDER","EUR/USD","1.17340","1000.00","Sell","","1.17388","","1.17308","","","","","","","","",""
"62948","2025-09-24 22:25:12 -12","MARKET_IF_TOUCHED_ORDER","CLIENT_ORDER","EUR/USD","1.17698","1000.00","Buy","","1.17650","","1.17730","","","","","","","","",""
"62949","2025-09-24 22:25:12 -12","MARKET_IF_TOUCHED_ORDER","CLIENT_ORDER","EUR/USD","1.17290","1000.00","Sell","","1.17338","","1.17258","","","","","","","","",""
"62950","2025-09-24 22:25:13 -12","MARKET_IF_TOUCHED_ORDER","CLIENT_ORDER","EUR/USD","1.17748","1000.00","Buy","","1.17700","","1.17780","","","","","","","","",""
"62951","2025-09-24 22:25:13 -12","MARKET_IF_TOUCHED_ORDER","CLIENT_ORDER","EUR/USD","1.17240","1000.00","Sell","","1.17288","","1.17208","","","","","","","","",""
"62952","2025-09-24 22:27:14 -12","ORDER_CANCEL","CLIENT_REQUEST","","","","","","","","","","","","","","","","",""
"62953","2025-09-24 22:27:14 -12","ORDER_CANCEL","CLIENT_REQUEST","","","","","","","","","","","","","","","","",""
"62954","2025-09-24 22:27:14 -12","ORDER_CANCEL","CLIENT_REQUEST","","","","","","","","","","","","","","","","",""
"62955","2025-09-24 22:27:14 -12","ORDER_CANCEL","CLIENT_REQUEST","","","","","","","","","","","","","","","","",""
"62956","2025-09-24 22:27:15 -12","ORDER_CANCEL","CLIENT_REQUEST","","","","","","","","","","","","","","","","",""
"62957","2025-09-24 22:27:15 -12","ORDER_CANCEL","CLIENT_REQUEST","","","","","","","","","","","","","","","","",""
"62958","2025-09-24 22:27:15 -12","ORDER_CANCEL","CLIENT_REQUEST","","","","","","","","","","","","","","","","",""
"62959","2025-09-24 22:27:15 -12","ORDER_CANCEL","CLIENT_REQUEST","","","","","","","","","","","","","","","","",""
"62960","2025-09-24 22:27:16 -12","ORDER_CANCEL","CLIENT_REQUEST","","","","","","","","","","","","","","","","",""
"62961","2025-09-24 22:27:16 -12","ORDER_CANCEL","CLIENT_REQUEST","","","","","","","","","","","","","","","","",""
"62962","2025-09-24 22:27:17 -12","MARKET_IF_TOUCHED_ORDER","CLIENT_ORDER","EUR/USD","1.17548","1000.00","Buy","","1.17500","","1.17580","","","","","","","","",""
"62963","2025-09-24 22:27:18 -12","MARKET_IF_TOUCHED_ORDER","CLIENT_ORDER","EUR/USD","1.17440","1000.00","Sell","","1.17488","","1.17408","","","","","","","","",""
"62964","2025-09-24 22:27:18 -12","MARKET_IF_TOUCHED_ORDER","CLIENT_ORDER","EUR/USD","1.17598","1000.00","Buy","","1.17550","","1.17630","","","","","","","","",""
"62965","2025-09-24 22:27:18 -12","MARKET_IF_TOUCHED_ORDER","CLIENT_ORDER","EUR/USD","1.17390","1000.00","Sell","","1.17438","","1.17358","","","","","","","","",""
"62966","2025-09-24 22:27:18 -12","MARKET_IF_TOUCHED_ORDER","CLIENT_ORDER","EUR/USD","1.17648","1000.00","Buy","","1.17600","","1.17680","","","","","","","","",""
"62967","2025-09-24 22:27:19 -12","MARKET_IF_TOUCHED_ORDER","CLIENT_ORDER","EUR/USD","1.17340","1000.00","Sell","","1.17388","","1.17308","","","","","","","","",""
"62968","2025-09-24 22:27:19 -12","MARKET_IF_TOUCHED_ORDER","CLIENT_ORDER","EUR/USD","1.17698","1000.00","Buy","","1.17650","","1.17730","","","","","","","","",""
"62969","2025-09-24 22:27:19 -12","MARKET_IF_TOUCHED_ORDER","CLIENT_ORDER","EUR/USD","1.17290","1000.00","Sell","","1.17338","","1.17258","","","","","","","","",""
"62970","2025-09-24 22:27:20 -12","MARKET_IF_TOUCHED_ORDER","CLIENT_ORDER","EUR/USD","1.17748","1000.00","Buy","","1.17700","","1.17780","","","","","","","","",""
"62971","2025-09-24 22:27:20 -12","MARKET_IF_TOUCHED_ORDER","CLIENT_ORDER","EUR/USD","1.17240","1000.00","Sell","","1.17288","","1.17208","","","","","","","","",""
"62972","2025-09-24 22:29:20 -12","ORDER_CANCEL","CLIENT_REQUEST","","","","","","","","","","","","","","","","",""
"62973","2025-09-24 22:29:21 -12","ORDER_CANCEL","CLIENT_REQUEST","","","","","","","","","","","","","","","","",""
"62974","2025-09-24 22:29:21 -12","ORDER_CANCEL","CLIENT_REQUEST","","","","","","","","","","","","","","","","",""
"62975","2025-09-24 22:29:21 -12","ORDER_CANCEL","CLIENT_REQUEST","","","","","","","","","","","","","","","","",""
"62976","2025-09-24 22:29:22 -12","ORDER_CANCEL","CLIENT_REQUEST","","","","","","","","","","","","","","","","",""
"62977","2025-09-24 22:29:22 -12","ORDER_CANCEL","CLIENT_REQUEST","","","","","","","","","","","","","","","","",""
"62978","2025-09-24 22:29:22 -12","ORDER_CANCEL","CLIENT_REQUEST","","","","","","","","","","","","","","","","",""
"62979","2025-09-24 22:29:22 -12","ORDER_CANCEL","CLIENT_REQUEST","","","","","","","","","","","","","","","","",""
"62980","2025-09-24 22:29:23 -12","ORDER_CANCEL","CLIENT_REQUEST","","","","","","","","","","","","","","","","",""
"62981","2025-09-24 22:29:23 -12","ORDER_CANCEL","CLIENT_REQUEST","","","","","","","","","","","","","","","","",""
"62982","2025-09-24 22:29:24 -12","MARKET_IF_TOUCHED_ORDER","CLIENT_ORDER","EUR/USD","1.17548","1000.00","Buy","","1.17500","","1.17580","","","","","","","","",""
"62983","2025-09-24 22:29:24 -12","MARKET_IF_TOUCHED_ORDER","CLIENT_ORDER","EUR/USD","1.17440","1000.00","Sell","","1.17488","","1.17408","","","","","","","","",""
"62984","2025-09-24 22:29:25 -12","MARKET_IF_TOUCHED_ORDER","CLIENT_ORDER","EUR/USD","1.17598","1000.00","Buy","","1.17550","","1.17630","","","","","","","","",""
"62985","2025-09-24 22:29:25 -12","MARKET_IF_TOUCHED_ORDER","CLIENT_ORDER","EUR/USD","1.17390","1000.00","Sell","","1.17438","","1.17358","","","","","","","","",""
"62986","2025-09-24 22:29:25 -12","MARKET_IF_TOUCHED_ORDER","CLIENT_ORDER","EUR/USD","1.17648","1000.00","Buy","","1.17600","","1.17680","","","","","","","","",""
"62987","2025-09-24 22:29:26 -12","MARKET_IF_TOUCHED_ORDER","CLIENT_ORDER","EUR/USD","1.17340","1000.00","Sell","","1.17388","","1.17308","","","","","","","","",""
"62988","2025-09-24 22:29:26 -12","MARKET_IF_TOUCHED_ORDER","CLIENT_ORDER","EUR/USD","1.17698","1000.00","Buy","","1.17650","","1.17730","","","","","","","","",""
"62989","2025-09-24 22:29:26 -12","MARKET_IF_TOUCHED_ORDER","CLIENT_ORDER","EUR/USD","1.17290","1000.00","Sell","","1.17338","","1.17258","","","","","","","","",""
"62990","2025-09-24 22:29:26 -12","MARKET_IF_TOUCHED_ORDER","CLIENT_ORDER","EUR/USD","1.17748","1000.00","Buy","","1.17700","","1.17780","","","","","","","","",""
"62991","2025-09-24 22:29:27 -12","MARKET_IF_TOUCHED_ORDER","CLIENT_ORDER","EUR/USD","1.17240","1000.00","Sell","","1.17288","","1.17208","","","","","","","","",""
"62992","2025-09-24 22:31:27 -12","ORDER_CANCEL","CLIENT_REQUEST","","","","","","","","","","","","","","","","",""
"62993","2025-09-24 22:31:27 -12","ORDER_CANCEL","CLIENT_REQUEST","","","","","","","","","","","","","","","","",""
"62994","2025-09-24 22:31:28 -12","ORDER_CANCEL","CLIENT_REQUEST","","","","","","","","","","","","","","","","",""
"62995","2025-09-24 22:31:28 -12","ORDER_CANCEL","CLIENT_REQUEST","","","","","","","","","","","","","","","","",""
"62996","2025-09-24 22:31:28 -12","ORDER_CANCEL","CLIENT_REQUEST","","","","","","","","","","","","","","","","",""
"62997","2025-09-24 22:31:28 -12","ORDER_CANCEL","CLIENT_REQUEST","","","","","","","","","","","","","","","","",""
"62998","2025-09-24 22:31:29 -12","ORDER_CANCEL","CLIENT_REQUEST","","","","","","","","","","","","","","","","",""
"62999","2025-09-24 22:31:42 -12","ORDER_CANCEL","CLIENT_REQUEST","","","","","","","","","","","","","","","","",""
"63000","2025-09-24 22:31:43 -12","ORDER_CANCEL","CLIENT_REQUEST","","","","","","","","","","","","","","","","",""
"63001","2025-09-24 22:31:43 -12","ORDER_CANCEL","CLIENT_REQUEST","","","","","","","","","","","","","","","","",""
"63002","2025-09-24 22:31:44 -12","MARKET_IF_TOUCHED_ORDER","CLIENT_ORDER","EUR/USD","1.17548","1000.00","Buy","","1.17500","","1.17580","","","","","","","","",""
"63003","2025-09-24 22:31:45 -12","MARKET_IF_TOUCHED_ORDER","CLIENT_ORDER","EUR/USD","1.17440","1000.00","Sell","","1.17488","","1.17408","","","","","","","","",""
"63004","2025-09-24 22:31:45 -12","MARKET_IF_TOUCHED_ORDER","CLIENT_ORDER","EUR/USD","1.17598","1000.00","Buy","","1.17550","","1.17630","","","","","","","","",""
"63005","2025-09-24 22:31:45 -12","MARKET_IF_TOUCHED_ORDER","CLIENT_ORDER","EUR/USD","1.17390","1000.00","Sell","","1.17438","","1.17358","","","","","","","","",""
"63006","2025-09-24 22:31:45 -12","MARKET_IF_TOUCHED_ORDER","CLIENT_ORDER","EUR/USD","1.17648","1000.00","Buy","","1.17600","","1.17680","","","","","","","","",""
"63007","2025-09-24 22:31:45 -12","MARKET_IF_TOUCHED_ORDER","CLIENT_ORDER","EUR/USD","1.17340","1000.00","Sell","","1.17388","","1.17308","","","","","","","","",""
"63008","2025-09-24 22:31:46 -12","MARKET_IF_TOUCHED_ORDER","CLIENT_ORDER","EUR/USD","1.17698","1000.00","Buy","","1.17650","","1.17730","","","","","","","","",""
"63009","2025-09-24 22:31:46 -12","MARKET_IF_TOUCHED_ORDER","CLIENT_ORDER","EUR/USD","1.17290","1000.00","Sell","","1.17338","","1.17258","","","","","","","","",""
"63010","2025-09-24 22:31:46 -12","MARKET_IF_TOUCHED_ORDER","CLIENT_ORDER","EUR/USD","1.17748","1000.00","Buy","","1.17700","","1.17780","","","","","","","","",""
"63011","2025-09-24 22:31:47 -12","MARKET_IF_TOUCHED_ORDER","CLIENT_ORDER","EUR/USD","1.17240","1000.00","Sell","","1.17288","","1.17208","","","","","","","","",""
"63012","2025-09-24 22:33:47 -12","ORDER_CANCEL","CLIENT_REQUEST","","","","","","","","","","","","","","","","",""
"63013","2025-09-24 22:33:47 -12","ORDER_CANCEL","CLIENT_REQUEST","","","","","","","","","","","","","","","","",""
"63014","2025-09-24 22:33:48 -12","ORDER_CANCEL","CLIENT_REQUEST","","","","","","","","","","","","","","","","",""
"63015","2025-09-24 22:33:48 -12","ORDER_CANCEL","CLIENT_REQUEST","","","","","","","","","","","","","","","","",""
"63016","2025-09-24 22:33:48 -12","ORDER_CANCEL","CLIENT_REQUEST","","","","","","","","","","","","","","","","",""
"63017","2025-09-24 22:33:48 -12","ORDER_CANCEL","CLIENT_REQUEST","","","","","","","","","","","","","","","","",""
"63018","2025-09-24 22:33:49 -12","ORDER_CANCEL","CLIENT_REQUEST","","","","","","","","","","","","","","","","",""
"63019","2025-09-24 22:33:49 -12","ORDER_CANCEL","CLIENT_REQUEST","","","","","","","","","","","","","","","","",""
"63020","2025-09-24 22:33:49 -12","ORDER_CANCEL","CLIENT_REQUEST","","","","","","","","","","","","","","","","",""
"63021","2025-09-24 22:33:49 -12","ORDER_CANCEL","CLIENT_REQUEST","","","","","","","","","","","","","","","","",""
"63022","2025-09-24 22:33:51 -12","MARKET_IF_TOUCHED_ORDER","CLIENT_ORDER","EUR/USD","1.17548","1000.00","Buy","","1.17500","","1.17580","","","","","","","","",""
"63023","2025-09-24 22:33:51 -12","MARKET_IF_TOUCHED_ORDER","CLIENT_ORDER","EUR/USD","1.17440","1000.00","Sell","","1.17488","","1.17408","","","","","","","","",""
"63024","2025-09-24 22:33:51 -12","MARKET_IF_TOUCHED_ORDER","CLIENT_ORDER","EUR/USD","1.17598","1000.00","Buy","","1.17550","","1.17630","","","","","","","","",""
"63025","2025-09-24 22:33:51 -12","MARKET_IF_TOUCHED_ORDER","CLIENT_ORDER","EUR/USD","1.17390","1000.00","Sell","","1.17438","","1.17358","","","","","","","","",""
"63026","2025-09-24 22:33:52 -12","MARKET_IF_TOUCHED_ORDER","CLIENT_ORDER","EUR/USD","1.17648","1000.00","Buy","","1.17600","","1.17680","","","","","","","","",""
"63027","2025-09-24 22:33:52 -12","MARKET_IF_TOUCHED_ORDER","CLIENT_ORDER","EUR/USD","1.17340","1000.00","Sell","","1.17388","","1.17308","","","","","","","","",""
"63028","2025-09-24 22:33:52 -12","MARKET_IF_TOUCHED_ORDER","CLIENT_ORDER","EUR/USD","1.17698","1000.00","Buy","","1.17650","","1.17730","","","","","","","","",""
"63029","2025-09-24 22:33:53 -12","MARKET_IF_TOUCHED_ORDER","CLIENT_ORDER","EUR/USD","1.17290","1000.00","Sell","","1.17338","","1.17258","","","","","","","","",""
"63030","2025-09-24 22:33:53 -12","MARKET_IF_TOUCHED_ORDER","CLIENT_ORDER","EUR/USD","1.17748","1000.00","Buy","","1.17700","","1.17780","","","","","","","","",""
"63031","2025-09-24 22:33:53 -12","MARKET_IF_TOUCHED_ORDER","CLIENT_ORDER","EUR/USD","1.17240","1000.00","Sell","","1.17288","","1.17208","","","","","","","","",""
"63032","2025-09-24 22:35:54 -12","ORDER_CANCEL","CLIENT_REQUEST","","","","","","","","","","","","","","","","",""
"63033","2025-09-24 22:35:55 -12","ORDER_CANCEL","CLIENT_REQUEST","","","","","","","","","","","","","","","","",""
"63034","2025-09-24 22:35:55 -12","ORDER_CANCEL","CLIENT_REQUEST","","","","","","","","","","","","","","","","",""
"63035","2025-09-24 22:35:55 -12","ORDER_CANCEL","CLIENT_REQUEST","","","","","","","","","","","","","","","","",""
"63036","2025-09-24 22:35:55 -12","ORDER_CANCEL","CLIENT_REQUEST","","","","","","","","","","","","","","","","",""
"63037","2025-09-24 22:35:56 -12","ORDER_CANCEL","CLIENT_REQUEST","","","","","","","","","","","","","","","","",""
"63038","2025-09-24 22:35:56 -12","ORDER_CANCEL","CLIENT_REQUEST","","","","","","","","","","","","","","","","",""
"63039","2025-09-24 22:35:56 -12","ORDER_CANCEL","CLIENT_REQUEST","","","","","","","","","","","","","","","","",""
"63040","2025-09-24 22:35:56 -12","ORDER_CANCEL","CLIENT_REQUEST","","","","","","","","","","","","","","","","",""
"63041","2025-09-24 22:35:57 -12","ORDER_CANCEL","CLIENT_REQUEST","","","","","","","","","","","","","","","","",""
"63042","2025-09-24 22:35:58 -12","MARKET_IF_TOUCHED_ORDER","CLIENT_ORDER","EUR/USD","1.17548","1000.00","Buy","","1.17501","","1.17579","","","","","","","","",""
"63043","2025-09-24 22:35:58 -12","MARKET_IF_TOUCHED_ORDER","CLIENT_ORDER","EUR/USD","1.17440","1000.00","Sell","","1.17487","","1.17409","","","","","","","","",""
"63044","2025-09-24 22:35:58 -12","MARKET_IF_TOUCHED_ORDER","CLIENT_ORDER","EUR/USD","1.17598","1000.00","Buy","","1.17551","","1.17629","","","","","","","","",""
"63045","2025-09-24 22:35:59 -12","MARKET_IF_TOUCHED_ORDER","CLIENT_ORDER","EUR/USD","1.17390","1000.00","Sell","","1.17437","","1.17359","","","","","","","","",""
"63046","2025-09-24 22:35:59 -12","MARKET_IF_TOUCHED_ORDER","CLIENT_ORDER","EUR/USD","1.17648","1000.00","Buy","","1.17601","","1.17679","","","","","","","","",""
"63047","2025-09-24 22:35:59 -12","MARKET_IF_TOUCHED_ORDER","CLIENT_ORDER","EUR/USD","1.17340","1000.00","Sell","","1.17387","","1.17309","","","","","","","","",""
"63048","2025-09-24 22:35:59 -12","MARKET_IF_TOUCHED_ORDER","CLIENT_ORDER","EUR/USD","1.17698","1000.00","Buy","","1.17651","","1.17729","","","","","","","","",""
"63049","2025-09-24 22:36:00 -12","MARKET_IF_TOUCHED_ORDER","CLIENT_ORDER","EUR/USD","1.17290","1000.00","Sell","","1.17337","","1.17259","","","","","","","","",""
"63050","2025-09-24 22:36:00 -12","MARKET_IF_TOUCHED_ORDER","CLIENT_ORDER","EUR/USD","1.17748","1000.00","Buy","","1.17701","","1.17779","","","","","","","","",""
"63051","2025-09-24 22:36:00 -12","MARKET_IF_TOUCHED_ORDER","CLIENT_ORDER","EUR/USD","1.17240","1000.00","Sell","","1.17287","","1.17209","","","","","","","","",""
"63052","2025-09-24 22:38:01 -12","ORDER_CANCEL","CLIENT_REQUEST","","","","","","","","","","","","","","","","",""
"63053","2025-09-24 22:38:01 -12","ORDER_CANCEL","CLIENT_REQUEST","","","","","","","","","","","","","","","","",""
"63054","2025-09-24 22:38:02 -12","ORDER_CANCEL","CLIENT_REQUEST","","","","","","","","","","","","","","","","",""
"63055","2025-09-24 22:38:02 -12","ORDER_CANCEL","CLIENT_REQUEST","","","","","","","","","","","","","","","","",""
"63056","2025-09-24 22:38:02 -12","ORDER_CANCEL","CLIENT_REQUEST","","","","","","","","","","","","","","","","",""
"63057","2025-09-24 22:38:02 -12","ORDER_CANCEL","CLIENT_REQUEST","","","","","","","","","","","","","","","","",""
"63058","2025-09-24 22:38:03 -12","ORDER_CANCEL","CLIENT_REQUEST","","","","","","","","","","","","","","","","",""
"63059","2025-09-24 22:38:03 -12","ORDER_CANCEL","CLIENT_REQUEST","","","","","","","","","","","","","","","","",""
"63060","2025-09-24 22:38:03 -12","ORDER_CANCEL","CLIENT_REQUEST","","","","","","","","","","","","","","","","",""
"63061","2025-09-24 22:38:03 -12","ORDER_CANCEL","CLIENT_REQUEST","","","","","","","","","","","","","","","","",""
"63062","2025-09-24 22:38:05 -12","MARKET_IF_TOUCHED_ORDER","CLIENT_ORDER","EUR/USD","1.17548","1000.00","Buy","","1.17501","","1.17579","","","","","","","","",""
"63063","2025-09-24 22:38:05 -12","MARKET_IF_TOUCHED_ORDER","CLIENT_ORDER","EUR/USD","1.17440","1000.00","Sell","","1.17487","","1.17409","","","","","","","","",""
"63064","2025-09-24 22:38:06 -12","MARKET_IF_TOUCHED_ORDER","CLIENT_ORDER","EUR/USD","1.17598","1000.00","Buy","","1.17551","","1.17629","","","","","","","","",""
"63065","2025-09-24 22:38:06 -12","MARKET_IF_TOUCHED_ORDER","CLIENT_ORDER","EUR/USD","1.17390","1000.00","Sell","","1.17437","","1.17359","","","","","","","","",""
"63066","2025-09-24 22:38:06 -12","MARKET_IF_TOUCHED_ORDER","CLIENT_ORDER","EUR/USD","1.17648","1000.00","Buy","","1.17601","","1.17679","","","","","","","","",""
"63067","2025-09-24 22:38:07 -12","MARKET_IF_TOUCHED_ORDER","CLIENT_ORDER","EUR/USD","1.17340","1000.00","Sell","","1.17387","","1.17309","","","","","","","","",""
"63068","2025-09-24 22:38:07 -12","MARKET_IF_TOUCHED_ORDER","CLIENT_ORDER","EUR/USD","1.17698","1000.00","Buy","","1.17651","","1.17729","","","","","","","","",""
"63069","2025-09-24 22:38:07 -12","MARKET_IF_TOUCHED_ORDER","CLIENT_ORDER","EUR/USD","1.17290","1000.00","Sell","","1.17337","","1.17259","","","","","","","","",""
"63070","2025-09-24 22:38:07 -12","MARKET_IF_TOUCHED_ORDER","CLIENT_ORDER","EUR/USD","1.17748","1000.00","Buy","","1.17701","","1.17779","","","","","","","","",""
"63071","2025-09-24 22:38:08 -12","MARKET_IF_TOUCHED_ORDER","CLIENT_ORDER","EUR/USD","1.17240","1000.00","Sell","","1.17287","","1.17209","","","","","","","","",""
"63072","2025-09-24 22:40:08 -12","ORDER_CANCEL","CLIENT_REQUEST","","","","","","","","","","","","","","","","",""
"63073","2025-09-24 22:40:08 -12","ORDER_CANCEL","CLIENT_REQUEST","","","","","","","","","","","","","","","","",""
"63074","2025-09-24 22:40:09 -12","ORDER_CANCEL","CLIENT_REQUEST","","","","","","","","","","","","","","","","",""
"63075","2025-09-24 22:40:09 -12","ORDER_CANCEL","CLIENT_REQUEST","","","","","","","","","","","","","","","","",""
"63076","2025-09-24 22:40:09 -12","ORDER_CANCEL","CLIENT_REQUEST","","","","","","","","","","","","","","","","",""
"63077","2025-09-24 22:40:09 -12","ORDER_CANCEL","CLIENT_REQUEST","","","","","","","","","","","","","","","","",""
"63078","2025-09-24 22:40:10 -12","ORDER_CANCEL","CLIENT_REQUEST","","","","","","","","","","","","","","","","",""
"63079","2025-09-24 22:40:10 -12","ORDER_CANCEL","CLIENT_REQUEST","","","","","","","","","","","","","","","","",""
"63080","2025-09-24 22:40:10 -12","ORDER_CANCEL","CLIENT_REQUEST","","","","","","","","","","","","","","","","",""
"63081","2025-09-24 22:40:11 -12","ORDER_CANCEL","CLIENT_REQUEST","","","","","","","","","","","","","","","","",""
"63082","2025-09-24 22:40:12 -12","MARKET_IF_TOUCHED_ORDER","CLIENT_ORDER","EUR/USD","1.17548","1000.00","Buy","","1.17503","","1.17578","","","","","","","","",""
"63083","2025-09-24 22:40:12 -12","MARKET_IF_TOUCHED_ORDER","CLIENT_ORDER","EUR/USD","1.17440","1000.00","Sell","","1.17485","","1.17410","","","","","","","","",""
"63084","2025-09-24 22:40:12 -12","MARKET_IF_TOUCHED_ORDER","CLIENT_ORDER","EUR/USD","1.17598","1000.00","Buy","","1.17553","","1.17628","","","","","","","","",""
"63085","2025-09-24 22:40:13 -12","MARKET_IF_TOUCHED_ORDER","CLIENT_ORDER","EUR/USD","1.17390","1000.00","Sell","","1.17435","","1.17360","","","","","","","","",""
"63086","2025-09-24 22:40:13 -12","MARKET_IF_TOUCHED_ORDER","CLIENT_ORDER","EUR/USD","1.17648","1000.00","Buy","","1.17603","","1.17678","","","","","","","","",""
"63087","2025-09-24 22:40:13 -12","MARKET_IF_TOUCHED_ORDER","CLIENT_ORDER","EUR/USD","1.17340","1000.00","Sell","","1.17385","","1.17310","","","","","","","","",""
"63088","2025-09-24 22:40:13 -12","MARKET_IF_TOUCHED_ORDER","CLIENT_ORDER","EUR/USD","1.17698","1000.00","Buy","","1.17653","","1.17728","","","","","","","","",""
"63089","2025-09-24 22:40:14 -12","MARKET_IF_TOUCHED_ORDER","CLIENT_ORDER","EUR/USD","1.17290","1000.00","Sell","","1.17335","","1.17260","","","","","","","","",""
"63090","2025-09-24 22:40:14 -12","MARKET_IF_TOUCHED_ORDER","CLIENT_ORDER","EUR/USD","1.17748","1000.00","Buy","","1.17703","","1.17778","","","","","","","","",""
"63091","2025-09-24 22:40:14 -12","MARKET_IF_TOUCHED_ORDER","CLIENT_ORDER","EUR/USD","1.17240","1000.00","Sell","","1.17285","","1.17210","","","","","","","","",""